[
{
  "model": "wagtail_localize.translatableobject",
  "pk": "17d0583c-f397-4de4-938d-4bfe28c958c0",
  "fields": {
    "content_type": [
      "cms_site",
      "collectionitemfinishing"
    ]
  }
},
{
  "model": "wagtail_localize.translatableobject",
  "pk": "1aef47c1-bd58-4601-a029-213a8c51d3bb",
  "fields": {
    "content_type": [
      "cms_site",
      "collectionitemfinishing"
    ]
  }
},
{
  "model": "wagtail_localize.translatableobject",
  "pk": "1d10dca5-a4af-4a15-85b8-a9996436c568",
  "fields": {
    "content_type": [
      "cms_site",
      "collectionitemfinishing"
    ]
  }
},
{
  "model": "wagtail_localize.translatableobject",
  "pk": "1ee9a4ab-b2f0-4139-8016-0ccd92e7f450",
  "fields": {
    "content_type": [
      "cms_site",
      "collectionitemfinishing"
    ]
  }
},
{
  "model": "wagtail_localize.translatableobject",
  "pk": "222fdc19-7cfb-4139-87ee-124bb49d0cf5",
  "fields": {
    "content_type": [
      "cms_site",
      "collectionitemfinishing"
    ]
  }
},
{
  "model": "wagtail_localize.translatableobject",
  "pk": "36659b27-e17a-4180-9750-10f7c9c7b932",
  "fields": {
    "content_type": [
      "cms_site",
      "collectionitemfinishing"
    ]
  }
},
{
  "model": "wagtail_localize.translatableobject",
  "pk": "44a87b72-1e3b-4efc-8a35-143a47328a1f",
  "fields": {
    "content_type": [
      "cms_site",
      "collectionitemfinishing"
    ]
  }
},
{
  "model": "wagtail_localize.translatableobject",
  "pk": "4808f2d4-e966-4b08-8646-60eeb5e13c8b",
  "fields": {
    "content_type": [
      "cms_site",
      "collectionitemfinishing"
    ]
  }
},
{
  "model": "wagtail_localize.translatableobject",
  "pk": "4a084b27-1269-4d7d-9255-05b489c522c0",
  "fields": {
    "content_type": [
      "cms_site",
      "collectionitemfinishing"
    ]
  }
},
{
  "model": "wagtail_localize.translatableobject",
  "pk": "50b03c86-7e9d-4873-8df8-49cbd3f0f4d6",
  "fields": {
    "content_type": [
      "cms_site",
      "collectionitemfinishing"
    ]
  }
},
{
  "model": "wagtail_localize.translatableobject",
  "pk": "576df22e-7e06-4901-a897-5b510bc9db68",
  "fields": {
    "content_type": [
      "cms_site",
      "collectionitemfinishing"
    ]
  }
},
{
  "model": "wagtail_localize.translatableobject",
  "pk": "6095c5cd-ddd7-4ef6-b73a-b2712db863cb",
  "fields": {
    "content_type": [
      "cms_site",
      "collectionitemfinishing"
    ]
  }
},
{
  "model": "wagtail_localize.translatableobject",
  "pk": "6c80da38-a532-4845-86e5-1a8bdb20ed97",
  "fields": {
    "content_type": [
      "cms_site",
      "collectionitemfinishing"
    ]
  }
},
{
  "model": "wagtail_localize.translatableobject",
  "pk": "7721b947-9334-4315-b8aa-efff03bb8fee",
  "fields": {
    "content_type": [
      "cms_site",
      "collectionitemfinishing"
    ]
  }
},
{
  "model": "wagtail_localize.translatableobject",
  "pk": "7c72987d-bf00-44cc-a5aa-3f1589b2da68",
  "fields": {
    "content_type": [
      "cms_site",
      "collectionitemfinishing"
    ]
  }
},
{
  "model": "wagtail_localize.translatableobject",
  "pk": "82ddb93a-2345-471d-a61e-9b6ffc771889",
  "fields": {
    "content_type": [
      "cms_site",
      "collectionitemfinishing"
    ]
  }
},
{
  "model": "wagtail_localize.translatableobject",
  "pk": "8aff345e-ae13-48c6-b04a-80cfe1f60bc1",
  "fields": {
    "content_type": [
      "cms_site",
      "collectionitemfinishing"
    ]
  }
},
{
  "model": "wagtail_localize.translatableobject",
  "pk": "8b8ce4f1-c669-4823-b7ad-1fc2867be6ad",
  "fields": {
    "content_type": [
      "cms_site",
      "collectionitemfinishing"
    ]
  }
},
{
  "model": "wagtail_localize.translatableobject",
  "pk": "8dfcadbd-7181-4642-9f69-340d6196cd86",
  "fields": {
    "content_type": [
      "cms_site",
      "collectionitemfinishing"
    ]
  }
},
{
  "model": "wagtail_localize.translatableobject",
  "pk": "8ebaf4da-8371-4a93-b21b-a8da2762f469",
  "fields": {
    "content_type": [
      "cms_site",
      "collectionitemfinishing"
    ]
  }
},
{
  "model": "wagtail_localize.translatableobject",
  "pk": "8fe7c215-eb80-4a83-ac46-0c652873db16",
  "fields": {
    "content_type": [
      "cms_site",
      "collectionitemfinishing"
    ]
  }
},
{
  "model": "wagtail_localize.translatableobject",
  "pk": "9cb54c5b-48b9-455f-b4b5-63d7563fd96e",
  "fields": {
    "content_type": [
      "cms_site",
      "collectionitemfinishing"
    ]
  }
},
{
  "model": "wagtail_localize.translatableobject",
  "pk": "9e65e943-e90e-425f-98a0-473c822cb4ff",
  "fields": {
    "content_type": [
      "cms_site",
      "collectionitemtype"
    ]
  }
},
{
  "model": "wagtail_localize.translatableobject",
  "pk": "a882ffd7-83c7-4bb3-a137-33ed2ce78074",
  "fields": {
    "content_type": [
      "cms_site",
      "collectionitemfinishing"
    ]
  }
},
{
  "model": "wagtail_localize.translatableobject",
  "pk": "a9d322e6-0497-40b8-879f-0411399b84e6",
  "fields": {
    "content_type": [
      "cms_site",
      "collectionitemfinishing"
    ]
  }
},
{
  "model": "wagtail_localize.translatableobject",
  "pk": "abf4e6c7-1c2c-468a-914c-c5a1246d6057",
  "fields": {
    "content_type": [
      "cms_site",
      "collectionitemfinishing"
    ]
  }
},
{
  "model": "wagtail_localize.translatableobject",
  "pk": "b567edfa-f59b-4f82-b12f-889504f1f6b6",
  "fields": {
    "content_type": [
      "cms_site",
      "collectionitemfinishing"
    ]
  }
},
{
  "model": "wagtail_localize.translatableobject",
  "pk": "b9273aa3-3982-4314-98ae-0a72d7b6ffa2",
  "fields": {
    "content_type": [
      "cms_site",
      "collectionitemfinishing"
    ]
  }
},
{
  "model": "wagtail_localize.translatableobject",
  "pk": "be14f0fb-af71-447b-ba06-869bd202ced3",
  "fields": {
    "content_type": [
      "cms_site",
      "collectionitemfinishing"
    ]
  }
},
{
  "model": "wagtail_localize.translatableobject",
  "pk": "c1ff24e8-685b-4d1a-98fa-c4eb2afa0f2d",
  "fields": {
    "content_type": [
      "cms_site",
      "collectionitemfinishing"
    ]
  }
},
{
  "model": "wagtail_localize.translatableobject",
  "pk": "c2697a21-157a-4c0d-bf47-13ee0f9a82f0",
  "fields": {
    "content_type": [
      "cms_site",
      "collectionitemfinishing"
    ]
  }
},
{
  "model": "wagtail_localize.translatableobject",
  "pk": "cbf1099f-57c1-4bdd-beae-1b1eb6602e3c",
  "fields": {
    "content_type": [
      "wagtailcore",
      "page"
    ]
  }
},
{
  "model": "wagtail_localize.translatableobject",
  "pk": "ceb9dbd2-49aa-4667-be90-cc88d93cd4fe",
  "fields": {
    "content_type": [
      "cms_site",
      "collectionitemfinishing"
    ]
  }
},
{
  "model": "wagtail_localize.translatableobject",
  "pk": "d8626d4a-bb6c-4216-819d-0e58a8b540a6",
  "fields": {
    "content_type": [
      "cms_site",
      "collectionitemfinishing"
    ]
  }
},
{
  "model": "wagtail_localize.translatableobject",
  "pk": "dad5f225-030c-4f37-8430-bfdb635cbb00",
  "fields": {
    "content_type": [
      "cms_site",
      "collectionitemfinishing"
    ]
  }
},
{
  "model": "wagtail_localize.translatableobject",
  "pk": "e182d5ab-cd32-4832-9760-43b6cc174cd0",
  "fields": {
    "content_type": [
      "cms_site",
      "collectionitemfinishing"
    ]
  }
},
{
  "model": "wagtail_localize.translatableobject",
  "pk": "e1e5bdc6-23a7-4bf8-a535-958db776e532",
  "fields": {
    "content_type": [
      "cms_site",
      "collectionitemfinishing"
    ]
  }
},
{
  "model": "wagtail_localize.translatableobject",
  "pk": "e35734f9-8050-44e8-bf07-aa8bde8ff4af",
  "fields": {
    "content_type": [
      "cms_site",
      "collectionitemfinishing"
    ]
  }
},
{
  "model": "wagtail_localize.translatableobject",
  "pk": "ee934808-bee8-4a3d-8eee-d7eebb3fc8ab",
  "fields": {
    "content_type": [
      "cms_site",
      "collectionitemtype"
    ]
  }
},
{
  "model": "wagtail_localize.translatableobject",
  "pk": "f5e7a61e-c556-445c-90b1-1fb18440058a",
  "fields": {
    "content_type": [
      "cms_site",
      "collectionitemfinishing"
    ]
  }
},
{
  "model": "wagtail_localize.translatableobject",
  "pk": "f66f4846-7110-4b20-9db9-1cd76c3ef006",
  "fields": {
    "content_type": [
      "cms_site",
      "collectionitemfinishing"
    ]
  }
},
{
  "model": "wagtail_localize.translatableobject",
  "pk": "fd244d3e-8f9b-4683-9f1b-b8666b1e58e5",
  "fields": {
    "content_type": [
      "cms_site",
      "collectionitemfinishing"
    ]
  }
},
{
  "model": "wagtail_localize.translationsource",
  "pk": 1,
  "fields": {
    "object": "cbf1099f-57c1-4bdd-beae-1b1eb6602e3c",
    "specific_content_type": [
      "cms_site",
      "homepage"
    ],
    "locale": 1,
    "object_repr": "Eslògan de portada",
    "content_json": "{\"pk\": 2, \"path\": \"00010001\", \"depth\": 2, \"numchild\": 0, \"translation_key\": \"cbf1099f-57c1-4bdd-beae-1b1eb6602e3c\", \"locale\": 1, \"title\": \"Esl\\u00f2gan de portada\", \"draft_title\": \"Esl\\u00f2gan de portada\", \"slug\": \"home\", \"content_type\": 5, \"live\": true, \"has_unpublished_changes\": false, \"url_path\": \"/home/\", \"owner\": null, \"seo_title\": \"\", \"show_in_menus\": false, \"search_description\": \"\", \"go_live_at\": null, \"expire_at\": null, \"expired\": false, \"locked\": false, \"locked_at\": null, \"locked_by\": null, \"first_published_at\": \"2022-08-10T13:56:15.151Z\", \"last_published_at\": \"2022-08-10T13:56:15.151Z\", \"latest_revision_created_at\": \"2022-08-10T13:56:15.122Z\", \"live_revision\": 1, \"alias_of\": null, \"overlay_title\": \"Nou disseny de llit pel teu dormitori\", \"overlay_body\": \"Est\\u00e0 compost per un cap\\u00e7al de llistons de grossors diferents i una base retroil\\u00b7luminada pel matal\\u00e0s. Tens l'opci\\u00f3 de complementar-la amb les tauletes de la col\\u00b7lecci\\u00f3 New Area Collection.\", \"overlay_button_text\": \"Veure col\\u00b7lecci\\u00f3\", \"overlay_button_page\": null, \"overlay_image\": 1, \"collection_1_title\": \"\", \"collection_1_image\": null, \"collection_1_page\": null, \"collection_2_title\": \"\", \"collection_2_image\": null, \"collection_2_page\": null, \"collection_3_title\": \"\", \"collection_3_image\": null, \"collection_3_page\": null, \"custom_projects_title\": \"\", \"custom_projects_image\": null, \"custom_projects_page\": null, \"display_instagram_feed\": true, \"display_header_highlight\": true, \"wagtail_admin_comments\": []}",
    "schema_version": "0009_remove_collection_name_and_more",
    "created_at": "2022-08-10T13:58:40.067Z",
    "last_updated_at": "2022-08-10T13:58:40.064Z"
  }
},
{
  "model": "wagtail_localize.translationsource",
  "pk": 2,
  "fields": {
    "object": "36659b27-e17a-4180-9750-10f7c9c7b932",
    "specific_content_type": [
      "cms_site",
      "collectionitemfinishing"
    ],
    "locale": 1,
    "object_repr": "Roure 0",
    "content_json": "{\"pk\": 1, \"translation_key\": \"36659b27-e17a-4180-9750-10f7c9c7b932\", \"locale\": 1, \"name\": \"Roure 0\"}",
    "schema_version": "0009_remove_collection_name_and_more",
    "created_at": "2022-08-11T08:25:37.614Z",
    "last_updated_at": "2022-08-11T08:25:37.608Z"
  }
},
{
  "model": "wagtail_localize.translationsource",
  "pk": 3,
  "fields": {
    "object": "e35734f9-8050-44e8-bf07-aa8bde8ff4af",
    "specific_content_type": [
      "cms_site",
      "collectionitemfinishing"
    ],
    "locale": 1,
    "object_repr": "Roure 30",
    "content_json": "{\"pk\": 2, \"translation_key\": \"e35734f9-8050-44e8-bf07-aa8bde8ff4af\", \"locale\": 1, \"name\": \"Roure 30\"}",
    "schema_version": "0009_remove_collection_name_and_more",
    "created_at": "2022-08-11T08:26:57.764Z",
    "last_updated_at": "2022-08-11T08:26:57.760Z"
  }
},
{
  "model": "wagtail_localize.translationsource",
  "pk": 4,
  "fields": {
    "object": "6095c5cd-ddd7-4ef6-b73a-b2712db863cb",
    "specific_content_type": [
      "cms_site",
      "collectionitemfinishing"
    ],
    "locale": 1,
    "object_repr": "Roure 60",
    "content_json": "{\"pk\": 3, \"translation_key\": \"6095c5cd-ddd7-4ef6-b73a-b2712db863cb\", \"locale\": 1, \"name\": \"Roure 60\"}",
    "schema_version": "0009_remove_collection_name_and_more",
    "created_at": "2022-08-11T08:27:52.870Z",
    "last_updated_at": "2022-08-11T08:27:52.867Z"
  }
},
{
  "model": "wagtail_localize.translationsource",
  "pk": 5,
  "fields": {
    "object": "e182d5ab-cd32-4832-9760-43b6cc174cd0",
    "specific_content_type": [
      "cms_site",
      "collectionitemfinishing"
    ],
    "locale": 1,
    "object_repr": "Roure 90",
    "content_json": "{\"pk\": 4, \"translation_key\": \"e182d5ab-cd32-4832-9760-43b6cc174cd0\", \"locale\": 1, \"name\": \"Roure 90\"}",
    "schema_version": "0009_remove_collection_name_and_more",
    "created_at": "2022-08-11T08:28:10.532Z",
    "last_updated_at": "2022-08-11T08:28:10.529Z"
  }
},
{
  "model": "wagtail_localize.translationsource",
  "pk": 6,
  "fields": {
    "object": "be14f0fb-af71-447b-ba06-869bd202ced3",
    "specific_content_type": [
      "cms_site",
      "collectionitemfinishing"
    ],
    "locale": 1,
    "object_repr": "Roure 75",
    "content_json": "{\"pk\": 5, \"translation_key\": \"be14f0fb-af71-447b-ba06-869bd202ced3\", \"locale\": 1, \"name\": \"Roure 75\"}",
    "schema_version": "0009_remove_collection_name_and_more",
    "created_at": "2022-08-11T08:28:26.177Z",
    "last_updated_at": "2022-08-11T08:28:26.174Z"
  }
},
{
  "model": "wagtail_localize.translationsource",
  "pk": 7,
  "fields": {
    "object": "1ee9a4ab-b2f0-4139-8016-0ccd92e7f450",
    "specific_content_type": [
      "cms_site",
      "collectionitemfinishing"
    ],
    "locale": 1,
    "object_repr": "Roure 15",
    "content_json": "{\"pk\": 6, \"translation_key\": \"1ee9a4ab-b2f0-4139-8016-0ccd92e7f450\", \"locale\": 1, \"name\": \"Roure 15\"}",
    "schema_version": "0009_remove_collection_name_and_more",
    "created_at": "2022-08-11T08:28:42.518Z",
    "last_updated_at": "2022-08-11T08:28:42.515Z"
  }
},
{
  "model": "wagtail_localize.translationsource",
  "pk": 8,
  "fields": {
    "object": "7c72987d-bf00-44cc-a5aa-3f1589b2da68",
    "specific_content_type": [
      "cms_site",
      "collectionitemfinishing"
    ],
    "locale": 1,
    "object_repr": "Roure 20",
    "content_json": "{\"pk\": 7, \"translation_key\": \"7c72987d-bf00-44cc-a5aa-3f1589b2da68\", \"locale\": 1, \"name\": \"Roure 20\"}",
    "schema_version": "0009_remove_collection_name_and_more",
    "created_at": "2022-08-11T08:29:01.646Z",
    "last_updated_at": "2022-08-11T08:29:01.641Z"
  }
},
{
  "model": "wagtail_localize.translationsource",
  "pk": 9,
  "fields": {
    "object": "1aef47c1-bd58-4601-a029-213a8c51d3bb",
    "specific_content_type": [
      "cms_site",
      "collectionitemfinishing"
    ],
    "locale": 1,
    "object_repr": "Eucaliptus",
    "content_json": "{\"pk\": 8, \"translation_key\": \"1aef47c1-bd58-4601-a029-213a8c51d3bb\", \"locale\": 1, \"name\": \"Eucaliptus\"}",
    "schema_version": "0009_remove_collection_name_and_more",
    "created_at": "2022-08-11T08:29:26.069Z",
    "last_updated_at": "2022-08-11T08:29:26.067Z"
  }
},
{
  "model": "wagtail_localize.translationsource",
  "pk": 10,
  "fields": {
    "object": "44a87b72-1e3b-4efc-8a35-143a47328a1f",
    "specific_content_type": [
      "cms_site",
      "collectionitemfinishing"
    ],
    "locale": 1,
    "object_repr": "Noguera 06",
    "content_json": "{\"pk\": 9, \"translation_key\": \"44a87b72-1e3b-4efc-8a35-143a47328a1f\", \"locale\": 1, \"name\": \"Noguera 06\"}",
    "schema_version": "0009_remove_collection_name_and_more",
    "created_at": "2022-08-11T08:29:39.509Z",
    "last_updated_at": "2022-08-11T08:29:39.507Z"
  }
},
{
  "model": "wagtail_localize.translationsource",
  "pk": 11,
  "fields": {
    "object": "9cb54c5b-48b9-455f-b4b5-63d7563fd96e",
    "specific_content_type": [
      "cms_site",
      "collectionitemfinishing"
    ],
    "locale": 1,
    "object_repr": "Noguera 02",
    "content_json": "{\"pk\": 10, \"translation_key\": \"9cb54c5b-48b9-455f-b4b5-63d7563fd96e\", \"locale\": 1, \"name\": \"Noguera 02\"}",
    "schema_version": "0009_remove_collection_name_and_more",
    "created_at": "2022-08-11T08:29:56.902Z",
    "last_updated_at": "2022-08-11T08:29:56.899Z"
  }
},
{
  "model": "wagtail_localize.translationsource",
  "pk": 12,
  "fields": {
    "object": "b567edfa-f59b-4f82-b12f-889504f1f6b6",
    "specific_content_type": [
      "cms_site",
      "collectionitemfinishing"
    ],
    "locale": 1,
    "object_repr": "Noguera 07",
    "content_json": "{\"pk\": 11, \"translation_key\": \"b567edfa-f59b-4f82-b12f-889504f1f6b6\", \"locale\": 1, \"name\": \"Noguera 07\"}",
    "schema_version": "0009_remove_collection_name_and_more",
    "created_at": "2022-08-11T08:30:10.370Z",
    "last_updated_at": "2022-08-11T08:30:10.367Z"
  }
},
{
  "model": "wagtail_localize.translationsource",
  "pk": 13,
  "fields": {
    "object": "576df22e-7e06-4901-a897-5b510bc9db68",
    "specific_content_type": [
      "cms_site",
      "collectionitemfinishing"
    ],
    "locale": 1,
    "object_repr": "Noguera 10",
    "content_json": "{\"pk\": 12, \"translation_key\": \"576df22e-7e06-4901-a897-5b510bc9db68\", \"locale\": 1, \"name\": \"Noguera 10\"}",
    "schema_version": "0009_remove_collection_name_and_more",
    "created_at": "2022-08-11T08:30:22.455Z",
    "last_updated_at": "2022-08-11T08:30:22.453Z"
  }
},
{
  "model": "wagtail_localize.translationsource",
  "pk": 14,
  "fields": {
    "object": "f5e7a61e-c556-445c-90b1-1fb18440058a",
    "specific_content_type": [
      "cms_site",
      "collectionitemfinishing"
    ],
    "locale": 1,
    "object_repr": "Cirerer Noguera",
    "content_json": "{\"pk\": 13, \"translation_key\": \"f5e7a61e-c556-445c-90b1-1fb18440058a\", \"locale\": 1, \"name\": \"Cirerer Noguera\"}",
    "schema_version": "0009_remove_collection_name_and_more",
    "created_at": "2022-08-11T08:30:36.555Z",
    "last_updated_at": "2022-08-11T08:30:36.553Z"
  }
},
{
  "model": "wagtail_localize.translationsource",
  "pk": 15,
  "fields": {
    "object": "50b03c86-7e9d-4873-8df8-49cbd3f0f4d6",
    "specific_content_type": [
      "cms_site",
      "collectionitemfinishing"
    ],
    "locale": 1,
    "object_repr": "Cirerer Natural",
    "content_json": "{\"pk\": 14, \"translation_key\": \"50b03c86-7e9d-4873-8df8-49cbd3f0f4d6\", \"locale\": 1, \"name\": \"Cirerer Natural\"}",
    "schema_version": "0009_remove_collection_name_and_more",
    "created_at": "2022-08-11T08:30:51.080Z",
    "last_updated_at": "2022-08-11T08:30:51.073Z"
  }
},
{
  "model": "wagtail_localize.translationsource",
  "pk": 16,
  "fields": {
    "object": "ceb9dbd2-49aa-4667-be90-cc88d93cd4fe",
    "specific_content_type": [
      "cms_site",
      "collectionitemfinishing"
    ],
    "locale": 1,
    "object_repr": "Blanc pur",
    "content_json": "{\"pk\": 15, \"translation_key\": \"ceb9dbd2-49aa-4667-be90-cc88d93cd4fe\", \"locale\": 1, \"name\": \"Blanc pur\"}",
    "schema_version": "0009_remove_collection_name_and_more",
    "created_at": "2022-08-11T08:31:04.296Z",
    "last_updated_at": "2022-08-11T08:31:04.294Z"
  }
},
{
  "model": "wagtail_localize.translationsource",
  "pk": 17,
  "fields": {
    "object": "4808f2d4-e966-4b08-8646-60eeb5e13c8b",
    "specific_content_type": [
      "cms_site",
      "collectionitemfinishing"
    ],
    "locale": 1,
    "object_repr": "Blanc Marfil",
    "content_json": "{\"pk\": 16, \"translation_key\": \"4808f2d4-e966-4b08-8646-60eeb5e13c8b\", \"locale\": 1, \"name\": \"Blanc Marfil\"}",
    "schema_version": "0009_remove_collection_name_and_more",
    "created_at": "2022-08-11T08:31:17.073Z",
    "last_updated_at": "2022-08-11T08:31:17.071Z"
  }
},
{
  "model": "wagtail_localize.translationsource",
  "pk": 18,
  "fields": {
    "object": "8dfcadbd-7181-4642-9f69-340d6196cd86",
    "specific_content_type": [
      "cms_site",
      "collectionitemfinishing"
    ],
    "locale": 1,
    "object_repr": "Beix Natural",
    "content_json": "{\"pk\": 17, \"translation_key\": \"8dfcadbd-7181-4642-9f69-340d6196cd86\", \"locale\": 1, \"name\": \"Beix Natural\"}",
    "schema_version": "0009_remove_collection_name_and_more",
    "created_at": "2022-08-11T08:31:30.971Z",
    "last_updated_at": "2022-08-11T08:31:30.968Z"
  }
},
{
  "model": "wagtail_localize.translationsource",
  "pk": 19,
  "fields": {
    "object": "1d10dca5-a4af-4a15-85b8-a9996436c568",
    "specific_content_type": [
      "cms_site",
      "collectionitemfinishing"
    ],
    "locale": 1,
    "object_repr": "Beix Pastel",
    "content_json": "{\"pk\": 18, \"translation_key\": \"1d10dca5-a4af-4a15-85b8-a9996436c568\", \"locale\": 1, \"name\": \"Beix Pastel\"}",
    "schema_version": "0009_remove_collection_name_and_more",
    "created_at": "2022-08-11T08:31:48.725Z",
    "last_updated_at": "2022-08-11T08:31:48.723Z"
  }
},
{
  "model": "wagtail_localize.translationsource",
  "pk": 20,
  "fields": {
    "object": "82ddb93a-2345-471d-a61e-9b6ffc771889",
    "specific_content_type": [
      "cms_site",
      "collectionitemfinishing"
    ],
    "locale": 1,
    "object_repr": "Beix Sorra",
    "content_json": "{\"pk\": 19, \"translation_key\": \"82ddb93a-2345-471d-a61e-9b6ffc771889\", \"locale\": 1, \"name\": \"Beix Sorra\"}",
    "schema_version": "0009_remove_collection_name_and_more",
    "created_at": "2022-08-11T08:32:05.622Z",
    "last_updated_at": "2022-08-11T08:32:05.620Z"
  }
},
{
  "model": "wagtail_localize.translationsource",
  "pk": 21,
  "fields": {
    "object": "c2697a21-157a-4c0d-bf47-13ee0f9a82f0",
    "specific_content_type": [
      "cms_site",
      "collectionitemfinishing"
    ],
    "locale": 1,
    "object_repr": "Beix Sílex",
    "content_json": "{\"pk\": 20, \"translation_key\": \"c2697a21-157a-4c0d-bf47-13ee0f9a82f0\", \"locale\": 1, \"name\": \"Beix S\\u00edlex\"}",
    "schema_version": "0009_remove_collection_name_and_more",
    "created_at": "2022-08-11T08:32:27.197Z",
    "last_updated_at": "2022-08-11T08:32:27.194Z"
  }
},
{
  "model": "wagtail_localize.translationsource",
  "pk": 22,
  "fields": {
    "object": "b9273aa3-3982-4314-98ae-0a72d7b6ffa2",
    "specific_content_type": [
      "cms_site",
      "collectionitemfinishing"
    ],
    "locale": 1,
    "object_repr": "Gris Nòrdic",
    "content_json": "{\"pk\": 21, \"translation_key\": \"b9273aa3-3982-4314-98ae-0a72d7b6ffa2\", \"locale\": 1, \"name\": \"Gris N\\u00f2rdic\"}",
    "schema_version": "0009_remove_collection_name_and_more",
    "created_at": "2022-08-11T08:32:43.958Z",
    "last_updated_at": "2022-08-11T08:32:43.956Z"
  }
},
{
  "model": "wagtail_localize.translationsource",
  "pk": 23,
  "fields": {
    "object": "222fdc19-7cfb-4139-87ee-124bb49d0cf5",
    "specific_content_type": [
      "cms_site",
      "collectionitemfinishing"
    ],
    "locale": 1,
    "object_repr": "Gris Terra",
    "content_json": "{\"pk\": 22, \"translation_key\": \"222fdc19-7cfb-4139-87ee-124bb49d0cf5\", \"locale\": 1, \"name\": \"Gris Terra\"}",
    "schema_version": "0009_remove_collection_name_and_more",
    "created_at": "2022-08-11T08:32:57.276Z",
    "last_updated_at": "2022-08-11T08:32:57.274Z"
  }
},
{
  "model": "wagtail_localize.translationsource",
  "pk": 24,
  "fields": {
    "object": "8b8ce4f1-c669-4823-b7ad-1fc2867be6ad",
    "specific_content_type": [
      "cms_site",
      "collectionitemfinishing"
    ],
    "locale": 1,
    "object_repr": "Negre Infinit",
    "content_json": "{\"pk\": 24, \"translation_key\": \"8b8ce4f1-c669-4823-b7ad-1fc2867be6ad\", \"locale\": 1, \"name\": \"Negre Infinit\"}",
    "schema_version": "0009_remove_collection_name_and_more",
    "created_at": "2022-08-11T08:33:23.354Z",
    "last_updated_at": "2022-08-11T08:33:23.352Z"
  }
},
{
  "model": "wagtail_localize.translationsource",
  "pk": 25,
  "fields": {
    "object": "8fe7c215-eb80-4a83-ac46-0c652873db16",
    "specific_content_type": [
      "cms_site",
      "collectionitemfinishing"
    ],
    "locale": 1,
    "object_repr": "Gris Pedra",
    "content_json": "{\"pk\": 26, \"translation_key\": \"8fe7c215-eb80-4a83-ac46-0c652873db16\", \"locale\": 1, \"name\": \"Gris Pedra\"}",
    "schema_version": "0009_remove_collection_name_and_more",
    "created_at": "2022-08-11T08:33:44.968Z",
    "last_updated_at": "2022-08-11T08:33:44.965Z"
  }
},
{
  "model": "wagtail_localize.translationsource",
  "pk": 26,
  "fields": {
    "object": "e1e5bdc6-23a7-4bf8-a535-958db776e532",
    "specific_content_type": [
      "cms_site",
      "collectionitemfinishing"
    ],
    "locale": 1,
    "object_repr": "Gris Plom",
    "content_json": "{\"pk\": 27, \"translation_key\": \"e1e5bdc6-23a7-4bf8-a535-958db776e532\", \"locale\": 1, \"name\": \"Gris Plom\"}",
    "schema_version": "0009_remove_collection_name_and_more",
    "created_at": "2022-08-11T08:33:57.043Z",
    "last_updated_at": "2022-08-11T08:33:57.040Z"
  }
},
{
  "model": "wagtail_localize.translationsource",
  "pk": 27,
  "fields": {
    "object": "d8626d4a-bb6c-4216-819d-0e58a8b540a6",
    "specific_content_type": [
      "cms_site",
      "collectionitemfinishing"
    ],
    "locale": 1,
    "object_repr": "Taronja Terracota",
    "content_json": "{\"pk\": 28, \"translation_key\": \"d8626d4a-bb6c-4216-819d-0e58a8b540a6\", \"locale\": 1, \"name\": \"Taronja Terracota\"}",
    "schema_version": "0009_remove_collection_name_and_more",
    "created_at": "2022-08-11T08:34:22.091Z",
    "last_updated_at": "2022-08-11T08:34:22.089Z"
  }
},
{
  "model": "wagtail_localize.translationsource",
  "pk": 28,
  "fields": {
    "object": "8aff345e-ae13-48c6-b04a-80cfe1f60bc1",
    "specific_content_type": [
      "cms_site",
      "collectionitemfinishing"
    ],
    "locale": 1,
    "object_repr": "Groc Mostassa",
    "content_json": "{\"pk\": 29, \"translation_key\": \"8aff345e-ae13-48c6-b04a-80cfe1f60bc1\", \"locale\": 1, \"name\": \"Groc Mostassa\"}",
    "schema_version": "0009_remove_collection_name_and_more",
    "created_at": "2022-08-11T08:34:59.042Z",
    "last_updated_at": "2022-08-11T08:34:59.037Z"
  }
},
{
  "model": "wagtail_localize.translationsource",
  "pk": 29,
  "fields": {
    "object": "7721b947-9334-4315-b8aa-efff03bb8fee",
    "specific_content_type": [
      "cms_site",
      "collectionitemfinishing"
    ],
    "locale": 1,
    "object_repr": "Blau Fosc",
    "content_json": "{\"pk\": 30, \"translation_key\": \"7721b947-9334-4315-b8aa-efff03bb8fee\", \"locale\": 1, \"name\": \"Blau Fosc\"}",
    "schema_version": "0009_remove_collection_name_and_more",
    "created_at": "2022-08-11T08:35:14.323Z",
    "last_updated_at": "2022-08-11T08:35:14.316Z"
  }
},
{
  "model": "wagtail_localize.translationsource",
  "pk": 30,
  "fields": {
    "object": "abf4e6c7-1c2c-468a-914c-c5a1246d6057",
    "specific_content_type": [
      "cms_site",
      "collectionitemfinishing"
    ],
    "locale": 1,
    "object_repr": "Blau Acer",
    "content_json": "{\"pk\": 31, \"translation_key\": \"abf4e6c7-1c2c-468a-914c-c5a1246d6057\", \"locale\": 1, \"name\": \"Blau Acer\"}",
    "schema_version": "0009_remove_collection_name_and_more",
    "created_at": "2022-08-11T08:35:31.827Z",
    "last_updated_at": "2022-08-11T08:35:31.825Z"
  }
},
{
  "model": "wagtail_localize.translationsource",
  "pk": 31,
  "fields": {
    "object": "a882ffd7-83c7-4bb3-a137-33ed2ce78074",
    "specific_content_type": [
      "cms_site",
      "collectionitemfinishing"
    ],
    "locale": 1,
    "object_repr": "Blau Turquesa",
    "content_json": "{\"pk\": 32, \"translation_key\": \"a882ffd7-83c7-4bb3-a137-33ed2ce78074\", \"locale\": 1, \"name\": \"Blau Turquesa\"}",
    "schema_version": "0009_remove_collection_name_and_more",
    "created_at": "2022-08-11T08:35:49.891Z",
    "last_updated_at": "2022-08-11T08:35:49.889Z"
  }
},
{
  "model": "wagtail_localize.translationsource",
  "pk": 32,
  "fields": {
    "object": "8ebaf4da-8371-4a93-b21b-a8da2762f469",
    "specific_content_type": [
      "cms_site",
      "collectionitemfinishing"
    ],
    "locale": 1,
    "object_repr": "Blau Clar",
    "content_json": "{\"pk\": 33, \"translation_key\": \"8ebaf4da-8371-4a93-b21b-a8da2762f469\", \"locale\": 1, \"name\": \"Blau Clar\"}",
    "schema_version": "0009_remove_collection_name_and_more",
    "created_at": "2022-08-11T08:36:07.378Z",
    "last_updated_at": "2022-08-11T08:36:07.373Z"
  }
},
{
  "model": "wagtail_localize.translationsource",
  "pk": 33,
  "fields": {
    "object": "17d0583c-f397-4de4-938d-4bfe28c958c0",
    "specific_content_type": [
      "cms_site",
      "collectionitemfinishing"
    ],
    "locale": 1,
    "object_repr": "Blau Cel",
    "content_json": "{\"pk\": 34, \"translation_key\": \"17d0583c-f397-4de4-938d-4bfe28c958c0\", \"locale\": 1, \"name\": \"Blau Cel\"}",
    "schema_version": "0009_remove_collection_name_and_more",
    "created_at": "2022-08-11T08:36:22.798Z",
    "last_updated_at": "2022-08-11T08:36:22.795Z"
  }
},
{
  "model": "wagtail_localize.translationsource",
  "pk": 34,
  "fields": {
    "object": "dad5f225-030c-4f37-8430-bfdb635cbb00",
    "specific_content_type": [
      "cms_site",
      "collectionitemfinishing"
    ],
    "locale": 1,
    "object_repr": "Morat Albergínia",
    "content_json": "{\"pk\": 35, \"translation_key\": \"dad5f225-030c-4f37-8430-bfdb635cbb00\", \"locale\": 1, \"name\": \"Morat Alberg\\u00ednia\"}",
    "schema_version": "0009_remove_collection_name_and_more",
    "created_at": "2022-08-11T08:36:36.714Z",
    "last_updated_at": "2022-08-11T08:36:36.712Z"
  }
},
{
  "model": "wagtail_localize.translationsource",
  "pk": 35,
  "fields": {
    "object": "c1ff24e8-685b-4d1a-98fa-c4eb2afa0f2d",
    "specific_content_type": [
      "cms_site",
      "collectionitemfinishing"
    ],
    "locale": 1,
    "object_repr": "Vermell Òxid",
    "content_json": "{\"pk\": 36, \"translation_key\": \"c1ff24e8-685b-4d1a-98fa-c4eb2afa0f2d\", \"locale\": 1, \"name\": \"Vermell \\u00d2xid\"}",
    "schema_version": "0009_remove_collection_name_and_more",
    "created_at": "2022-08-11T08:36:58.409Z",
    "last_updated_at": "2022-08-11T08:36:58.406Z"
  }
},
{
  "model": "wagtail_localize.translationsource",
  "pk": 36,
  "fields": {
    "object": "4a084b27-1269-4d7d-9255-05b489c522c0",
    "specific_content_type": [
      "cms_site",
      "collectionitemfinishing"
    ],
    "locale": 1,
    "object_repr": "Vermell Cirera",
    "content_json": "{\"pk\": 37, \"translation_key\": \"4a084b27-1269-4d7d-9255-05b489c522c0\", \"locale\": 1, \"name\": \"Vermell Cirera\"}",
    "schema_version": "0009_remove_collection_name_and_more",
    "created_at": "2022-08-11T08:37:54.702Z",
    "last_updated_at": "2022-08-11T08:37:54.700Z"
  }
},
{
  "model": "wagtail_localize.translationsource",
  "pk": 37,
  "fields": {
    "object": "fd244d3e-8f9b-4683-9f1b-b8666b1e58e5",
    "specific_content_type": [
      "cms_site",
      "collectionitemfinishing"
    ],
    "locale": 1,
    "object_repr": "Rosa Fosc",
    "content_json": "{\"pk\": 38, \"translation_key\": \"fd244d3e-8f9b-4683-9f1b-b8666b1e58e5\", \"locale\": 1, \"name\": \"Rosa Fosc\"}",
    "schema_version": "0009_remove_collection_name_and_more",
    "created_at": "2022-08-11T08:38:11.117Z",
    "last_updated_at": "2022-08-11T08:38:11.115Z"
  }
},
{
  "model": "wagtail_localize.translationsource",
  "pk": 38,
  "fields": {
    "object": "a9d322e6-0497-40b8-879f-0411399b84e6",
    "specific_content_type": [
      "cms_site",
      "collectionitemfinishing"
    ],
    "locale": 1,
    "object_repr": "Atzabeja",
    "content_json": "{\"pk\": 41, \"translation_key\": \"a9d322e6-0497-40b8-879f-0411399b84e6\", \"locale\": 1, \"name\": \"Atzabeja\"}",
    "schema_version": "0009_remove_collection_name_and_more",
    "created_at": "2022-08-11T08:38:38.285Z",
    "last_updated_at": "2022-08-11T08:38:38.283Z"
  }
},
{
  "model": "wagtail_localize.translationsource",
  "pk": 39,
  "fields": {
    "object": "f66f4846-7110-4b20-9db9-1cd76c3ef006",
    "specific_content_type": [
      "cms_site",
      "collectionitemfinishing"
    ],
    "locale": 1,
    "object_repr": "Bronze Daurat",
    "content_json": "{\"pk\": 42, \"translation_key\": \"f66f4846-7110-4b20-9db9-1cd76c3ef006\", \"locale\": 1, \"name\": \"Bronze Daurat\"}",
    "schema_version": "0009_remove_collection_name_and_more",
    "created_at": "2022-08-11T08:38:52.465Z",
    "last_updated_at": "2022-08-11T08:38:52.463Z"
  }
},
{
  "model": "wagtail_localize.translationsource",
  "pk": 40,
  "fields": {
    "object": "6c80da38-a532-4845-86e5-1a8bdb20ed97",
    "specific_content_type": [
      "cms_site",
      "collectionitemfinishing"
    ],
    "locale": 1,
    "object_repr": "Bronze Torrat",
    "content_json": "{\"pk\": 43, \"translation_key\": \"6c80da38-a532-4845-86e5-1a8bdb20ed97\", \"locale\": 1, \"name\": \"Bronze Torrat\"}",
    "schema_version": "0009_remove_collection_name_and_more",
    "created_at": "2022-08-11T08:39:42.042Z",
    "last_updated_at": "2022-08-11T08:39:42.039Z"
  }
},
{
  "model": "wagtail_localize.translationsource",
  "pk": 41,
  "fields": {
    "object": "9e65e943-e90e-425f-98a0-473c822cb4ff",
    "specific_content_type": [
      "cms_site",
      "collectionitemtype"
    ],
    "locale": 1,
    "object_repr": "Menjador",
    "content_json": "{\"pk\": 1, \"translation_key\": \"9e65e943-e90e-425f-98a0-473c822cb4ff\", \"locale\": 1, \"name\": \"Menjador\"}",
    "schema_version": "0009_remove_collection_name_and_more",
    "created_at": "2022-08-11T08:40:16.516Z",
    "last_updated_at": "2022-08-11T08:40:16.513Z"
  }
},
{
  "model": "wagtail_localize.translationsource",
  "pk": 42,
  "fields": {
    "object": "ee934808-bee8-4a3d-8eee-d7eebb3fc8ab",
    "specific_content_type": [
      "cms_site",
      "collectionitemtype"
    ],
    "locale": 1,
    "object_repr": "Dormitori",
    "content_json": "{\"pk\": 3, \"translation_key\": \"ee934808-bee8-4a3d-8eee-d7eebb3fc8ab\", \"locale\": 1, \"name\": \"Dormitori\"}",
    "schema_version": "0009_remove_collection_name_and_more",
    "created_at": "2022-08-11T08:40:34.638Z",
    "last_updated_at": "2022-08-11T08:40:34.636Z"
  }
},
{
  "model": "wagtail_localize.string",
  "pk": 1,
  "fields": {
    "locale": 1,
    "data_hash": "89d6dc55-b7d6-50ab-94a1-a365472ebc7e",
    "data": "Eslògan de portada"
  }
},
{
  "model": "wagtail_localize.string",
  "pk": 2,
  "fields": {
    "locale": 1,
    "data_hash": "d6b6148d-7628-5c7b-b603-7ed96dfcb5a4",
    "data": "home"
  }
},
{
  "model": "wagtail_localize.string",
  "pk": 3,
  "fields": {
    "locale": 1,
    "data_hash": "a83a8d29-7e29-549b-b411-c16076b3bf5c",
    "data": "Nou disseny de llit pel teu dormitori"
  }
},
{
  "model": "wagtail_localize.string",
  "pk": 4,
  "fields": {
    "locale": 1,
    "data_hash": "3de7a0c7-9b76-522e-bb87-e0d2a631fa12",
    "data": "Està compost per un capçal de llistons de grossors diferents i una base retroil·luminada pel matalàs. Tens l'opció de complementar-la amb les tauletes de la col·lecció New Area Collection."
  }
},
{
  "model": "wagtail_localize.string",
  "pk": 5,
  "fields": {
    "locale": 1,
    "data_hash": "82fdcd13-5def-5d14-8f13-fd395f6d5840",
    "data": "Veure col·lecció"
  }
},
{
  "model": "wagtail_localize.string",
  "pk": 6,
  "fields": {
    "locale": 1,
    "data_hash": "5b18b9da-fca3-5e9d-955c-53a6e17e7485",
    "data": "Roure 0"
  }
},
{
  "model": "wagtail_localize.string",
  "pk": 7,
  "fields": {
    "locale": 1,
    "data_hash": "7a9a6108-8d15-5047-ba07-000a9f021e74",
    "data": "Roure 30"
  }
},
{
  "model": "wagtail_localize.string",
  "pk": 8,
  "fields": {
    "locale": 1,
    "data_hash": "12cc73b6-8d3c-5652-a7cc-95d1468842e4",
    "data": "Roure 60"
  }
},
{
  "model": "wagtail_localize.string",
  "pk": 9,
  "fields": {
    "locale": 1,
    "data_hash": "70c29446-de99-5db6-9753-9c858f84dc3c",
    "data": "Roure 90"
  }
},
{
  "model": "wagtail_localize.string",
  "pk": 10,
  "fields": {
    "locale": 1,
    "data_hash": "cd5db9ee-2b39-526e-bd75-3fcf93af3fb4",
    "data": "Roure 75"
  }
},
{
  "model": "wagtail_localize.string",
  "pk": 11,
  "fields": {
    "locale": 1,
    "data_hash": "7c8baa1e-1b3c-56ec-b5f4-01ff20926c07",
    "data": "Roure 15"
  }
},
{
  "model": "wagtail_localize.string",
  "pk": 12,
  "fields": {
    "locale": 1,
    "data_hash": "782f74a1-c470-538b-96bb-23c4145e68b8",
    "data": "Roure 20"
  }
},
{
  "model": "wagtail_localize.string",
  "pk": 13,
  "fields": {
    "locale": 1,
    "data_hash": "680c745b-77a7-533f-8c7d-fe2122cac313",
    "data": "Eucaliptus"
  }
},
{
  "model": "wagtail_localize.string",
  "pk": 14,
  "fields": {
    "locale": 1,
    "data_hash": "1a73e9dc-5fdd-5cf0-bda9-39384aa1d4be",
    "data": "Noguera 06"
  }
},
{
  "model": "wagtail_localize.string",
  "pk": 15,
  "fields": {
    "locale": 1,
    "data_hash": "af47da70-6cdf-5078-9456-6017eb6ccd38",
    "data": "Noguera 02"
  }
},
{
  "model": "wagtail_localize.string",
  "pk": 16,
  "fields": {
    "locale": 1,
    "data_hash": "1fa98edd-fc91-5193-b0d6-29543e2c0587",
    "data": "Noguera 07"
  }
},
{
  "model": "wagtail_localize.string",
  "pk": 17,
  "fields": {
    "locale": 1,
    "data_hash": "7c0b344e-8acd-5a24-a9e4-c2feb709b9a4",
    "data": "Noguera 10"
  }
},
{
  "model": "wagtail_localize.string",
  "pk": 18,
  "fields": {
    "locale": 1,
    "data_hash": "fc62c2ed-14d4-5700-b40d-7651f65acf00",
    "data": "Cirerer Noguera"
  }
},
{
  "model": "wagtail_localize.string",
  "pk": 19,
  "fields": {
    "locale": 1,
    "data_hash": "c4a7c5ff-5f7b-59d0-9549-f07aa57144f6",
    "data": "Cirerer Natural"
  }
},
{
  "model": "wagtail_localize.string",
  "pk": 20,
  "fields": {
    "locale": 1,
    "data_hash": "45c7238f-84f9-5ddf-9f1a-f88c253359f2",
    "data": "Blanc pur"
  }
},
{
  "model": "wagtail_localize.string",
  "pk": 21,
  "fields": {
    "locale": 1,
    "data_hash": "4a5f4ac9-e292-5658-950a-779a010fddf4",
    "data": "Blanc Marfil"
  }
},
{
  "model": "wagtail_localize.string",
  "pk": 22,
  "fields": {
    "locale": 1,
    "data_hash": "5453c401-18c0-541e-8bc4-5069f7906808",
    "data": "Beix Natural"
  }
},
{
  "model": "wagtail_localize.string",
  "pk": 23,
  "fields": {
    "locale": 1,
    "data_hash": "58feacec-a8d5-5b0d-99f0-274b456e8d36",
    "data": "Beix Pastel"
  }
},
{
  "model": "wagtail_localize.string",
  "pk": 24,
  "fields": {
    "locale": 1,
    "data_hash": "2b04736f-215a-5bf0-90e9-a2b792e1350e",
    "data": "Beix Sorra"
  }
},
{
  "model": "wagtail_localize.string",
  "pk": 25,
  "fields": {
    "locale": 1,
    "data_hash": "85fe4b84-d6f3-50a1-93e4-8b722abee68e",
    "data": "Beix Sílex"
  }
},
{
  "model": "wagtail_localize.string",
  "pk": 26,
  "fields": {
    "locale": 1,
    "data_hash": "cecb16e0-57b0-51b9-8f9f-0cfcc63d1692",
    "data": "Gris Nòrdic"
  }
},
{
  "model": "wagtail_localize.string",
  "pk": 27,
  "fields": {
    "locale": 1,
    "data_hash": "04ae9e36-b911-5835-b603-827a898cbb29",
    "data": "Gris Terra"
  }
},
{
  "model": "wagtail_localize.string",
  "pk": 28,
  "fields": {
    "locale": 1,
    "data_hash": "345584e0-9a1c-5493-844e-b6028ec91c80",
    "data": "Negre Infinit"
  }
},
{
  "model": "wagtail_localize.string",
  "pk": 29,
  "fields": {
    "locale": 1,
    "data_hash": "658c39cf-eddd-50b6-af35-42f0ee288e23",
    "data": "Gris Pedra"
  }
},
{
  "model": "wagtail_localize.string",
  "pk": 30,
  "fields": {
    "locale": 1,
    "data_hash": "bda78394-29f0-5177-9af7-c5363ce0cb2c",
    "data": "Gris Plom"
  }
},
{
  "model": "wagtail_localize.string",
  "pk": 31,
  "fields": {
    "locale": 1,
    "data_hash": "33915d3c-38e3-5966-a421-9d16d269057d",
    "data": "Taronja Terracota"
  }
},
{
  "model": "wagtail_localize.string",
  "pk": 32,
  "fields": {
    "locale": 1,
    "data_hash": "9577951c-bc98-5b04-aa96-ab1ddb148e4e",
    "data": "Groc Mostassa"
  }
},
{
  "model": "wagtail_localize.string",
  "pk": 33,
  "fields": {
    "locale": 1,
    "data_hash": "ff139ddf-1cc3-50fc-94bb-3729357973cb",
    "data": "Blau Fosc"
  }
},
{
  "model": "wagtail_localize.string",
  "pk": 34,
  "fields": {
    "locale": 1,
    "data_hash": "7ff306cd-3460-5d52-84f2-5278ae965531",
    "data": "Blau Acer"
  }
},
{
  "model": "wagtail_localize.string",
  "pk": 35,
  "fields": {
    "locale": 1,
    "data_hash": "fb1d49c1-cac8-5e92-8a1e-114c19cf23c8",
    "data": "Blau Turquesa"
  }
},
{
  "model": "wagtail_localize.string",
  "pk": 36,
  "fields": {
    "locale": 1,
    "data_hash": "d3d4e35a-d576-55fb-a197-d505595e69c7",
    "data": "Blau Clar"
  }
},
{
  "model": "wagtail_localize.string",
  "pk": 37,
  "fields": {
    "locale": 1,
    "data_hash": "6cde9055-0bea-59f6-8387-d6e7d368d4a4",
    "data": "Blau Cel"
  }
},
{
  "model": "wagtail_localize.string",
  "pk": 38,
  "fields": {
    "locale": 1,
    "data_hash": "19386ac0-fa0a-5505-acf5-07a27d6f6a6d",
    "data": "Morat Albergínia"
  }
},
{
  "model": "wagtail_localize.string",
  "pk": 39,
  "fields": {
    "locale": 1,
    "data_hash": "db45decb-d5b7-5e53-bab4-9b74f2f0924f",
    "data": "Vermell Òxid"
  }
},
{
  "model": "wagtail_localize.string",
  "pk": 40,
  "fields": {
    "locale": 1,
    "data_hash": "6e7e0c17-9afb-5016-b12c-91732b7271b7",
    "data": "Vermell Cirera"
  }
},
{
  "model": "wagtail_localize.string",
  "pk": 41,
  "fields": {
    "locale": 1,
    "data_hash": "9fc1753d-9f06-5b0b-b292-fd0f5524b83e",
    "data": "Rosa Fosc"
  }
},
{
  "model": "wagtail_localize.string",
  "pk": 42,
  "fields": {
    "locale": 1,
    "data_hash": "813e4e89-78da-52e2-ad28-fe99c1900f0a",
    "data": "Atzabeja"
  }
},
{
  "model": "wagtail_localize.string",
  "pk": 43,
  "fields": {
    "locale": 1,
    "data_hash": "cd809778-0bdf-557c-a142-38c8e7d8e81f",
    "data": "Bronze Daurat"
  }
},
{
  "model": "wagtail_localize.string",
  "pk": 44,
  "fields": {
    "locale": 1,
    "data_hash": "5376f5bc-41a8-5796-a63f-a5f930a2f34e",
    "data": "Bronze Torrat"
  }
},
{
  "model": "wagtail_localize.string",
  "pk": 45,
  "fields": {
    "locale": 1,
    "data_hash": "f9a2afc1-773e-5336-a636-62368f64558c",
    "data": "Menjador"
  }
},
{
  "model": "wagtail_localize.string",
  "pk": 46,
  "fields": {
    "locale": 1,
    "data_hash": "061613b4-d159-566f-bcab-2705db33e32a",
    "data": "Dormitori"
  }
},
{
  "model": "wagtail_localize.translationcontext",
  "pk": 1,
  "fields": {
    "object": "cbf1099f-57c1-4bdd-beae-1b1eb6602e3c",
    "path_id": "f749566c-8a06-5c72-89b8-682e4e49f74f",
    "path": "title",
    "field_path": "title"
  }
},
{
  "model": "wagtail_localize.translationcontext",
  "pk": 2,
  "fields": {
    "object": "cbf1099f-57c1-4bdd-beae-1b1eb6602e3c",
    "path_id": "d71ad27b-d7c2-5061-865d-752015b09e05",
    "path": "slug",
    "field_path": "slug"
  }
},
{
  "model": "wagtail_localize.translationcontext",
  "pk": 3,
  "fields": {
    "object": "cbf1099f-57c1-4bdd-beae-1b1eb6602e3c",
    "path_id": "320b53d2-09a2-5429-9a58-88627f689b6c",
    "path": "overlay_title",
    "field_path": "overlay_title"
  }
},
{
  "model": "wagtail_localize.translationcontext",
  "pk": 4,
  "fields": {
    "object": "cbf1099f-57c1-4bdd-beae-1b1eb6602e3c",
    "path_id": "8f785e12-7d7d-5bce-a30d-ed002c9b07f4",
    "path": "overlay_body",
    "field_path": "overlay_body"
  }
},
{
  "model": "wagtail_localize.translationcontext",
  "pk": 5,
  "fields": {
    "object": "cbf1099f-57c1-4bdd-beae-1b1eb6602e3c",
    "path_id": "584b295d-20c0-58f9-a29b-3d053b6c8c70",
    "path": "overlay_button_text",
    "field_path": "overlay_button_text"
  }
},
{
  "model": "wagtail_localize.translationcontext",
  "pk": 6,
  "fields": {
    "object": "cbf1099f-57c1-4bdd-beae-1b1eb6602e3c",
    "path_id": "d72d1aca-b10c-56af-835b-9f724f69738a",
    "path": "overlay_image",
    "field_path": "overlay_image"
  }
},
{
  "model": "wagtail_localize.translationcontext",
  "pk": 7,
  "fields": {
    "object": "36659b27-e17a-4180-9750-10f7c9c7b932",
    "path_id": "3d8fca97-d5b8-5883-9c26-360f58a67899",
    "path": "name",
    "field_path": "name"
  }
},
{
  "model": "wagtail_localize.translationcontext",
  "pk": 8,
  "fields": {
    "object": "e35734f9-8050-44e8-bf07-aa8bde8ff4af",
    "path_id": "3d8fca97-d5b8-5883-9c26-360f58a67899",
    "path": "name",
    "field_path": "name"
  }
},
{
  "model": "wagtail_localize.translationcontext",
  "pk": 9,
  "fields": {
    "object": "6095c5cd-ddd7-4ef6-b73a-b2712db863cb",
    "path_id": "3d8fca97-d5b8-5883-9c26-360f58a67899",
    "path": "name",
    "field_path": "name"
  }
},
{
  "model": "wagtail_localize.translationcontext",
  "pk": 10,
  "fields": {
    "object": "e182d5ab-cd32-4832-9760-43b6cc174cd0",
    "path_id": "3d8fca97-d5b8-5883-9c26-360f58a67899",
    "path": "name",
    "field_path": "name"
  }
},
{
  "model": "wagtail_localize.translationcontext",
  "pk": 11,
  "fields": {
    "object": "be14f0fb-af71-447b-ba06-869bd202ced3",
    "path_id": "3d8fca97-d5b8-5883-9c26-360f58a67899",
    "path": "name",
    "field_path": "name"
  }
},
{
  "model": "wagtail_localize.translationcontext",
  "pk": 12,
  "fields": {
    "object": "1ee9a4ab-b2f0-4139-8016-0ccd92e7f450",
    "path_id": "3d8fca97-d5b8-5883-9c26-360f58a67899",
    "path": "name",
    "field_path": "name"
  }
},
{
  "model": "wagtail_localize.translationcontext",
  "pk": 13,
  "fields": {
    "object": "7c72987d-bf00-44cc-a5aa-3f1589b2da68",
    "path_id": "3d8fca97-d5b8-5883-9c26-360f58a67899",
    "path": "name",
    "field_path": "name"
  }
},
{
  "model": "wagtail_localize.translationcontext",
  "pk": 14,
  "fields": {
    "object": "1aef47c1-bd58-4601-a029-213a8c51d3bb",
    "path_id": "3d8fca97-d5b8-5883-9c26-360f58a67899",
    "path": "name",
    "field_path": "name"
  }
},
{
  "model": "wagtail_localize.translationcontext",
  "pk": 15,
  "fields": {
    "object": "44a87b72-1e3b-4efc-8a35-143a47328a1f",
    "path_id": "3d8fca97-d5b8-5883-9c26-360f58a67899",
    "path": "name",
    "field_path": "name"
  }
},
{
  "model": "wagtail_localize.translationcontext",
  "pk": 16,
  "fields": {
    "object": "9cb54c5b-48b9-455f-b4b5-63d7563fd96e",
    "path_id": "3d8fca97-d5b8-5883-9c26-360f58a67899",
    "path": "name",
    "field_path": "name"
  }
},
{
  "model": "wagtail_localize.translationcontext",
  "pk": 17,
  "fields": {
    "object": "b567edfa-f59b-4f82-b12f-889504f1f6b6",
    "path_id": "3d8fca97-d5b8-5883-9c26-360f58a67899",
    "path": "name",
    "field_path": "name"
  }
},
{
  "model": "wagtail_localize.translationcontext",
  "pk": 18,
  "fields": {
    "object": "576df22e-7e06-4901-a897-5b510bc9db68",
    "path_id": "3d8fca97-d5b8-5883-9c26-360f58a67899",
    "path": "name",
    "field_path": "name"
  }
},
{
  "model": "wagtail_localize.translationcontext",
  "pk": 19,
  "fields": {
    "object": "f5e7a61e-c556-445c-90b1-1fb18440058a",
    "path_id": "3d8fca97-d5b8-5883-9c26-360f58a67899",
    "path": "name",
    "field_path": "name"
  }
},
{
  "model": "wagtail_localize.translationcontext",
  "pk": 20,
  "fields": {
    "object": "50b03c86-7e9d-4873-8df8-49cbd3f0f4d6",
    "path_id": "3d8fca97-d5b8-5883-9c26-360f58a67899",
    "path": "name",
    "field_path": "name"
  }
},
{
  "model": "wagtail_localize.translationcontext",
  "pk": 21,
  "fields": {
    "object": "ceb9dbd2-49aa-4667-be90-cc88d93cd4fe",
    "path_id": "3d8fca97-d5b8-5883-9c26-360f58a67899",
    "path": "name",
    "field_path": "name"
  }
},
{
  "model": "wagtail_localize.translationcontext",
  "pk": 22,
  "fields": {
    "object": "4808f2d4-e966-4b08-8646-60eeb5e13c8b",
    "path_id": "3d8fca97-d5b8-5883-9c26-360f58a67899",
    "path": "name",
    "field_path": "name"
  }
},
{
  "model": "wagtail_localize.translationcontext",
  "pk": 23,
  "fields": {
    "object": "8dfcadbd-7181-4642-9f69-340d6196cd86",
    "path_id": "3d8fca97-d5b8-5883-9c26-360f58a67899",
    "path": "name",
    "field_path": "name"
  }
},
{
  "model": "wagtail_localize.translationcontext",
  "pk": 24,
  "fields": {
    "object": "1d10dca5-a4af-4a15-85b8-a9996436c568",
    "path_id": "3d8fca97-d5b8-5883-9c26-360f58a67899",
    "path": "name",
    "field_path": "name"
  }
},
{
  "model": "wagtail_localize.translationcontext",
  "pk": 25,
  "fields": {
    "object": "82ddb93a-2345-471d-a61e-9b6ffc771889",
    "path_id": "3d8fca97-d5b8-5883-9c26-360f58a67899",
    "path": "name",
    "field_path": "name"
  }
},
{
  "model": "wagtail_localize.translationcontext",
  "pk": 26,
  "fields": {
    "object": "c2697a21-157a-4c0d-bf47-13ee0f9a82f0",
    "path_id": "3d8fca97-d5b8-5883-9c26-360f58a67899",
    "path": "name",
    "field_path": "name"
  }
},
{
  "model": "wagtail_localize.translationcontext",
  "pk": 27,
  "fields": {
    "object": "b9273aa3-3982-4314-98ae-0a72d7b6ffa2",
    "path_id": "3d8fca97-d5b8-5883-9c26-360f58a67899",
    "path": "name",
    "field_path": "name"
  }
},
{
  "model": "wagtail_localize.translationcontext",
  "pk": 28,
  "fields": {
    "object": "222fdc19-7cfb-4139-87ee-124bb49d0cf5",
    "path_id": "3d8fca97-d5b8-5883-9c26-360f58a67899",
    "path": "name",
    "field_path": "name"
  }
},
{
  "model": "wagtail_localize.translationcontext",
  "pk": 29,
  "fields": {
    "object": "8b8ce4f1-c669-4823-b7ad-1fc2867be6ad",
    "path_id": "3d8fca97-d5b8-5883-9c26-360f58a67899",
    "path": "name",
    "field_path": "name"
  }
},
{
  "model": "wagtail_localize.translationcontext",
  "pk": 30,
  "fields": {
    "object": "8fe7c215-eb80-4a83-ac46-0c652873db16",
    "path_id": "3d8fca97-d5b8-5883-9c26-360f58a67899",
    "path": "name",
    "field_path": "name"
  }
},
{
  "model": "wagtail_localize.translationcontext",
  "pk": 31,
  "fields": {
    "object": "e1e5bdc6-23a7-4bf8-a535-958db776e532",
    "path_id": "3d8fca97-d5b8-5883-9c26-360f58a67899",
    "path": "name",
    "field_path": "name"
  }
},
{
  "model": "wagtail_localize.translationcontext",
  "pk": 32,
  "fields": {
    "object": "d8626d4a-bb6c-4216-819d-0e58a8b540a6",
    "path_id": "3d8fca97-d5b8-5883-9c26-360f58a67899",
    "path": "name",
    "field_path": "name"
  }
},
{
  "model": "wagtail_localize.translationcontext",
  "pk": 33,
  "fields": {
    "object": "8aff345e-ae13-48c6-b04a-80cfe1f60bc1",
    "path_id": "3d8fca97-d5b8-5883-9c26-360f58a67899",
    "path": "name",
    "field_path": "name"
  }
},
{
  "model": "wagtail_localize.translationcontext",
  "pk": 34,
  "fields": {
    "object": "7721b947-9334-4315-b8aa-efff03bb8fee",
    "path_id": "3d8fca97-d5b8-5883-9c26-360f58a67899",
    "path": "name",
    "field_path": "name"
  }
},
{
  "model": "wagtail_localize.translationcontext",
  "pk": 35,
  "fields": {
    "object": "abf4e6c7-1c2c-468a-914c-c5a1246d6057",
    "path_id": "3d8fca97-d5b8-5883-9c26-360f58a67899",
    "path": "name",
    "field_path": "name"
  }
},
{
  "model": "wagtail_localize.translationcontext",
  "pk": 36,
  "fields": {
    "object": "a882ffd7-83c7-4bb3-a137-33ed2ce78074",
    "path_id": "3d8fca97-d5b8-5883-9c26-360f58a67899",
    "path": "name",
    "field_path": "name"
  }
},
{
  "model": "wagtail_localize.translationcontext",
  "pk": 37,
  "fields": {
    "object": "8ebaf4da-8371-4a93-b21b-a8da2762f469",
    "path_id": "3d8fca97-d5b8-5883-9c26-360f58a67899",
    "path": "name",
    "field_path": "name"
  }
},
{
  "model": "wagtail_localize.translationcontext",
  "pk": 38,
  "fields": {
    "object": "17d0583c-f397-4de4-938d-4bfe28c958c0",
    "path_id": "3d8fca97-d5b8-5883-9c26-360f58a67899",
    "path": "name",
    "field_path": "name"
  }
},
{
  "model": "wagtail_localize.translationcontext",
  "pk": 39,
  "fields": {
    "object": "dad5f225-030c-4f37-8430-bfdb635cbb00",
    "path_id": "3d8fca97-d5b8-5883-9c26-360f58a67899",
    "path": "name",
    "field_path": "name"
  }
},
{
  "model": "wagtail_localize.translationcontext",
  "pk": 40,
  "fields": {
    "object": "c1ff24e8-685b-4d1a-98fa-c4eb2afa0f2d",
    "path_id": "3d8fca97-d5b8-5883-9c26-360f58a67899",
    "path": "name",
    "field_path": "name"
  }
},
{
  "model": "wagtail_localize.translationcontext",
  "pk": 41,
  "fields": {
    "object": "4a084b27-1269-4d7d-9255-05b489c522c0",
    "path_id": "3d8fca97-d5b8-5883-9c26-360f58a67899",
    "path": "name",
    "field_path": "name"
  }
},
{
  "model": "wagtail_localize.translationcontext",
  "pk": 42,
  "fields": {
    "object": "fd244d3e-8f9b-4683-9f1b-b8666b1e58e5",
    "path_id": "3d8fca97-d5b8-5883-9c26-360f58a67899",
    "path": "name",
    "field_path": "name"
  }
},
{
  "model": "wagtail_localize.translationcontext",
  "pk": 43,
  "fields": {
    "object": "a9d322e6-0497-40b8-879f-0411399b84e6",
    "path_id": "3d8fca97-d5b8-5883-9c26-360f58a67899",
    "path": "name",
    "field_path": "name"
  }
},
{
  "model": "wagtail_localize.translationcontext",
  "pk": 44,
  "fields": {
    "object": "f66f4846-7110-4b20-9db9-1cd76c3ef006",
    "path_id": "3d8fca97-d5b8-5883-9c26-360f58a67899",
    "path": "name",
    "field_path": "name"
  }
},
{
  "model": "wagtail_localize.translationcontext",
  "pk": 45,
  "fields": {
    "object": "6c80da38-a532-4845-86e5-1a8bdb20ed97",
    "path_id": "3d8fca97-d5b8-5883-9c26-360f58a67899",
    "path": "name",
    "field_path": "name"
  }
},
{
  "model": "wagtail_localize.translationcontext",
  "pk": 46,
  "fields": {
    "object": "9e65e943-e90e-425f-98a0-473c822cb4ff",
    "path_id": "3d8fca97-d5b8-5883-9c26-360f58a67899",
    "path": "name",
    "field_path": "name"
  }
},
{
  "model": "wagtail_localize.translationcontext",
  "pk": 47,
  "fields": {
    "object": "ee934808-bee8-4a3d-8eee-d7eebb3fc8ab",
    "path_id": "3d8fca97-d5b8-5883-9c26-360f58a67899",
    "path": "name",
    "field_path": "name"
  }
},
{
  "model": "wagtail_localize.stringsegment",
  "pk": 1,
  "fields": {
    "source": 1,
    "context": 1,
    "order": 1,
    "string": 1,
    "attrs": "null"
  }
},
{
  "model": "wagtail_localize.stringsegment",
  "pk": 2,
  "fields": {
    "source": 1,
    "context": 2,
    "order": 2,
    "string": 2,
    "attrs": "null"
  }
},
{
  "model": "wagtail_localize.stringsegment",
  "pk": 3,
  "fields": {
    "source": 1,
    "context": 3,
    "order": 3,
    "string": 3,
    "attrs": "null"
  }
},
{
  "model": "wagtail_localize.stringsegment",
  "pk": 4,
  "fields": {
    "source": 1,
    "context": 4,
    "order": 4,
    "string": 4,
    "attrs": "null"
  }
},
{
  "model": "wagtail_localize.stringsegment",
  "pk": 5,
  "fields": {
    "source": 1,
    "context": 5,
    "order": 5,
    "string": 5,
    "attrs": "null"
  }
},
{
  "model": "wagtail_localize.stringsegment",
  "pk": 6,
  "fields": {
    "source": 2,
    "context": 7,
    "order": 1,
    "string": 6,
    "attrs": "null"
  }
},
{
  "model": "wagtail_localize.stringsegment",
  "pk": 7,
  "fields": {
    "source": 3,
    "context": 8,
    "order": 1,
    "string": 7,
    "attrs": "null"
  }
},
{
  "model": "wagtail_localize.stringsegment",
  "pk": 8,
  "fields": {
    "source": 4,
    "context": 9,
    "order": 1,
    "string": 8,
    "attrs": "null"
  }
},
{
  "model": "wagtail_localize.stringsegment",
  "pk": 9,
  "fields": {
    "source": 5,
    "context": 10,
    "order": 1,
    "string": 9,
    "attrs": "null"
  }
},
{
  "model": "wagtail_localize.stringsegment",
  "pk": 10,
  "fields": {
    "source": 6,
    "context": 11,
    "order": 1,
    "string": 10,
    "attrs": "null"
  }
},
{
  "model": "wagtail_localize.stringsegment",
  "pk": 11,
  "fields": {
    "source": 7,
    "context": 12,
    "order": 1,
    "string": 11,
    "attrs": "null"
  }
},
{
  "model": "wagtail_localize.stringsegment",
  "pk": 12,
  "fields": {
    "source": 8,
    "context": 13,
    "order": 1,
    "string": 12,
    "attrs": "null"
  }
},
{
  "model": "wagtail_localize.stringsegment",
  "pk": 13,
  "fields": {
    "source": 9,
    "context": 14,
    "order": 1,
    "string": 13,
    "attrs": "null"
  }
},
{
  "model": "wagtail_localize.stringsegment",
  "pk": 14,
  "fields": {
    "source": 10,
    "context": 15,
    "order": 1,
    "string": 14,
    "attrs": "null"
  }
},
{
  "model": "wagtail_localize.stringsegment",
  "pk": 15,
  "fields": {
    "source": 11,
    "context": 16,
    "order": 1,
    "string": 15,
    "attrs": "null"
  }
},
{
  "model": "wagtail_localize.stringsegment",
  "pk": 16,
  "fields": {
    "source": 12,
    "context": 17,
    "order": 1,
    "string": 16,
    "attrs": "null"
  }
},
{
  "model": "wagtail_localize.stringsegment",
  "pk": 17,
  "fields": {
    "source": 13,
    "context": 18,
    "order": 1,
    "string": 17,
    "attrs": "null"
  }
},
{
  "model": "wagtail_localize.stringsegment",
  "pk": 18,
  "fields": {
    "source": 14,
    "context": 19,
    "order": 1,
    "string": 18,
    "attrs": "null"
  }
},
{
  "model": "wagtail_localize.stringsegment",
  "pk": 19,
  "fields": {
    "source": 15,
    "context": 20,
    "order": 1,
    "string": 19,
    "attrs": "null"
  }
},
{
  "model": "wagtail_localize.stringsegment",
  "pk": 20,
  "fields": {
    "source": 16,
    "context": 21,
    "order": 1,
    "string": 20,
    "attrs": "null"
  }
},
{
  "model": "wagtail_localize.stringsegment",
  "pk": 21,
  "fields": {
    "source": 17,
    "context": 22,
    "order": 1,
    "string": 21,
    "attrs": "null"
  }
},
{
  "model": "wagtail_localize.stringsegment",
  "pk": 22,
  "fields": {
    "source": 18,
    "context": 23,
    "order": 1,
    "string": 22,
    "attrs": "null"
  }
},
{
  "model": "wagtail_localize.stringsegment",
  "pk": 23,
  "fields": {
    "source": 19,
    "context": 24,
    "order": 1,
    "string": 23,
    "attrs": "null"
  }
},
{
  "model": "wagtail_localize.stringsegment",
  "pk": 24,
  "fields": {
    "source": 20,
    "context": 25,
    "order": 1,
    "string": 24,
    "attrs": "null"
  }
},
{
  "model": "wagtail_localize.stringsegment",
  "pk": 25,
  "fields": {
    "source": 21,
    "context": 26,
    "order": 1,
    "string": 25,
    "attrs": "null"
  }
},
{
  "model": "wagtail_localize.stringsegment",
  "pk": 26,
  "fields": {
    "source": 22,
    "context": 27,
    "order": 1,
    "string": 26,
    "attrs": "null"
  }
},
{
  "model": "wagtail_localize.stringsegment",
  "pk": 27,
  "fields": {
    "source": 23,
    "context": 28,
    "order": 1,
    "string": 27,
    "attrs": "null"
  }
},
{
  "model": "wagtail_localize.stringsegment",
  "pk": 28,
  "fields": {
    "source": 24,
    "context": 29,
    "order": 1,
    "string": 28,
    "attrs": "null"
  }
},
{
  "model": "wagtail_localize.stringsegment",
  "pk": 29,
  "fields": {
    "source": 25,
    "context": 30,
    "order": 1,
    "string": 29,
    "attrs": "null"
  }
},
{
  "model": "wagtail_localize.stringsegment",
  "pk": 30,
  "fields": {
    "source": 26,
    "context": 31,
    "order": 1,
    "string": 30,
    "attrs": "null"
  }
},
{
  "model": "wagtail_localize.stringsegment",
  "pk": 31,
  "fields": {
    "source": 27,
    "context": 32,
    "order": 1,
    "string": 31,
    "attrs": "null"
  }
},
{
  "model": "wagtail_localize.stringsegment",
  "pk": 32,
  "fields": {
    "source": 28,
    "context": 33,
    "order": 1,
    "string": 32,
    "attrs": "null"
  }
},
{
  "model": "wagtail_localize.stringsegment",
  "pk": 33,
  "fields": {
    "source": 29,
    "context": 34,
    "order": 1,
    "string": 33,
    "attrs": "null"
  }
},
{
  "model": "wagtail_localize.stringsegment",
  "pk": 34,
  "fields": {
    "source": 30,
    "context": 35,
    "order": 1,
    "string": 34,
    "attrs": "null"
  }
},
{
  "model": "wagtail_localize.stringsegment",
  "pk": 35,
  "fields": {
    "source": 31,
    "context": 36,
    "order": 1,
    "string": 35,
    "attrs": "null"
  }
},
{
  "model": "wagtail_localize.stringsegment",
  "pk": 36,
  "fields": {
    "source": 32,
    "context": 37,
    "order": 1,
    "string": 36,
    "attrs": "null"
  }
},
{
  "model": "wagtail_localize.stringsegment",
  "pk": 37,
  "fields": {
    "source": 33,
    "context": 38,
    "order": 1,
    "string": 37,
    "attrs": "null"
  }
},
{
  "model": "wagtail_localize.stringsegment",
  "pk": 38,
  "fields": {
    "source": 34,
    "context": 39,
    "order": 1,
    "string": 38,
    "attrs": "null"
  }
},
{
  "model": "wagtail_localize.stringsegment",
  "pk": 39,
  "fields": {
    "source": 35,
    "context": 40,
    "order": 1,
    "string": 39,
    "attrs": "null"
  }
},
{
  "model": "wagtail_localize.stringsegment",
  "pk": 40,
  "fields": {
    "source": 36,
    "context": 41,
    "order": 1,
    "string": 40,
    "attrs": "null"
  }
},
{
  "model": "wagtail_localize.stringsegment",
  "pk": 41,
  "fields": {
    "source": 37,
    "context": 42,
    "order": 1,
    "string": 41,
    "attrs": "null"
  }
},
{
  "model": "wagtail_localize.stringsegment",
  "pk": 42,
  "fields": {
    "source": 38,
    "context": 43,
    "order": 1,
    "string": 42,
    "attrs": "null"
  }
},
{
  "model": "wagtail_localize.stringsegment",
  "pk": 43,
  "fields": {
    "source": 39,
    "context": 44,
    "order": 1,
    "string": 43,
    "attrs": "null"
  }
},
{
  "model": "wagtail_localize.stringsegment",
  "pk": 44,
  "fields": {
    "source": 40,
    "context": 45,
    "order": 1,
    "string": 44,
    "attrs": "null"
  }
},
{
  "model": "wagtail_localize.stringsegment",
  "pk": 45,
  "fields": {
    "source": 41,
    "context": 46,
    "order": 1,
    "string": 45,
    "attrs": "null"
  }
},
{
  "model": "wagtail_localize.stringsegment",
  "pk": 46,
  "fields": {
    "source": 42,
    "context": 47,
    "order": 1,
    "string": 46,
    "attrs": "null"
  }
},
{
  "model": "wagtail_localize.overridablesegment",
  "pk": 1,
  "fields": {
    "source": 1,
    "context": 6,
    "order": 6,
    "data_json": "1"
  }
},
{
  "model": "wagtaildocs.document",
  "pk": 1,
  "fields": {
    "collection": 1,
    "title": "Catàleg àrea",
    "file": "documents/ciurans_catalogo_pdf_18.pdf",
    "created_at": "2022-08-11T08:10:24.183Z",
    "uploaded_by_user": [
      "hola@codi.coop"
    ],
    "file_size": 13449157,
    "file_hash": "833595b386b40781985402d48af791aa6d924c34"
  }
},
{
  "model": "wagtaildocs.document",
  "pk": 2,
  "fields": {
    "collection": 1,
    "title": "Catàleg Nordic",
    "file": "documents/ciurans_catalogo_pdf_15.pdf",
    "created_at": "2022-08-11T09:45:01.905Z",
    "uploaded_by_user": [
      "hola@codi.coop"
    ],
    "file_size": 12108938,
    "file_hash": "d8da8a57d804061898c16f94b3dd1a9c9947c20a"
  }
},
{
  "model": "wagtailimages.image",
  "pk": 1,
  "fields": {
    "collection": 1,
    "title": "Llit destacat portada",
    "file": "original_images/llit_ciurans.jpg",
    "width": 1080,
    "height": 719,
    "created_at": "2022-08-10T13:54:18.332Z",
    "uploaded_by_user": [
      "hola@codi.coop"
    ],
    "focal_point_x": null,
    "focal_point_y": null,
    "focal_point_width": null,
    "focal_point_height": null,
    "file_size": 133875,
    "file_hash": "adc1c4f8109db4929ea116eadfcedf8bf2188bae"
  }
},
{
  "model": "wagtailimages.image",
  "pk": 2,
  "fields": {
    "collection": 1,
    "title": "Àrea 1, serenitat calidesa i benestar",
    "file": "original_images/ciurans_area_1_Serenitat_calidesa_i_benestar.jpg",
    "width": 800,
    "height": 566,
    "created_at": "2022-08-11T08:14:45.882Z",
    "uploaded_by_user": [
      "hola@codi.coop"
    ],
    "focal_point_x": null,
    "focal_point_y": null,
    "focal_point_width": null,
    "focal_point_height": null,
    "file_size": 207821,
    "file_hash": "2ab0dbe697ef2db9daf65d62bc8efd5234e5ccbd"
  }
},
{
  "model": "wagtailimages.image",
  "pk": 3,
  "fields": {
    "collection": 1,
    "title": "Àrea 2, serenitat calidesa i benestar",
    "file": "original_images/ciurans_area_2_Serenitat_calidesa_i_benestar.jpg",
    "width": 800,
    "height": 567,
    "created_at": "2022-08-11T08:52:01.533Z",
    "uploaded_by_user": [
      "hola@codi.coop"
    ],
    "focal_point_x": null,
    "focal_point_y": null,
    "focal_point_width": null,
    "focal_point_height": null,
    "file_size": 178856,
    "file_hash": "79e6d7442f7461fe4c0d6f5b95b2055ca12cbd8b"
  }
},
{
  "model": "wagtailimages.image",
  "pk": 4,
  "fields": {
    "collection": 1,
    "title": "Àrea 1, els clàssics renovats",
    "file": "original_images/ciurans_area_3_Els_classics_renovats.jpg",
    "width": 600,
    "height": 600,
    "created_at": "2022-08-11T08:53:03.349Z",
    "uploaded_by_user": [
      "hola@codi.coop"
    ],
    "focal_point_x": null,
    "focal_point_y": null,
    "focal_point_width": null,
    "focal_point_height": null,
    "file_size": 73077,
    "file_hash": "a44cb775bb3def7b1a01146434c1ef06f46c1754"
  }
},
{
  "model": "wagtailimages.image",
  "pk": 5,
  "fields": {
    "collection": 1,
    "title": "Area 2, els clàssics renovats",
    "file": "original_images/ciurans_area_4_Els_classics_renovats.jpg",
    "width": 800,
    "height": 540,
    "created_at": "2022-08-11T08:54:22.246Z",
    "uploaded_by_user": [
      "hola@codi.coop"
    ],
    "focal_point_x": null,
    "focal_point_y": null,
    "focal_point_width": null,
    "focal_point_height": null,
    "file_size": 182045,
    "file_hash": "41fe83cd000e66fc3757e3fcc3da2335d9a3af4c"
  }
},
{
  "model": "wagtailimages.image",
  "pk": 6,
  "fields": {
    "collection": 1,
    "title": "Nordic 1",
    "file": "original_images/ciurans_nordic_1_Moble_televisio_Jorn_i_Bufet_Sovik.jpg",
    "width": 800,
    "height": 566,
    "created_at": "2022-08-11T09:52:33.394Z",
    "uploaded_by_user": [
      "hola@codi.coop"
    ],
    "focal_point_x": null,
    "focal_point_y": null,
    "focal_point_width": null,
    "focal_point_height": null,
    "file_size": 301839,
    "file_hash": "2f88bd94a70c7e5a7c60846c5b446661c7204937"
  }
},
{
  "model": "wagtailimages.image",
  "pk": 7,
  "fields": {
    "collection": 1,
    "title": "Nordic 2",
    "file": "original_images/ciurans_nordic_2_Moble_Jorn_Dora_i_Brei.jpg",
    "width": 800,
    "height": 566,
    "created_at": "2022-08-11T09:53:26.849Z",
    "uploaded_by_user": [
      "hola@codi.coop"
    ],
    "focal_point_x": null,
    "focal_point_y": null,
    "focal_point_width": null,
    "focal_point_height": null,
    "file_size": 291381,
    "file_hash": "9aabcbec599311f210d279af00d37bda741ecd7b"
  }
},
{
  "model": "wagtailimages.image",
  "pk": 8,
  "fields": {
    "collection": 1,
    "title": "Nordic 3",
    "file": "original_images/ciurans_nordic_3_Buffet_Sovik.jpg",
    "width": 800,
    "height": 566,
    "created_at": "2022-08-11T09:54:36.983Z",
    "uploaded_by_user": [
      "hola@codi.coop"
    ],
    "focal_point_x": null,
    "focal_point_y": null,
    "focal_point_width": null,
    "focal_point_height": null,
    "file_size": 276138,
    "file_hash": "0bc4b49f8d98e31b16e08aae6dd2d199c8731ff1"
  }
},
{
  "model": "wagtailimages.image",
  "pk": 9,
  "fields": {
    "collection": 1,
    "title": "Nordic 4",
    "file": "original_images/ciurans_nordic_4_Llit_Brevik.jpg",
    "width": 800,
    "height": 566,
    "created_at": "2022-08-11T09:55:28.441Z",
    "uploaded_by_user": [
      "hola@codi.coop"
    ],
    "focal_point_x": null,
    "focal_point_y": null,
    "focal_point_width": null,
    "focal_point_height": null,
    "file_size": 277095,
    "file_hash": "44743619ad038bacce3b422ef9b73520104ce44e"
  }
},
{
  "model": "wagtailimages.image",
  "pk": 10,
  "fields": {
    "collection": 1,
    "title": "Els nostres dissenyadors",
    "file": "original_images/ciurans_els_nostres_dissenyadors_header.png",
    "width": 1360,
    "height": 584,
    "created_at": "2022-08-11T10:50:44.711Z",
    "uploaded_by_user": [
      "hola@codi.coop"
    ],
    "focal_point_x": null,
    "focal_point_y": null,
    "focal_point_width": null,
    "focal_point_height": null,
    "file_size": 811647,
    "file_hash": "450e53408553d4b868c526616ec4e1ba1e9f488b"
  }
},
{
  "model": "wagtailimages.image",
  "pk": 11,
  "fields": {
    "collection": 1,
    "title": "Josep Turell",
    "file": "original_images/ciurans_foto_josep_turell.png",
    "width": 326,
    "height": 493,
    "created_at": "2022-08-11T10:55:51.535Z",
    "uploaded_by_user": [
      "hola@codi.coop"
    ],
    "focal_point_x": null,
    "focal_point_y": null,
    "focal_point_width": null,
    "focal_point_height": null,
    "file_size": 171950,
    "file_hash": "bdf2d165d07cf27e441267286fb19920652f0b5b"
  }
},
{
  "model": "wagtailimages.image",
  "pk": 12,
  "fields": {
    "collection": 1,
    "title": "Capçalera Interiorisme",
    "file": "original_images/ciurans_projectes_a_mida_header.png",
    "width": 1360,
    "height": 584,
    "created_at": "2022-09-15T10:19:02.597Z",
    "uploaded_by_user": [
      "hola@codi.coop"
    ],
    "focal_point_x": null,
    "focal_point_y": null,
    "focal_point_width": null,
    "focal_point_height": null,
    "file_size": 585132,
    "file_hash": "e2ed50a2914e58fb2c8870ac72c05063bf8e7d01"
  }
},
{
  "model": "wagtailimages.image",
  "pk": 19,
  "fields": {
    "collection": 4,
    "title": "ciurans_projecte_cr1",
    "file": "original_images/ciurans_projecte_cr1.jpg",
    "width": 401,
    "height": 600,
    "created_at": "2022-09-21T14:41:46.860Z",
    "uploaded_by_user": [
      "hola@codi.coop"
    ],
    "focal_point_x": null,
    "focal_point_y": null,
    "focal_point_width": null,
    "focal_point_height": null,
    "file_size": 137363,
    "file_hash": "a82baf09d26712399310084c8cc86bbac1e35a9f"
  }
},
{
  "model": "wagtailimages.image",
  "pk": 20,
  "fields": {
    "collection": 4,
    "title": "ciurans_projecte_cr2",
    "file": "original_images/ciurans_projecte_cr2.jpg",
    "width": 401,
    "height": 600,
    "created_at": "2022-09-21T14:41:47.444Z",
    "uploaded_by_user": [
      "hola@codi.coop"
    ],
    "focal_point_x": null,
    "focal_point_y": null,
    "focal_point_width": null,
    "focal_point_height": null,
    "file_size": 151720,
    "file_hash": "7c654846ef7ec94c9ec8f5586384d1115d368ceb"
  }
},
{
  "model": "wagtailimages.image",
  "pk": 21,
  "fields": {
    "collection": 4,
    "title": "ciurans_projecte_cr3",
    "file": "original_images/ciurans_projecte_cr3.jpg",
    "width": 402,
    "height": 600,
    "created_at": "2022-09-21T14:41:47.939Z",
    "uploaded_by_user": [
      "hola@codi.coop"
    ],
    "focal_point_x": null,
    "focal_point_y": null,
    "focal_point_width": null,
    "focal_point_height": null,
    "file_size": 127736,
    "file_hash": "3efd86c6cf62b2a6b377ef40ac9e3213652f48ba"
  }
},
{
  "model": "wagtailimages.image",
  "pk": 22,
  "fields": {
    "collection": 4,
    "title": "ciurans_projecte_cr4",
    "file": "original_images/ciurans_projecte_cr4.jpg",
    "width": 800,
    "height": 534,
    "created_at": "2022-09-21T14:41:48.999Z",
    "uploaded_by_user": [
      "hola@codi.coop"
    ],
    "focal_point_x": null,
    "focal_point_y": null,
    "focal_point_width": null,
    "focal_point_height": null,
    "file_size": 165905,
    "file_hash": "592856a1b70dc7b6258e77d6efa4ce35483dfc0b"
  }
},
{
  "model": "wagtailimages.image",
  "pk": 23,
  "fields": {
    "collection": 4,
    "title": "ciurans_projecte_cr5",
    "file": "original_images/ciurans_projecte_cr5.jpg",
    "width": 800,
    "height": 535,
    "created_at": "2022-09-21T14:41:49.600Z",
    "uploaded_by_user": [
      "hola@codi.coop"
    ],
    "focal_point_x": null,
    "focal_point_y": null,
    "focal_point_width": null,
    "focal_point_height": null,
    "file_size": 208162,
    "file_hash": "ea9e81f0fcd5f8bf30a639d47982ca2959fc7708"
  }
},
{
  "model": "wagtailimages.image",
  "pk": 24,
  "fields": {
    "collection": 4,
    "title": "ciurans_projecte_cr6",
    "file": "original_images/ciurans_projecte_cr6.jpg",
    "width": 800,
    "height": 535,
    "created_at": "2022-09-21T14:41:50.371Z",
    "uploaded_by_user": [
      "hola@codi.coop"
    ],
    "focal_point_x": null,
    "focal_point_y": null,
    "focal_point_width": null,
    "focal_point_height": null,
    "file_size": 197044,
    "file_hash": "8ccb8096f6faa153f38e6f2acf189c1bbfc5ddd1"
  }
},
{
  "model": "wagtailcore.modellogentry",
  "pk": 1,
  "fields": {
    "content_type": [
      "wagtailcore",
      "locale"
    ],
    "label": "Spanish",
    "action": "wagtail.create",
    "data": {},
    "timestamp": "2022-08-10T13:58:26.856Z",
    "uuid": "b22e617b-34d3-4c86-810d-40f65705d351",
    "user": [
      "hola@codi.coop"
    ],
    "revision": null,
    "content_changed": false,
    "deleted": false,
    "object_id": "2"
  }
},
{
  "model": "wagtailcore.modellogentry",
  "pk": 2,
  "fields": {
    "content_type": [
      "cms_site",
      "collectionitemfinishing"
    ],
    "label": "Roure 0",
    "action": "wagtail.create",
    "data": {},
    "timestamp": "2022-08-11T08:15:04.210Z",
    "uuid": "ca15ee3a-a632-43cb-bb1e-9f72e598b0dc",
    "user": [
      "hola@codi.coop"
    ],
    "revision": null,
    "content_changed": false,
    "deleted": false,
    "object_id": "1"
  }
},
{
  "model": "wagtailcore.modellogentry",
  "pk": 3,
  "fields": {
    "content_type": [
      "cms_site",
      "collectionitemfinishing"
    ],
    "label": "Roure 30",
    "action": "wagtail.create",
    "data": {},
    "timestamp": "2022-08-11T08:15:08.646Z",
    "uuid": "a3fa3954-4639-4f96-9c27-9d78c6a42cd1",
    "user": [
      "hola@codi.coop"
    ],
    "revision": null,
    "content_changed": false,
    "deleted": false,
    "object_id": "2"
  }
},
{
  "model": "wagtailcore.modellogentry",
  "pk": 4,
  "fields": {
    "content_type": [
      "cms_site",
      "collectionitemfinishing"
    ],
    "label": "Roure 60",
    "action": "wagtail.create",
    "data": {},
    "timestamp": "2022-08-11T08:15:13.244Z",
    "uuid": "3f73773d-c4d4-4404-9e6c-6041bfad68bb",
    "user": [
      "hola@codi.coop"
    ],
    "revision": null,
    "content_changed": false,
    "deleted": false,
    "object_id": "3"
  }
},
{
  "model": "wagtailcore.modellogentry",
  "pk": 5,
  "fields": {
    "content_type": [
      "cms_site",
      "collectionitemfinishing"
    ],
    "label": "Roure 90",
    "action": "wagtail.create",
    "data": {},
    "timestamp": "2022-08-11T08:15:45.856Z",
    "uuid": "65ac0749-9981-4651-8001-c0769ac716a8",
    "user": [
      "hola@codi.coop"
    ],
    "revision": null,
    "content_changed": false,
    "deleted": false,
    "object_id": "4"
  }
},
{
  "model": "wagtailcore.modellogentry",
  "pk": 6,
  "fields": {
    "content_type": [
      "cms_site",
      "collectionitemfinishing"
    ],
    "label": "Roure 75",
    "action": "wagtail.create",
    "data": {},
    "timestamp": "2022-08-11T08:15:52.227Z",
    "uuid": "d01c1697-056b-4d7a-8d08-4b8e96aa6a31",
    "user": [
      "hola@codi.coop"
    ],
    "revision": null,
    "content_changed": false,
    "deleted": false,
    "object_id": "5"
  }
},
{
  "model": "wagtailcore.modellogentry",
  "pk": 7,
  "fields": {
    "content_type": [
      "cms_site",
      "collectionitemfinishing"
    ],
    "label": "Roure 15",
    "action": "wagtail.create",
    "data": {},
    "timestamp": "2022-08-11T08:15:57.574Z",
    "uuid": "71da13d8-4b9a-4a00-90b1-6aa16a27cac0",
    "user": [
      "hola@codi.coop"
    ],
    "revision": null,
    "content_changed": false,
    "deleted": false,
    "object_id": "6"
  }
},
{
  "model": "wagtailcore.modellogentry",
  "pk": 8,
  "fields": {
    "content_type": [
      "cms_site",
      "collectionitemfinishing"
    ],
    "label": "Roure 20",
    "action": "wagtail.create",
    "data": {},
    "timestamp": "2022-08-11T08:16:15.183Z",
    "uuid": "1ab0a597-2286-4108-a677-6e683ce53825",
    "user": [
      "hola@codi.coop"
    ],
    "revision": null,
    "content_changed": false,
    "deleted": false,
    "object_id": "7"
  }
},
{
  "model": "wagtailcore.modellogentry",
  "pk": 9,
  "fields": {
    "content_type": [
      "cms_site",
      "collectionitemfinishing"
    ],
    "label": "Eucaliptus",
    "action": "wagtail.create",
    "data": {},
    "timestamp": "2022-08-11T08:16:31.151Z",
    "uuid": "d1edf3b5-81b8-41fd-8659-b448be7e58c9",
    "user": [
      "hola@codi.coop"
    ],
    "revision": null,
    "content_changed": false,
    "deleted": false,
    "object_id": "8"
  }
},
{
  "model": "wagtailcore.modellogentry",
  "pk": 10,
  "fields": {
    "content_type": [
      "cms_site",
      "collectionitemfinishing"
    ],
    "label": "Noguera 06",
    "action": "wagtail.create",
    "data": {},
    "timestamp": "2022-08-11T08:16:41.046Z",
    "uuid": "651f80a4-6606-4e27-ac62-b50fdcb82011",
    "user": [
      "hola@codi.coop"
    ],
    "revision": null,
    "content_changed": false,
    "deleted": false,
    "object_id": "9"
  }
},
{
  "model": "wagtailcore.modellogentry",
  "pk": 11,
  "fields": {
    "content_type": [
      "cms_site",
      "collectionitemfinishing"
    ],
    "label": "Noguera 02",
    "action": "wagtail.create",
    "data": {},
    "timestamp": "2022-08-11T08:16:46.983Z",
    "uuid": "239974c4-2ba1-43c8-83fd-a2d69cad125e",
    "user": [
      "hola@codi.coop"
    ],
    "revision": null,
    "content_changed": false,
    "deleted": false,
    "object_id": "10"
  }
},
{
  "model": "wagtailcore.modellogentry",
  "pk": 12,
  "fields": {
    "content_type": [
      "cms_site",
      "collectionitemfinishing"
    ],
    "label": "Noguera 07",
    "action": "wagtail.create",
    "data": {},
    "timestamp": "2022-08-11T08:16:52.504Z",
    "uuid": "cc83b933-420c-4fa5-b608-de95a4c17f5b",
    "user": [
      "hola@codi.coop"
    ],
    "revision": null,
    "content_changed": false,
    "deleted": false,
    "object_id": "11"
  }
},
{
  "model": "wagtailcore.modellogentry",
  "pk": 13,
  "fields": {
    "content_type": [
      "cms_site",
      "collectionitemfinishing"
    ],
    "label": "Noguera 10",
    "action": "wagtail.create",
    "data": {},
    "timestamp": "2022-08-11T08:16:58.118Z",
    "uuid": "a6ec740b-e6ac-4a51-a9da-dadfaeb56f42",
    "user": [
      "hola@codi.coop"
    ],
    "revision": null,
    "content_changed": false,
    "deleted": false,
    "object_id": "12"
  }
},
{
  "model": "wagtailcore.modellogentry",
  "pk": 14,
  "fields": {
    "content_type": [
      "cms_site",
      "collectionitemfinishing"
    ],
    "label": "Cirerer Noguera",
    "action": "wagtail.create",
    "data": {},
    "timestamp": "2022-08-11T08:17:12.518Z",
    "uuid": "fb4a4993-e80b-4070-8110-605cb4b6a957",
    "user": [
      "hola@codi.coop"
    ],
    "revision": null,
    "content_changed": false,
    "deleted": false,
    "object_id": "13"
  }
},
{
  "model": "wagtailcore.modellogentry",
  "pk": 15,
  "fields": {
    "content_type": [
      "cms_site",
      "collectionitemfinishing"
    ],
    "label": "Cirerer Natural",
    "action": "wagtail.create",
    "data": {},
    "timestamp": "2022-08-11T08:17:20.116Z",
    "uuid": "9c58ba7f-bb10-471f-a599-da6c25ef9a0b",
    "user": [
      "hola@codi.coop"
    ],
    "revision": null,
    "content_changed": false,
    "deleted": false,
    "object_id": "14"
  }
},
{
  "model": "wagtailcore.modellogentry",
  "pk": 16,
  "fields": {
    "content_type": [
      "cms_site",
      "collectionitemfinishing"
    ],
    "label": "Blanc pur",
    "action": "wagtail.create",
    "data": {},
    "timestamp": "2022-08-11T08:17:38.690Z",
    "uuid": "54c1f8b1-227f-4111-9834-ed5a959663f6",
    "user": [
      "hola@codi.coop"
    ],
    "revision": null,
    "content_changed": false,
    "deleted": false,
    "object_id": "15"
  }
},
{
  "model": "wagtailcore.modellogentry",
  "pk": 17,
  "fields": {
    "content_type": [
      "cms_site",
      "collectionitemfinishing"
    ],
    "label": "Blanc Marfil",
    "action": "wagtail.create",
    "data": {},
    "timestamp": "2022-08-11T08:17:44.207Z",
    "uuid": "b62f618e-162b-4e08-b3ec-48565b1b62fd",
    "user": [
      "hola@codi.coop"
    ],
    "revision": null,
    "content_changed": false,
    "deleted": false,
    "object_id": "16"
  }
},
{
  "model": "wagtailcore.modellogentry",
  "pk": 18,
  "fields": {
    "content_type": [
      "cms_site",
      "collectionitemfinishing"
    ],
    "label": "Beix Natural",
    "action": "wagtail.create",
    "data": {},
    "timestamp": "2022-08-11T08:17:51.823Z",
    "uuid": "4f1076b3-150f-47d8-b5b1-03439ab3a56e",
    "user": [
      "hola@codi.coop"
    ],
    "revision": null,
    "content_changed": false,
    "deleted": false,
    "object_id": "17"
  }
},
{
  "model": "wagtailcore.modellogentry",
  "pk": 19,
  "fields": {
    "content_type": [
      "cms_site",
      "collectionitemfinishing"
    ],
    "label": "Beix Pastel",
    "action": "wagtail.create",
    "data": {},
    "timestamp": "2022-08-11T08:18:24.177Z",
    "uuid": "359af613-403a-428a-ada0-0100dec20974",
    "user": [
      "hola@codi.coop"
    ],
    "revision": null,
    "content_changed": false,
    "deleted": false,
    "object_id": "18"
  }
},
{
  "model": "wagtailcore.modellogentry",
  "pk": 20,
  "fields": {
    "content_type": [
      "cms_site",
      "collectionitemfinishing"
    ],
    "label": "Beix Sorra",
    "action": "wagtail.create",
    "data": {},
    "timestamp": "2022-08-11T08:18:29.400Z",
    "uuid": "15c13c79-b055-4342-a3db-9c05436ef1ad",
    "user": [
      "hola@codi.coop"
    ],
    "revision": null,
    "content_changed": false,
    "deleted": false,
    "object_id": "19"
  }
},
{
  "model": "wagtailcore.modellogentry",
  "pk": 21,
  "fields": {
    "content_type": [
      "cms_site",
      "collectionitemfinishing"
    ],
    "label": "Beix Sílex",
    "action": "wagtail.create",
    "data": {},
    "timestamp": "2022-08-11T08:18:34.935Z",
    "uuid": "3146f096-2b07-40ee-bb97-98a3ca5fa47b",
    "user": [
      "hola@codi.coop"
    ],
    "revision": null,
    "content_changed": false,
    "deleted": false,
    "object_id": "20"
  }
},
{
  "model": "wagtailcore.modellogentry",
  "pk": 22,
  "fields": {
    "content_type": [
      "cms_site",
      "collectionitemfinishing"
    ],
    "label": "Gris Nòrdic",
    "action": "wagtail.create",
    "data": {},
    "timestamp": "2022-08-11T08:18:40.807Z",
    "uuid": "6d2ab33d-0dd0-4300-8a42-6a04d34c1006",
    "user": [
      "hola@codi.coop"
    ],
    "revision": null,
    "content_changed": false,
    "deleted": false,
    "object_id": "21"
  }
},
{
  "model": "wagtailcore.modellogentry",
  "pk": 23,
  "fields": {
    "content_type": [
      "cms_site",
      "collectionitemfinishing"
    ],
    "label": "Gris Terra",
    "action": "wagtail.create",
    "data": {},
    "timestamp": "2022-08-11T08:18:45.924Z",
    "uuid": "ab3bbf08-f0b8-4aed-9a1c-629d4152af27",
    "user": [
      "hola@codi.coop"
    ],
    "revision": null,
    "content_changed": false,
    "deleted": false,
    "object_id": "22"
  }
},
{
  "model": "wagtailcore.modellogentry",
  "pk": 24,
  "fields": {
    "content_type": [
      "cms_site",
      "collectionitemfinishing"
    ],
    "label": "Gris Antracita",
    "action": "wagtail.create",
    "data": {},
    "timestamp": "2022-08-11T08:18:51.807Z",
    "uuid": "d9e36589-9cd6-42fc-b882-845d245ec7a9",
    "user": [
      "hola@codi.coop"
    ],
    "revision": null,
    "content_changed": false,
    "deleted": false,
    "object_id": "23"
  }
},
{
  "model": "wagtailcore.modellogentry",
  "pk": 25,
  "fields": {
    "content_type": [
      "cms_site",
      "collectionitemfinishing"
    ],
    "label": "Negre Infinit",
    "action": "wagtail.create",
    "data": {},
    "timestamp": "2022-08-11T08:18:58.654Z",
    "uuid": "284e23bb-0f46-476d-aa2c-f49cbd5eee14",
    "user": [
      "hola@codi.coop"
    ],
    "revision": null,
    "content_changed": false,
    "deleted": false,
    "object_id": "24"
  }
},
{
  "model": "wagtailcore.modellogentry",
  "pk": 26,
  "fields": {
    "content_type": [
      "cms_site",
      "collectionitemfinishing"
    ],
    "label": "Gris Perla",
    "action": "wagtail.create",
    "data": {},
    "timestamp": "2022-08-11T08:19:04.890Z",
    "uuid": "1a8c405d-3906-4c3e-b97e-9fca474f9453",
    "user": [
      "hola@codi.coop"
    ],
    "revision": null,
    "content_changed": false,
    "deleted": false,
    "object_id": "25"
  }
},
{
  "model": "wagtailcore.modellogentry",
  "pk": 27,
  "fields": {
    "content_type": [
      "cms_site",
      "collectionitemfinishing"
    ],
    "label": "Gris Pedra",
    "action": "wagtail.create",
    "data": {},
    "timestamp": "2022-08-11T08:19:09.099Z",
    "uuid": "4f050f50-af0e-4d9a-a869-377eceb6b8c7",
    "user": [
      "hola@codi.coop"
    ],
    "revision": null,
    "content_changed": false,
    "deleted": false,
    "object_id": "26"
  }
},
{
  "model": "wagtailcore.modellogentry",
  "pk": 28,
  "fields": {
    "content_type": [
      "cms_site",
      "collectionitemfinishing"
    ],
    "label": "Gris Plom",
    "action": "wagtail.create",
    "data": {},
    "timestamp": "2022-08-11T08:19:14.020Z",
    "uuid": "4c7e86f1-25ad-4389-bca0-92df0fa2c73f",
    "user": [
      "hola@codi.coop"
    ],
    "revision": null,
    "content_changed": false,
    "deleted": false,
    "object_id": "27"
  }
},
{
  "model": "wagtailcore.modellogentry",
  "pk": 29,
  "fields": {
    "content_type": [
      "cms_site",
      "collectionitemfinishing"
    ],
    "label": "Taronja Terracota",
    "action": "wagtail.create",
    "data": {},
    "timestamp": "2022-08-11T08:19:21.699Z",
    "uuid": "33889175-86b2-4c6f-a262-fcb07eaac077",
    "user": [
      "hola@codi.coop"
    ],
    "revision": null,
    "content_changed": false,
    "deleted": false,
    "object_id": "28"
  }
},
{
  "model": "wagtailcore.modellogentry",
  "pk": 30,
  "fields": {
    "content_type": [
      "cms_site",
      "collectionitemfinishing"
    ],
    "label": "Groc Mostassa",
    "action": "wagtail.create",
    "data": {},
    "timestamp": "2022-08-11T08:19:27.162Z",
    "uuid": "cc5bb6dd-1b7e-47e0-8b0a-c7659bf9b43b",
    "user": [
      "hola@codi.coop"
    ],
    "revision": null,
    "content_changed": false,
    "deleted": false,
    "object_id": "29"
  }
},
{
  "model": "wagtailcore.modellogentry",
  "pk": 31,
  "fields": {
    "content_type": [
      "cms_site",
      "collectionitemfinishing"
    ],
    "label": "Blau Fosc",
    "action": "wagtail.create",
    "data": {},
    "timestamp": "2022-08-11T08:19:33.058Z",
    "uuid": "1fad8ab5-201f-452d-9b01-4e790406bce6",
    "user": [
      "hola@codi.coop"
    ],
    "revision": null,
    "content_changed": false,
    "deleted": false,
    "object_id": "30"
  }
},
{
  "model": "wagtailcore.modellogentry",
  "pk": 32,
  "fields": {
    "content_type": [
      "cms_site",
      "collectionitemfinishing"
    ],
    "label": "Blau Acer",
    "action": "wagtail.create",
    "data": {},
    "timestamp": "2022-08-11T08:19:39.777Z",
    "uuid": "e2e3c76e-3178-40f7-aba5-8c595a42bbdf",
    "user": [
      "hola@codi.coop"
    ],
    "revision": null,
    "content_changed": false,
    "deleted": false,
    "object_id": "31"
  }
},
{
  "model": "wagtailcore.modellogentry",
  "pk": 33,
  "fields": {
    "content_type": [
      "cms_site",
      "collectionitemfinishing"
    ],
    "label": "Blau Turquesa",
    "action": "wagtail.create",
    "data": {},
    "timestamp": "2022-08-11T08:19:44.750Z",
    "uuid": "8110d3f9-173b-4b74-985a-02fb02409789",
    "user": [
      "hola@codi.coop"
    ],
    "revision": null,
    "content_changed": false,
    "deleted": false,
    "object_id": "32"
  }
},
{
  "model": "wagtailcore.modellogentry",
  "pk": 34,
  "fields": {
    "content_type": [
      "cms_site",
      "collectionitemfinishing"
    ],
    "label": "Blau Clar",
    "action": "wagtail.create",
    "data": {},
    "timestamp": "2022-08-11T08:19:50.358Z",
    "uuid": "28b5d6b3-ad4d-4423-96fb-993c4c51980f",
    "user": [
      "hola@codi.coop"
    ],
    "revision": null,
    "content_changed": false,
    "deleted": false,
    "object_id": "33"
  }
},
{
  "model": "wagtailcore.modellogentry",
  "pk": 35,
  "fields": {
    "content_type": [
      "cms_site",
      "collectionitemfinishing"
    ],
    "label": "Blau Cel",
    "action": "wagtail.create",
    "data": {},
    "timestamp": "2022-08-11T08:19:54.989Z",
    "uuid": "a4ac6409-8ddc-4a51-8175-55fb9ba142b9",
    "user": [
      "hola@codi.coop"
    ],
    "revision": null,
    "content_changed": false,
    "deleted": false,
    "object_id": "34"
  }
},
{
  "model": "wagtailcore.modellogentry",
  "pk": 36,
  "fields": {
    "content_type": [
      "cms_site",
      "collectionitemfinishing"
    ],
    "label": "Morat Albergínia",
    "action": "wagtail.create",
    "data": {},
    "timestamp": "2022-08-11T08:20:09.272Z",
    "uuid": "c1204d2c-9e6e-4a5e-8df7-476aa5f6c66a",
    "user": [
      "hola@codi.coop"
    ],
    "revision": null,
    "content_changed": false,
    "deleted": false,
    "object_id": "35"
  }
},
{
  "model": "wagtailcore.modellogentry",
  "pk": 37,
  "fields": {
    "content_type": [
      "cms_site",
      "collectionitemfinishing"
    ],
    "label": "Vermell Òxid",
    "action": "wagtail.create",
    "data": {},
    "timestamp": "2022-08-11T08:20:53.543Z",
    "uuid": "297fc666-5ecb-4d72-a3a9-5ce14ee5c020",
    "user": [
      "hola@codi.coop"
    ],
    "revision": null,
    "content_changed": false,
    "deleted": false,
    "object_id": "36"
  }
},
{
  "model": "wagtailcore.modellogentry",
  "pk": 38,
  "fields": {
    "content_type": [
      "cms_site",
      "collectionitemfinishing"
    ],
    "label": "Vermell Cirera",
    "action": "wagtail.create",
    "data": {},
    "timestamp": "2022-08-11T08:21:05.970Z",
    "uuid": "656b6f14-a284-4368-8945-90f9f5d2328f",
    "user": [
      "hola@codi.coop"
    ],
    "revision": null,
    "content_changed": false,
    "deleted": false,
    "object_id": "37"
  }
},
{
  "model": "wagtailcore.modellogentry",
  "pk": 39,
  "fields": {
    "content_type": [
      "cms_site",
      "collectionitemfinishing"
    ],
    "label": "Rosa Fosc",
    "action": "wagtail.create",
    "data": {},
    "timestamp": "2022-08-11T08:23:24.488Z",
    "uuid": "70155a92-a618-493d-bb2a-d04695e89711",
    "user": [
      "hola@codi.coop"
    ],
    "revision": null,
    "content_changed": false,
    "deleted": false,
    "object_id": "38"
  }
},
{
  "model": "wagtailcore.modellogentry",
  "pk": 40,
  "fields": {
    "content_type": [
      "cms_site",
      "collectionitemfinishing"
    ],
    "label": "Rosa Palo",
    "action": "wagtail.create",
    "data": {},
    "timestamp": "2022-08-11T08:23:46.074Z",
    "uuid": "a694cc8b-ac66-43d0-a3e4-3632d11a856b",
    "user": [
      "hola@codi.coop"
    ],
    "revision": null,
    "content_changed": false,
    "deleted": false,
    "object_id": "39"
  }
},
{
  "model": "wagtailcore.modellogentry",
  "pk": 41,
  "fields": {
    "content_type": [
      "cms_site",
      "collectionitemfinishing"
    ],
    "label": "Calacatta",
    "action": "wagtail.create",
    "data": {},
    "timestamp": "2022-08-11T08:24:05.751Z",
    "uuid": "07e41740-895e-43fa-8083-f2337dbfd168",
    "user": [
      "hola@codi.coop"
    ],
    "revision": null,
    "content_changed": false,
    "deleted": false,
    "object_id": "40"
  }
},
{
  "model": "wagtailcore.modellogentry",
  "pk": 42,
  "fields": {
    "content_type": [
      "cms_site",
      "collectionitemfinishing"
    ],
    "label": "Atzabeja",
    "action": "wagtail.create",
    "data": {},
    "timestamp": "2022-08-11T08:24:23.214Z",
    "uuid": "3b1bce36-7de6-4233-8d86-e491491db94e",
    "user": [
      "hola@codi.coop"
    ],
    "revision": null,
    "content_changed": false,
    "deleted": false,
    "object_id": "41"
  }
},
{
  "model": "wagtailcore.modellogentry",
  "pk": 43,
  "fields": {
    "content_type": [
      "cms_site",
      "collectionitemfinishing"
    ],
    "label": "Bronze Daurat",
    "action": "wagtail.create",
    "data": {},
    "timestamp": "2022-08-11T08:24:31.276Z",
    "uuid": "4267cc97-2eb6-4902-a48e-615cf7a8e2dc",
    "user": [
      "hola@codi.coop"
    ],
    "revision": null,
    "content_changed": false,
    "deleted": false,
    "object_id": "42"
  }
},
{
  "model": "wagtailcore.modellogentry",
  "pk": 44,
  "fields": {
    "content_type": [
      "cms_site",
      "collectionitemfinishing"
    ],
    "label": "Bronze Torrat",
    "action": "wagtail.create",
    "data": {},
    "timestamp": "2022-08-11T08:24:38.617Z",
    "uuid": "eeaac69c-d416-49e7-950e-d69fd9ce7fbc",
    "user": [
      "hola@codi.coop"
    ],
    "revision": null,
    "content_changed": false,
    "deleted": false,
    "object_id": "43"
  }
},
{
  "model": "wagtailcore.modellogentry",
  "pk": 45,
  "fields": {
    "content_type": [
      "cms_site",
      "collectionitemtype"
    ],
    "label": "Menjador",
    "action": "wagtail.create",
    "data": {},
    "timestamp": "2022-08-11T08:40:12.540Z",
    "uuid": "23cde219-fc40-499c-94bf-5a1a2c283932",
    "user": [
      "hola@codi.coop"
    ],
    "revision": null,
    "content_changed": false,
    "deleted": false,
    "object_id": "1"
  }
},
{
  "model": "wagtailcore.modellogentry",
  "pk": 46,
  "fields": {
    "content_type": [
      "cms_site",
      "collectionitemtype"
    ],
    "label": "Dormitori",
    "action": "wagtail.create",
    "data": {},
    "timestamp": "2022-08-11T08:40:30.857Z",
    "uuid": "0591c841-ba73-4415-bc2f-b7d1fd9932b4",
    "user": [
      "hola@codi.coop"
    ],
    "revision": null,
    "content_changed": false,
    "deleted": false,
    "object_id": "3"
  }
},
{
  "model": "wagtailcore.modellogentry",
  "pk": 47,
  "fields": {
    "content_type": [
      "cms_site",
      "collectionitemmodel"
    ],
    "label": "MN1",
    "action": "wagtail.create",
    "data": {},
    "timestamp": "2022-08-11T08:41:54.996Z",
    "uuid": "9fc5d5ee-626d-4858-8d09-aa657b1bb8dc",
    "user": [
      "hola@codi.coop"
    ],
    "revision": null,
    "content_changed": false,
    "deleted": false,
    "object_id": "1"
  }
},
{
  "model": "wagtailcore.modellogentry",
  "pk": 48,
  "fields": {
    "content_type": [
      "cms_site",
      "collectionitemmodel"
    ],
    "label": "MN2",
    "action": "wagtail.create",
    "data": {},
    "timestamp": "2022-08-11T08:41:59.716Z",
    "uuid": "3ff3388d-b08f-4383-a30a-9f0b67e38eb9",
    "user": [
      "hola@codi.coop"
    ],
    "revision": null,
    "content_changed": false,
    "deleted": false,
    "object_id": "2"
  }
},
{
  "model": "wagtailcore.modellogentry",
  "pk": 49,
  "fields": {
    "content_type": [
      "cms_site",
      "collectionitemmodel"
    ],
    "label": "MN3",
    "action": "wagtail.create",
    "data": {},
    "timestamp": "2022-08-11T08:42:03.845Z",
    "uuid": "da2b6117-08b9-48c2-a808-7e2567be8323",
    "user": [
      "hola@codi.coop"
    ],
    "revision": null,
    "content_changed": false,
    "deleted": false,
    "object_id": "3"
  }
},
{
  "model": "wagtailcore.modellogentry",
  "pk": 50,
  "fields": {
    "content_type": [
      "cms_site",
      "collectionitemmodel"
    ],
    "label": "Area Single Net",
    "action": "wagtail.create",
    "data": {},
    "timestamp": "2022-08-11T08:43:02.769Z",
    "uuid": "e830c841-0dfc-47a5-96ef-dfa9e9775f69",
    "user": [
      "hola@codi.coop"
    ],
    "revision": null,
    "content_changed": false,
    "deleted": false,
    "object_id": "4"
  }
},
{
  "model": "wagtailcore.modellogentry",
  "pk": 51,
  "fields": {
    "content_type": [
      "cms_site",
      "collectionitemmodel"
    ],
    "label": "Area One MN1",
    "action": "wagtail.edit",
    "data": {},
    "timestamp": "2022-08-11T08:44:12.446Z",
    "uuid": "282e3ee1-cbce-48b2-8c01-4bde432685dc",
    "user": [
      "hola@codi.coop"
    ],
    "revision": null,
    "content_changed": false,
    "deleted": false,
    "object_id": "1"
  }
},
{
  "model": "wagtailcore.modellogentry",
  "pk": 52,
  "fields": {
    "content_type": [
      "cms_site",
      "collectionitemmodel"
    ],
    "label": "Area One MN2",
    "action": "wagtail.edit",
    "data": {},
    "timestamp": "2022-08-11T08:44:18.247Z",
    "uuid": "3e6775a0-c886-4a98-94d7-508810bc5362",
    "user": [
      "hola@codi.coop"
    ],
    "revision": null,
    "content_changed": false,
    "deleted": false,
    "object_id": "2"
  }
},
{
  "model": "wagtailcore.modellogentry",
  "pk": 53,
  "fields": {
    "content_type": [
      "cms_site",
      "collectionitemmodel"
    ],
    "label": "Area One MN3",
    "action": "wagtail.edit",
    "data": {},
    "timestamp": "2022-08-11T08:44:35.203Z",
    "uuid": "723445c5-93ea-4324-885d-26b86d1d628b",
    "user": [
      "hola@codi.coop"
    ],
    "revision": null,
    "content_changed": false,
    "deleted": false,
    "object_id": "3"
  }
},
{
  "model": "wagtailcore.modellogentry",
  "pk": 54,
  "fields": {
    "content_type": [
      "cms_site",
      "collectionitemmodel"
    ],
    "label": "Area One MN8",
    "action": "wagtail.create",
    "data": {},
    "timestamp": "2022-08-11T08:44:55.508Z",
    "uuid": "ea36f699-22b2-4682-8f06-380249eab5f3",
    "user": [
      "hola@codi.coop"
    ],
    "revision": null,
    "content_changed": false,
    "deleted": false,
    "object_id": "5"
  }
},
{
  "model": "wagtailcore.modellogentry",
  "pk": 55,
  "fields": {
    "content_type": [
      "cms_site",
      "collectionitemmodel"
    ],
    "label": "Area One MN4",
    "action": "wagtail.create",
    "data": {},
    "timestamp": "2022-08-11T08:45:12.974Z",
    "uuid": "e50d6dcf-8cda-456d-ab4f-5c71e72bb312",
    "user": [
      "hola@codi.coop"
    ],
    "revision": null,
    "content_changed": false,
    "deleted": false,
    "object_id": "6"
  }
},
{
  "model": "wagtailcore.modellogentry",
  "pk": 56,
  "fields": {
    "content_type": [
      "cms_site",
      "collectionitemmodel"
    ],
    "label": "Taga",
    "action": "wagtail.create",
    "data": {},
    "timestamp": "2022-08-11T08:45:24.872Z",
    "uuid": "f7f3e600-9d63-479b-8f70-773a70589cd1",
    "user": [
      "hola@codi.coop"
    ],
    "revision": null,
    "content_changed": false,
    "deleted": false,
    "object_id": "7"
  }
},
{
  "model": "wagtailcore.modellogentry",
  "pk": 57,
  "fields": {
    "content_type": [
      "cms_site",
      "collectionitemmodel"
    ],
    "label": "Volda",
    "action": "wagtail.create",
    "data": {},
    "timestamp": "2022-08-11T08:45:37.326Z",
    "uuid": "23dda438-5c7a-4c4e-8a62-241be7acc483",
    "user": [
      "hola@codi.coop"
    ],
    "revision": null,
    "content_changed": false,
    "deleted": false,
    "object_id": "8"
  }
},
{
  "model": "wagtailcore.modellogentry",
  "pk": 58,
  "fields": {
    "content_type": [
      "cms_site",
      "collectionitemmodel"
    ],
    "label": "Tanit",
    "action": "wagtail.create",
    "data": {},
    "timestamp": "2022-08-11T08:45:51.911Z",
    "uuid": "d1a1bf10-46e1-49ee-a89a-63a6e5848e05",
    "user": [
      "hola@codi.coop"
    ],
    "revision": null,
    "content_changed": false,
    "deleted": false,
    "object_id": "9"
  }
},
{
  "model": "wagtailcore.modellogentry",
  "pk": 59,
  "fields": {
    "content_type": [
      "cms_site",
      "collectionitemmodel"
    ],
    "label": "Døra",
    "action": "wagtail.create",
    "data": {},
    "timestamp": "2022-08-11T09:47:09.202Z",
    "uuid": "8312b1e1-a271-444e-b9bc-15fefd883e95",
    "user": [
      "hola@codi.coop"
    ],
    "revision": null,
    "content_changed": false,
    "deleted": false,
    "object_id": "10"
  }
},
{
  "model": "wagtailcore.modellogentry",
  "pk": 60,
  "fields": {
    "content_type": [
      "cms_site",
      "collectionitemmodel"
    ],
    "label": "Jörn",
    "action": "wagtail.create",
    "data": {},
    "timestamp": "2022-08-11T09:47:17.805Z",
    "uuid": "ea9bcf77-ea75-4d10-a1c3-55348ba39bff",
    "user": [
      "hola@codi.coop"
    ],
    "revision": null,
    "content_changed": false,
    "deleted": false,
    "object_id": "11"
  }
},
{
  "model": "wagtailcore.modellogentry",
  "pk": 61,
  "fields": {
    "content_type": [
      "cms_site",
      "collectionitemmodel"
    ],
    "label": "Brei",
    "action": "wagtail.create",
    "data": {},
    "timestamp": "2022-08-11T09:47:22.413Z",
    "uuid": "5881fff9-bbde-47dc-8466-9638ae719733",
    "user": [
      "hola@codi.coop"
    ],
    "revision": null,
    "content_changed": false,
    "deleted": false,
    "object_id": "12"
  }
},
{
  "model": "wagtailcore.modellogentry",
  "pk": 62,
  "fields": {
    "content_type": [
      "cms_site",
      "collectionitemmodel"
    ],
    "label": "Avik",
    "action": "wagtail.create",
    "data": {},
    "timestamp": "2022-08-11T09:47:32.384Z",
    "uuid": "9d917309-b06d-4aee-a2e2-08078f1b7fdb",
    "user": [
      "hola@codi.coop"
    ],
    "revision": null,
    "content_changed": false,
    "deleted": false,
    "object_id": "13"
  }
},
{
  "model": "wagtailcore.modellogentry",
  "pk": 63,
  "fields": {
    "content_type": [
      "cms_site",
      "collectionitemmodel"
    ],
    "label": "Søvik",
    "action": "wagtail.create",
    "data": {},
    "timestamp": "2022-08-11T09:47:37.805Z",
    "uuid": "9ffcbd73-c40c-4d86-9402-ba92d67dc5f0",
    "user": [
      "hola@codi.coop"
    ],
    "revision": null,
    "content_changed": false,
    "deleted": false,
    "object_id": "14"
  }
},
{
  "model": "wagtailcore.modellogentry",
  "pk": 64,
  "fields": {
    "content_type": [
      "cms_site",
      "collectionitemmodel"
    ],
    "label": "Brevik",
    "action": "wagtail.create",
    "data": {},
    "timestamp": "2022-08-11T09:47:50.319Z",
    "uuid": "a294c3c6-51de-4c75-81d0-8a6622ea8b2b",
    "user": [
      "hola@codi.coop"
    ],
    "revision": null,
    "content_changed": false,
    "deleted": false,
    "object_id": "15"
  }
},
{
  "model": "wagtailcore.modellogentry",
  "pk": 65,
  "fields": {
    "content_type": [
      "cms_site",
      "collectionitemmodel"
    ],
    "label": "Tørla",
    "action": "wagtail.create",
    "data": {},
    "timestamp": "2022-08-11T09:47:59.092Z",
    "uuid": "16698103-1d77-471f-af2f-964b9bed270d",
    "user": [
      "hola@codi.coop"
    ],
    "revision": null,
    "content_changed": false,
    "deleted": false,
    "object_id": "16"
  }
},
{
  "model": "wagtailcore.modellogentry",
  "pk": 66,
  "fields": {
    "content_type": [
      "cms_site",
      "collectionitemmodel"
    ],
    "label": "Göta",
    "action": "wagtail.create",
    "data": {},
    "timestamp": "2022-08-11T09:48:07.066Z",
    "uuid": "88976c10-f53c-4f49-8ea0-56e7ac7dd833",
    "user": [
      "hola@codi.coop"
    ],
    "revision": null,
    "content_changed": false,
    "deleted": false,
    "object_id": "17"
  }
},
{
  "model": "wagtailcore.modellogentry",
  "pk": 67,
  "fields": {
    "content_type": [
      "cms_site",
      "collectionitemmodel"
    ],
    "label": "Tolga",
    "action": "wagtail.create",
    "data": {},
    "timestamp": "2022-08-11T09:48:16.085Z",
    "uuid": "259014c4-14c6-45cb-9518-70293aa51dc9",
    "user": [
      "hola@codi.coop"
    ],
    "revision": null,
    "content_changed": false,
    "deleted": false,
    "object_id": "18"
  }
},
{
  "model": "wagtailcore.modellogentry",
  "pk": 68,
  "fields": {
    "content_type": [
      "cms_site",
      "collectionitemmodel"
    ],
    "label": "Tøre",
    "action": "wagtail.create",
    "data": {},
    "timestamp": "2022-08-11T09:48:34.669Z",
    "uuid": "541f60f8-6ac4-4ab3-97a8-dfb03a3a9c35",
    "user": [
      "hola@codi.coop"
    ],
    "revision": null,
    "content_changed": false,
    "deleted": false,
    "object_id": "19"
  }
},
{
  "model": "wagtailcore.modellogentry",
  "pk": 69,
  "fields": {
    "content_type": [
      "cms_site",
      "collectionitemmodel"
    ],
    "label": "Solna",
    "action": "wagtail.create",
    "data": {},
    "timestamp": "2022-08-11T09:48:45.617Z",
    "uuid": "70fbe9b3-1b55-456e-8096-297f0ae4823c",
    "user": [
      "hola@codi.coop"
    ],
    "revision": null,
    "content_changed": false,
    "deleted": false,
    "object_id": "20"
  }
},
{
  "model": "wagtailcore.modellogentry",
  "pk": 70,
  "fields": {
    "content_type": [
      "cms_site",
      "collectionitemmodel"
    ],
    "label": "Vika",
    "action": "wagtail.create",
    "data": {},
    "timestamp": "2022-08-11T09:49:02.704Z",
    "uuid": "cfc964a3-08a2-401f-a6ee-39dbd00c9693",
    "user": [
      "hola@codi.coop"
    ],
    "revision": null,
    "content_changed": false,
    "deleted": false,
    "object_id": "21"
  }
},
{
  "model": "wagtailcore.modellogentry",
  "pk": 71,
  "fields": {
    "content_type": [
      "cms_site",
      "collectionitemmodel"
    ],
    "label": "Rona",
    "action": "wagtail.create",
    "data": {},
    "timestamp": "2022-08-11T09:49:14.090Z",
    "uuid": "06e10a7c-beee-4608-9c94-4fdf89a98e6d",
    "user": [
      "hola@codi.coop"
    ],
    "revision": null,
    "content_changed": false,
    "deleted": false,
    "object_id": "22"
  }
},
{
  "model": "wagtailcore.modellogentry",
  "pk": 72,
  "fields": {
    "content_type": [
      "cms_site",
      "collectionitemmodel"
    ],
    "label": "Bro",
    "action": "wagtail.create",
    "data": {},
    "timestamp": "2022-08-11T09:49:24.379Z",
    "uuid": "aa61d074-5981-4b0f-860d-07976a7af2fc",
    "user": [
      "hola@codi.coop"
    ],
    "revision": null,
    "content_changed": false,
    "deleted": false,
    "object_id": "23"
  }
},
{
  "model": "wagtailcore.modellogentry",
  "pk": 73,
  "fields": {
    "content_type": [
      "cms_site",
      "collectionitemmodel"
    ],
    "label": "Viken",
    "action": "wagtail.create",
    "data": {},
    "timestamp": "2022-08-11T09:49:33.374Z",
    "uuid": "92b06341-7be3-4508-a90c-bae1ef359722",
    "user": [
      "hola@codi.coop"
    ],
    "revision": null,
    "content_changed": false,
    "deleted": false,
    "object_id": "24"
  }
},
{
  "model": "wagtailcore.modellogentry",
  "pk": 74,
  "fields": {
    "content_type": [
      "cms_site",
      "collectionitemmodel"
    ],
    "label": "Nybro",
    "action": "wagtail.create",
    "data": {},
    "timestamp": "2022-08-11T09:49:41.837Z",
    "uuid": "aa2fd25c-d786-40b9-8a07-80533cbdca0f",
    "user": [
      "hola@codi.coop"
    ],
    "revision": null,
    "content_changed": false,
    "deleted": false,
    "object_id": "25"
  }
},
{
  "model": "wagtailcore.modellogentry",
  "pk": 75,
  "fields": {
    "content_type": [
      "cms_site",
      "collectionitemmodel"
    ],
    "label": "Brunna",
    "action": "wagtail.create",
    "data": {},
    "timestamp": "2022-08-11T09:50:13.041Z",
    "uuid": "5272ed9a-597e-45da-9377-d712186ac546",
    "user": [
      "hola@codi.coop"
    ],
    "revision": null,
    "content_changed": false,
    "deleted": false,
    "object_id": "26"
  }
},
{
  "model": "wagtailcore.modellogentry",
  "pk": 76,
  "fields": {
    "content_type": [
      "cms_site",
      "collectionitemmodel"
    ],
    "label": "Äsa",
    "action": "wagtail.create",
    "data": {},
    "timestamp": "2022-08-11T09:50:17.263Z",
    "uuid": "27b0e85f-67c7-4aa3-8778-23226d7dd2b0",
    "user": [
      "hola@codi.coop"
    ],
    "revision": null,
    "content_changed": false,
    "deleted": false,
    "object_id": "27"
  }
},
{
  "model": "wagtailcore.modellogentry",
  "pk": 77,
  "fields": {
    "content_type": [
      "cms_site",
      "collectionitemmodel"
    ],
    "label": "Floda",
    "action": "wagtail.create",
    "data": {},
    "timestamp": "2022-08-11T09:50:50.026Z",
    "uuid": "f508a02f-41e4-4c93-89ee-639e1be219a8",
    "user": [
      "hola@codi.coop"
    ],
    "revision": null,
    "content_changed": false,
    "deleted": false,
    "object_id": "28"
  }
},
{
  "model": "wagtailcore.modellogentry",
  "pk": 78,
  "fields": {
    "content_type": [
      "cms_site",
      "collectionitemmodel"
    ],
    "label": "Göta",
    "action": "wagtail.create",
    "data": {},
    "timestamp": "2022-08-11T09:51:03.907Z",
    "uuid": "ec0b3632-d4a8-4243-844b-9fa1954639b7",
    "user": [
      "hola@codi.coop"
    ],
    "revision": null,
    "content_changed": false,
    "deleted": false,
    "object_id": "29"
  }
},
{
  "model": "wagtailcore.modellogentry",
  "pk": 79,
  "fields": {
    "content_type": [
      "cms_site",
      "collectionitemfinishing"
    ],
    "label": "Roble 0",
    "action": "wagtail.delete",
    "data": {},
    "timestamp": "2022-09-13T15:19:32.205Z",
    "uuid": "07071a27-72c8-461a-bc68-e63731baf031",
    "user": [
      "hola@codi.coop"
    ],
    "revision": null,
    "content_changed": false,
    "deleted": false,
    "object_id": "44"
  }
},
{
  "model": "wagtailcore.modellogentry",
  "pk": 80,
  "fields": {
    "content_type": [
      "cms_site",
      "collectionitemfinishing"
    ],
    "label": "Roble 30",
    "action": "wagtail.delete",
    "data": {},
    "timestamp": "2022-09-13T15:19:32.214Z",
    "uuid": "07071a27-72c8-461a-bc68-e63731baf031",
    "user": [
      "hola@codi.coop"
    ],
    "revision": null,
    "content_changed": false,
    "deleted": false,
    "object_id": "45"
  }
},
{
  "model": "wagtailcore.modellogentry",
  "pk": 81,
  "fields": {
    "content_type": [
      "cms_site",
      "collectionitemfinishing"
    ],
    "label": "Roble 60",
    "action": "wagtail.delete",
    "data": {},
    "timestamp": "2022-09-13T15:19:32.219Z",
    "uuid": "07071a27-72c8-461a-bc68-e63731baf031",
    "user": [
      "hola@codi.coop"
    ],
    "revision": null,
    "content_changed": false,
    "deleted": false,
    "object_id": "46"
  }
},
{
  "model": "wagtailcore.modellogentry",
  "pk": 82,
  "fields": {
    "content_type": [
      "cms_site",
      "collectionitemfinishing"
    ],
    "label": "Roble 90",
    "action": "wagtail.delete",
    "data": {},
    "timestamp": "2022-09-13T15:19:32.225Z",
    "uuid": "07071a27-72c8-461a-bc68-e63731baf031",
    "user": [
      "hola@codi.coop"
    ],
    "revision": null,
    "content_changed": false,
    "deleted": false,
    "object_id": "47"
  }
},
{
  "model": "wagtailcore.modellogentry",
  "pk": 83,
  "fields": {
    "content_type": [
      "cms_site",
      "collectionitemfinishing"
    ],
    "label": "Roble 75",
    "action": "wagtail.delete",
    "data": {},
    "timestamp": "2022-09-13T15:19:32.230Z",
    "uuid": "07071a27-72c8-461a-bc68-e63731baf031",
    "user": [
      "hola@codi.coop"
    ],
    "revision": null,
    "content_changed": false,
    "deleted": false,
    "object_id": "48"
  }
},
{
  "model": "wagtailcore.modellogentry",
  "pk": 84,
  "fields": {
    "content_type": [
      "cms_site",
      "collectionitemfinishing"
    ],
    "label": "Roble 15",
    "action": "wagtail.delete",
    "data": {},
    "timestamp": "2022-09-13T15:19:32.237Z",
    "uuid": "07071a27-72c8-461a-bc68-e63731baf031",
    "user": [
      "hola@codi.coop"
    ],
    "revision": null,
    "content_changed": false,
    "deleted": false,
    "object_id": "49"
  }
},
{
  "model": "wagtailcore.modellogentry",
  "pk": 85,
  "fields": {
    "content_type": [
      "cms_site",
      "collectionitemfinishing"
    ],
    "label": "Roble 20",
    "action": "wagtail.delete",
    "data": {},
    "timestamp": "2022-09-13T15:19:32.242Z",
    "uuid": "07071a27-72c8-461a-bc68-e63731baf031",
    "user": [
      "hola@codi.coop"
    ],
    "revision": null,
    "content_changed": false,
    "deleted": false,
    "object_id": "50"
  }
},
{
  "model": "wagtailcore.modellogentry",
  "pk": 86,
  "fields": {
    "content_type": [
      "cms_site",
      "collectionitemfinishing"
    ],
    "label": "Eucalipto",
    "action": "wagtail.delete",
    "data": {},
    "timestamp": "2022-09-13T15:19:32.248Z",
    "uuid": "07071a27-72c8-461a-bc68-e63731baf031",
    "user": [
      "hola@codi.coop"
    ],
    "revision": null,
    "content_changed": false,
    "deleted": false,
    "object_id": "51"
  }
},
{
  "model": "wagtailcore.modellogentry",
  "pk": 87,
  "fields": {
    "content_type": [
      "cms_site",
      "collectionitemfinishing"
    ],
    "label": "Nogal 06",
    "action": "wagtail.delete",
    "data": {},
    "timestamp": "2022-09-13T15:19:32.254Z",
    "uuid": "07071a27-72c8-461a-bc68-e63731baf031",
    "user": [
      "hola@codi.coop"
    ],
    "revision": null,
    "content_changed": false,
    "deleted": false,
    "object_id": "52"
  }
},
{
  "model": "wagtailcore.modellogentry",
  "pk": 88,
  "fields": {
    "content_type": [
      "cms_site",
      "collectionitemfinishing"
    ],
    "label": "Nogal 02",
    "action": "wagtail.delete",
    "data": {},
    "timestamp": "2022-09-13T15:19:32.259Z",
    "uuid": "07071a27-72c8-461a-bc68-e63731baf031",
    "user": [
      "hola@codi.coop"
    ],
    "revision": null,
    "content_changed": false,
    "deleted": false,
    "object_id": "53"
  }
},
{
  "model": "wagtailcore.modellogentry",
  "pk": 89,
  "fields": {
    "content_type": [
      "cms_site",
      "collectionitemfinishing"
    ],
    "label": "Nogal 07",
    "action": "wagtail.delete",
    "data": {},
    "timestamp": "2022-09-13T15:19:32.264Z",
    "uuid": "07071a27-72c8-461a-bc68-e63731baf031",
    "user": [
      "hola@codi.coop"
    ],
    "revision": null,
    "content_changed": false,
    "deleted": false,
    "object_id": "54"
  }
},
{
  "model": "wagtailcore.modellogentry",
  "pk": 90,
  "fields": {
    "content_type": [
      "cms_site",
      "collectionitemfinishing"
    ],
    "label": "Nogal 10",
    "action": "wagtail.delete",
    "data": {},
    "timestamp": "2022-09-13T15:19:32.270Z",
    "uuid": "07071a27-72c8-461a-bc68-e63731baf031",
    "user": [
      "hola@codi.coop"
    ],
    "revision": null,
    "content_changed": false,
    "deleted": false,
    "object_id": "55"
  }
},
{
  "model": "wagtailcore.modellogentry",
  "pk": 91,
  "fields": {
    "content_type": [
      "cms_site",
      "collectionitemfinishing"
    ],
    "label": "Cerezo Nogal",
    "action": "wagtail.delete",
    "data": {},
    "timestamp": "2022-09-13T15:19:32.275Z",
    "uuid": "07071a27-72c8-461a-bc68-e63731baf031",
    "user": [
      "hola@codi.coop"
    ],
    "revision": null,
    "content_changed": false,
    "deleted": false,
    "object_id": "56"
  }
},
{
  "model": "wagtailcore.modellogentry",
  "pk": 92,
  "fields": {
    "content_type": [
      "cms_site",
      "collectionitemfinishing"
    ],
    "label": "Cerezo Natural",
    "action": "wagtail.delete",
    "data": {},
    "timestamp": "2022-09-13T15:19:32.281Z",
    "uuid": "07071a27-72c8-461a-bc68-e63731baf031",
    "user": [
      "hola@codi.coop"
    ],
    "revision": null,
    "content_changed": false,
    "deleted": false,
    "object_id": "57"
  }
},
{
  "model": "wagtailcore.modellogentry",
  "pk": 93,
  "fields": {
    "content_type": [
      "cms_site",
      "collectionitemfinishing"
    ],
    "label": "Blanco Puro",
    "action": "wagtail.delete",
    "data": {},
    "timestamp": "2022-09-13T15:19:32.287Z",
    "uuid": "07071a27-72c8-461a-bc68-e63731baf031",
    "user": [
      "hola@codi.coop"
    ],
    "revision": null,
    "content_changed": false,
    "deleted": false,
    "object_id": "58"
  }
},
{
  "model": "wagtailcore.modellogentry",
  "pk": 94,
  "fields": {
    "content_type": [
      "cms_site",
      "collectionitemfinishing"
    ],
    "label": "Blanco Marfil",
    "action": "wagtail.delete",
    "data": {},
    "timestamp": "2022-09-13T15:19:32.292Z",
    "uuid": "07071a27-72c8-461a-bc68-e63731baf031",
    "user": [
      "hola@codi.coop"
    ],
    "revision": null,
    "content_changed": false,
    "deleted": false,
    "object_id": "59"
  }
},
{
  "model": "wagtailcore.modellogentry",
  "pk": 95,
  "fields": {
    "content_type": [
      "cms_site",
      "collectionitemfinishing"
    ],
    "label": "Beige Natural",
    "action": "wagtail.delete",
    "data": {},
    "timestamp": "2022-09-13T15:19:32.298Z",
    "uuid": "07071a27-72c8-461a-bc68-e63731baf031",
    "user": [
      "hola@codi.coop"
    ],
    "revision": null,
    "content_changed": false,
    "deleted": false,
    "object_id": "60"
  }
},
{
  "model": "wagtailcore.modellogentry",
  "pk": 96,
  "fields": {
    "content_type": [
      "cms_site",
      "collectionitemfinishing"
    ],
    "label": "Beige Pastel",
    "action": "wagtail.delete",
    "data": {},
    "timestamp": "2022-09-13T15:19:32.304Z",
    "uuid": "07071a27-72c8-461a-bc68-e63731baf031",
    "user": [
      "hola@codi.coop"
    ],
    "revision": null,
    "content_changed": false,
    "deleted": false,
    "object_id": "61"
  }
},
{
  "model": "wagtailcore.modellogentry",
  "pk": 97,
  "fields": {
    "content_type": [
      "cms_site",
      "collectionitemfinishing"
    ],
    "label": "Beige Arena",
    "action": "wagtail.delete",
    "data": {},
    "timestamp": "2022-09-13T15:19:32.310Z",
    "uuid": "07071a27-72c8-461a-bc68-e63731baf031",
    "user": [
      "hola@codi.coop"
    ],
    "revision": null,
    "content_changed": false,
    "deleted": false,
    "object_id": "62"
  }
},
{
  "model": "wagtailcore.modellogentry",
  "pk": 98,
  "fields": {
    "content_type": [
      "cms_site",
      "collectionitemfinishing"
    ],
    "label": "Beige Sílex",
    "action": "wagtail.delete",
    "data": {},
    "timestamp": "2022-09-13T15:19:32.316Z",
    "uuid": "07071a27-72c8-461a-bc68-e63731baf031",
    "user": [
      "hola@codi.coop"
    ],
    "revision": null,
    "content_changed": false,
    "deleted": false,
    "object_id": "63"
  }
},
{
  "model": "wagtailcore.modellogentry",
  "pk": 99,
  "fields": {
    "content_type": [
      "cms_site",
      "collectionitemfinishing"
    ],
    "label": "Gris Nórdico",
    "action": "wagtail.delete",
    "data": {},
    "timestamp": "2022-09-13T15:19:43.206Z",
    "uuid": "2fdeb447-0ee2-4968-b6ff-89e24eb392c9",
    "user": [
      "hola@codi.coop"
    ],
    "revision": null,
    "content_changed": false,
    "deleted": false,
    "object_id": "64"
  }
},
{
  "model": "wagtailcore.modellogentry",
  "pk": 100,
  "fields": {
    "content_type": [
      "cms_site",
      "collectionitemfinishing"
    ],
    "label": "Gris Tierra",
    "action": "wagtail.delete",
    "data": {},
    "timestamp": "2022-09-13T15:19:43.218Z",
    "uuid": "2fdeb447-0ee2-4968-b6ff-89e24eb392c9",
    "user": [
      "hola@codi.coop"
    ],
    "revision": null,
    "content_changed": false,
    "deleted": false,
    "object_id": "65"
  }
},
{
  "model": "wagtailcore.modellogentry",
  "pk": 101,
  "fields": {
    "content_type": [
      "cms_site",
      "collectionitemfinishing"
    ],
    "label": "Negro Infinito",
    "action": "wagtail.delete",
    "data": {},
    "timestamp": "2022-09-13T15:19:43.228Z",
    "uuid": "2fdeb447-0ee2-4968-b6ff-89e24eb392c9",
    "user": [
      "hola@codi.coop"
    ],
    "revision": null,
    "content_changed": false,
    "deleted": false,
    "object_id": "66"
  }
},
{
  "model": "wagtailcore.modellogentry",
  "pk": 102,
  "fields": {
    "content_type": [
      "cms_site",
      "collectionitemfinishing"
    ],
    "label": "Gris Piedra",
    "action": "wagtail.delete",
    "data": {},
    "timestamp": "2022-09-13T15:19:43.236Z",
    "uuid": "2fdeb447-0ee2-4968-b6ff-89e24eb392c9",
    "user": [
      "hola@codi.coop"
    ],
    "revision": null,
    "content_changed": false,
    "deleted": false,
    "object_id": "67"
  }
},
{
  "model": "wagtailcore.modellogentry",
  "pk": 103,
  "fields": {
    "content_type": [
      "cms_site",
      "collectionitemfinishing"
    ],
    "label": "Gris Plomo",
    "action": "wagtail.delete",
    "data": {},
    "timestamp": "2022-09-13T15:19:43.242Z",
    "uuid": "2fdeb447-0ee2-4968-b6ff-89e24eb392c9",
    "user": [
      "hola@codi.coop"
    ],
    "revision": null,
    "content_changed": false,
    "deleted": false,
    "object_id": "68"
  }
},
{
  "model": "wagtailcore.modellogentry",
  "pk": 104,
  "fields": {
    "content_type": [
      "cms_site",
      "collectionitemfinishing"
    ],
    "label": "Naranja Terracota",
    "action": "wagtail.delete",
    "data": {},
    "timestamp": "2022-09-13T15:19:43.247Z",
    "uuid": "2fdeb447-0ee2-4968-b6ff-89e24eb392c9",
    "user": [
      "hola@codi.coop"
    ],
    "revision": null,
    "content_changed": false,
    "deleted": false,
    "object_id": "69"
  }
},
{
  "model": "wagtailcore.modellogentry",
  "pk": 105,
  "fields": {
    "content_type": [
      "cms_site",
      "collectionitemfinishing"
    ],
    "label": "Amarillo Mostaza",
    "action": "wagtail.delete",
    "data": {},
    "timestamp": "2022-09-13T15:19:43.253Z",
    "uuid": "2fdeb447-0ee2-4968-b6ff-89e24eb392c9",
    "user": [
      "hola@codi.coop"
    ],
    "revision": null,
    "content_changed": false,
    "deleted": false,
    "object_id": "70"
  }
},
{
  "model": "wagtailcore.modellogentry",
  "pk": 106,
  "fields": {
    "content_type": [
      "cms_site",
      "collectionitemfinishing"
    ],
    "label": "Azul Oscuro",
    "action": "wagtail.delete",
    "data": {},
    "timestamp": "2022-09-13T15:19:43.258Z",
    "uuid": "2fdeb447-0ee2-4968-b6ff-89e24eb392c9",
    "user": [
      "hola@codi.coop"
    ],
    "revision": null,
    "content_changed": false,
    "deleted": false,
    "object_id": "71"
  }
},
{
  "model": "wagtailcore.modellogentry",
  "pk": 107,
  "fields": {
    "content_type": [
      "cms_site",
      "collectionitemfinishing"
    ],
    "label": "Azul Acero",
    "action": "wagtail.delete",
    "data": {},
    "timestamp": "2022-09-13T15:19:43.263Z",
    "uuid": "2fdeb447-0ee2-4968-b6ff-89e24eb392c9",
    "user": [
      "hola@codi.coop"
    ],
    "revision": null,
    "content_changed": false,
    "deleted": false,
    "object_id": "72"
  }
},
{
  "model": "wagtailcore.modellogentry",
  "pk": 108,
  "fields": {
    "content_type": [
      "cms_site",
      "collectionitemfinishing"
    ],
    "label": "Azul Turquesa",
    "action": "wagtail.delete",
    "data": {},
    "timestamp": "2022-09-13T15:19:43.268Z",
    "uuid": "2fdeb447-0ee2-4968-b6ff-89e24eb392c9",
    "user": [
      "hola@codi.coop"
    ],
    "revision": null,
    "content_changed": false,
    "deleted": false,
    "object_id": "73"
  }
},
{
  "model": "wagtailcore.modellogentry",
  "pk": 109,
  "fields": {
    "content_type": [
      "cms_site",
      "collectionitemfinishing"
    ],
    "label": "Azul Claro",
    "action": "wagtail.delete",
    "data": {},
    "timestamp": "2022-09-13T15:19:43.273Z",
    "uuid": "2fdeb447-0ee2-4968-b6ff-89e24eb392c9",
    "user": [
      "hola@codi.coop"
    ],
    "revision": null,
    "content_changed": false,
    "deleted": false,
    "object_id": "74"
  }
},
{
  "model": "wagtailcore.modellogentry",
  "pk": 110,
  "fields": {
    "content_type": [
      "cms_site",
      "collectionitemfinishing"
    ],
    "label": "Azul Cielo",
    "action": "wagtail.delete",
    "data": {},
    "timestamp": "2022-09-13T15:19:43.279Z",
    "uuid": "2fdeb447-0ee2-4968-b6ff-89e24eb392c9",
    "user": [
      "hola@codi.coop"
    ],
    "revision": null,
    "content_changed": false,
    "deleted": false,
    "object_id": "75"
  }
},
{
  "model": "wagtailcore.modellogentry",
  "pk": 111,
  "fields": {
    "content_type": [
      "cms_site",
      "collectionitemfinishing"
    ],
    "label": "Morado Berenjena",
    "action": "wagtail.delete",
    "data": {},
    "timestamp": "2022-09-13T15:19:43.284Z",
    "uuid": "2fdeb447-0ee2-4968-b6ff-89e24eb392c9",
    "user": [
      "hola@codi.coop"
    ],
    "revision": null,
    "content_changed": false,
    "deleted": false,
    "object_id": "76"
  }
},
{
  "model": "wagtailcore.modellogentry",
  "pk": 112,
  "fields": {
    "content_type": [
      "cms_site",
      "collectionitemfinishing"
    ],
    "label": "Rojo Óxido",
    "action": "wagtail.delete",
    "data": {},
    "timestamp": "2022-09-13T15:19:43.290Z",
    "uuid": "2fdeb447-0ee2-4968-b6ff-89e24eb392c9",
    "user": [
      "hola@codi.coop"
    ],
    "revision": null,
    "content_changed": false,
    "deleted": false,
    "object_id": "77"
  }
},
{
  "model": "wagtailcore.modellogentry",
  "pk": 113,
  "fields": {
    "content_type": [
      "cms_site",
      "collectionitemfinishing"
    ],
    "label": "Rojo Cereza",
    "action": "wagtail.delete",
    "data": {},
    "timestamp": "2022-09-13T15:19:43.295Z",
    "uuid": "2fdeb447-0ee2-4968-b6ff-89e24eb392c9",
    "user": [
      "hola@codi.coop"
    ],
    "revision": null,
    "content_changed": false,
    "deleted": false,
    "object_id": "78"
  }
},
{
  "model": "wagtailcore.modellogentry",
  "pk": 114,
  "fields": {
    "content_type": [
      "cms_site",
      "collectionitemfinishing"
    ],
    "label": "Rosa Oscuro",
    "action": "wagtail.delete",
    "data": {},
    "timestamp": "2022-09-13T15:19:43.301Z",
    "uuid": "2fdeb447-0ee2-4968-b6ff-89e24eb392c9",
    "user": [
      "hola@codi.coop"
    ],
    "revision": null,
    "content_changed": false,
    "deleted": false,
    "object_id": "79"
  }
},
{
  "model": "wagtailcore.modellogentry",
  "pk": 115,
  "fields": {
    "content_type": [
      "cms_site",
      "collectionitemfinishing"
    ],
    "label": "Azabache",
    "action": "wagtail.delete",
    "data": {},
    "timestamp": "2022-09-13T15:19:43.306Z",
    "uuid": "2fdeb447-0ee2-4968-b6ff-89e24eb392c9",
    "user": [
      "hola@codi.coop"
    ],
    "revision": null,
    "content_changed": false,
    "deleted": false,
    "object_id": "80"
  }
},
{
  "model": "wagtailcore.modellogentry",
  "pk": 116,
  "fields": {
    "content_type": [
      "cms_site",
      "collectionitemfinishing"
    ],
    "label": "Bronce Dorado",
    "action": "wagtail.delete",
    "data": {},
    "timestamp": "2022-09-13T15:19:43.312Z",
    "uuid": "2fdeb447-0ee2-4968-b6ff-89e24eb392c9",
    "user": [
      "hola@codi.coop"
    ],
    "revision": null,
    "content_changed": false,
    "deleted": false,
    "object_id": "81"
  }
},
{
  "model": "wagtailcore.modellogentry",
  "pk": 117,
  "fields": {
    "content_type": [
      "cms_site",
      "collectionitemfinishing"
    ],
    "label": "Bronce Tostado",
    "action": "wagtail.delete",
    "data": {},
    "timestamp": "2022-09-13T15:19:43.317Z",
    "uuid": "2fdeb447-0ee2-4968-b6ff-89e24eb392c9",
    "user": [
      "hola@codi.coop"
    ],
    "revision": null,
    "content_changed": false,
    "deleted": false,
    "object_id": "82"
  }
},
{
  "model": "wagtailcore.modellogentry",
  "pk": 118,
  "fields": {
    "content_type": [
      "cms_site",
      "collectionitemtype"
    ],
    "label": "Comedor",
    "action": "wagtail.delete",
    "data": {},
    "timestamp": "2022-09-13T15:20:03.185Z",
    "uuid": "bd5d3f48-dece-4592-b8d2-51cfd4b24734",
    "user": [
      "hola@codi.coop"
    ],
    "revision": null,
    "content_changed": false,
    "deleted": false,
    "object_id": "2"
  }
},
{
  "model": "wagtailcore.modellogentry",
  "pk": 119,
  "fields": {
    "content_type": [
      "cms_site",
      "collectionitemtype"
    ],
    "label": "Dormitorio",
    "action": "wagtail.delete",
    "data": {},
    "timestamp": "2022-09-13T15:20:03.203Z",
    "uuid": "bd5d3f48-dece-4592-b8d2-51cfd4b24734",
    "user": [
      "hola@codi.coop"
    ],
    "revision": null,
    "content_changed": false,
    "deleted": false,
    "object_id": "4"
  }
},
{
  "model": "wagtailcore.modellogentry",
  "pk": 120,
  "fields": {
    "content_type": [
      "wagtailcore",
      "locale"
    ],
    "label": "Spanish",
    "action": "wagtail.delete",
    "data": {},
    "timestamp": "2022-09-13T15:20:11.333Z",
    "uuid": "36b58275-fec1-433f-bee0-193822a277e6",
    "user": [
      "hola@codi.coop"
    ],
    "revision": null,
    "content_changed": false,
    "deleted": false,
    "object_id": "2"
  }
},
{
  "model": "wagtailcore.collection",
  "pk": 1,
  "fields": {
    "path": "0001",
    "depth": 1,
    "numchild": 1,
    "name": "Root"
  }
},
{
  "model": "wagtailcore.collection",
  "pk": 3,
  "fields": {
    "path": "00010001",
    "depth": 2,
    "numchild": 1,
    "name": "Projectes a mida"
  }
},
{
  "model": "wagtailcore.collection",
  "pk": 4,
  "fields": {
    "path": "000100010001",
    "depth": 3,
    "numchild": 0,
    "name": "Projecte CR"
  }
},
{
  "model": "wagtailcore.page",
  "pk": 1,
  "fields": {
    "path": "0001",
    "depth": 1,
    "numchild": 1,
    "translation_key": "8de012ef-93aa-4dc4-a16f-1c815806e7c0",
    "locale": 1,
    "latest_revision": null,
    "live": true,
    "has_unpublished_changes": false,
    "first_published_at": null,
    "last_published_at": null,
    "live_revision": null,
    "go_live_at": null,
    "expire_at": null,
    "expired": false,
    "locked": false,
    "locked_at": null,
    "locked_by": null,
    "title": "Root",
    "draft_title": "Root",
    "slug": "root",
    "content_type": [
      "wagtailcore",
      "page"
    ],
    "url_path": "/",
    "owner": null,
    "seo_title": "",
    "show_in_menus": false,
    "search_description": "",
    "latest_revision_created_at": null,
    "alias_of": null
  }
},
{
  "model": "wagtailcore.page",
  "pk": 2,
  "fields": {
    "path": "00010001",
    "depth": 2,
    "numchild": 3,
    "translation_key": "cbf1099f-57c1-4bdd-beae-1b1eb6602e3c",
    "locale": 1,
    "latest_revision": 10,
    "live": true,
    "has_unpublished_changes": false,
    "first_published_at": "2022-08-10T13:56:15.151Z",
    "last_published_at": "2022-08-11T10:37:14.923Z",
    "live_revision": 10,
    "go_live_at": null,
    "expire_at": null,
    "expired": false,
    "locked": false,
    "locked_at": null,
    "locked_by": null,
    "title": "Eslògan de portada",
    "draft_title": "Eslògan de portada",
    "slug": "home",
    "content_type": [
      "cms_site",
      "homepage"
    ],
    "url_path": "/home/",
    "owner": null,
    "seo_title": "",
    "show_in_menus": false,
    "search_description": "",
    "latest_revision_created_at": "2022-08-11T10:37:14.852Z",
    "alias_of": null
  }
},
{
  "model": "wagtailcore.page",
  "pk": 4,
  "fields": {
    "path": "0001000100040002",
    "depth": 4,
    "numchild": 0,
    "translation_key": "5bc4a38e-eb4e-4f8a-b038-a71ca0065438",
    "locale": 1,
    "latest_revision": 26,
    "live": true,
    "has_unpublished_changes": false,
    "first_published_at": "2022-08-11T08:55:15.251Z",
    "last_published_at": "2022-09-23T12:52:44.569Z",
    "live_revision": 26,
    "go_live_at": null,
    "expire_at": null,
    "expired": false,
    "locked": false,
    "locked_at": null,
    "locked_by": null,
    "title": "Nova col·lecció Àrea",
    "draft_title": "Nova col·lecció Àrea",
    "slug": "nova-collecció-àrea",
    "content_type": [
      "cms_site",
      "collection"
    ],
    "url_path": "/home/cataleg/nova-collecció-àrea/",
    "owner": [
      "hola@codi.coop"
    ],
    "seo_title": "",
    "show_in_menus": false,
    "search_description": "",
    "latest_revision_created_at": "2022-09-23T12:52:44.516Z",
    "alias_of": null
  }
},
{
  "model": "wagtailcore.page",
  "pk": 6,
  "fields": {
    "path": "0001000100040001",
    "depth": 4,
    "numchild": 0,
    "translation_key": "b7c45ee9-0db6-47e8-be55-b3d1847cf1fc",
    "locale": 1,
    "latest_revision": 25,
    "live": true,
    "has_unpublished_changes": false,
    "first_published_at": "2022-08-11T09:55:55.433Z",
    "last_published_at": "2022-09-23T12:52:29.989Z",
    "live_revision": 25,
    "go_live_at": null,
    "expire_at": null,
    "expired": false,
    "locked": false,
    "locked_at": null,
    "locked_by": null,
    "title": "Col·lecció Nordic",
    "draft_title": "Col·lecció Nordic",
    "slug": "collecció-nordic",
    "content_type": [
      "cms_site",
      "collection"
    ],
    "url_path": "/home/cataleg/collecció-nordic/",
    "owner": [
      "hola@codi.coop"
    ],
    "seo_title": "",
    "show_in_menus": false,
    "search_description": "",
    "latest_revision_created_at": "2022-09-23T12:52:29.930Z",
    "alias_of": null
  }
},
{
  "model": "wagtailcore.page",
  "pk": 8,
  "fields": {
    "path": "000100010003",
    "depth": 3,
    "numchild": 0,
    "translation_key": "df4651c5-3d24-4a00-83ee-f8f43c357690",
    "locale": 1,
    "latest_revision": null,
    "live": true,
    "has_unpublished_changes": false,
    "first_published_at": "2022-08-11T10:56:41.639Z",
    "last_published_at": "2022-08-11T10:56:41.639Z",
    "live_revision": 11,
    "go_live_at": null,
    "expire_at": null,
    "expired": false,
    "locked": false,
    "locked_at": null,
    "locked_by": null,
    "title": "Els nostres dissenyadors",
    "draft_title": "Els nostres dissenyadors",
    "slug": "els-nostres-dissenyadors",
    "content_type": [
      "cms_site",
      "designerspage"
    ],
    "url_path": "/home/els-nostres-dissenyadors/",
    "owner": [
      "hola@codi.coop"
    ],
    "seo_title": "",
    "show_in_menus": false,
    "search_description": "",
    "latest_revision_created_at": "2022-08-11T10:56:41.608Z",
    "alias_of": null
  }
},
{
  "model": "wagtailcore.page",
  "pk": 10,
  "fields": {
    "path": "000100010004",
    "depth": 3,
    "numchild": 2,
    "translation_key": "08aa1288-2d83-433f-b156-38a24e7b1853",
    "locale": 1,
    "latest_revision": 13,
    "live": true,
    "has_unpublished_changes": false,
    "first_published_at": "2022-08-12T15:24:32.594Z",
    "last_published_at": "2022-09-13T14:52:47.168Z",
    "live_revision": 13,
    "go_live_at": null,
    "expire_at": null,
    "expired": false,
    "locked": false,
    "locked_at": null,
    "locked_by": null,
    "title": "Catàleg",
    "draft_title": "Catàleg",
    "slug": "cataleg",
    "content_type": [
      "cms_site",
      "collectionspage"
    ],
    "url_path": "/home/cataleg/",
    "owner": [
      "hola@codi.coop"
    ],
    "seo_title": "",
    "show_in_menus": true,
    "search_description": "",
    "latest_revision_created_at": "2022-09-13T14:52:47.136Z",
    "alias_of": null
  }
},
{
  "model": "wagtailcore.page",
  "pk": 11,
  "fields": {
    "path": "000100010005",
    "depth": 3,
    "numchild": 1,
    "translation_key": "be59b50d-ff24-4775-82ba-67710595270f",
    "locale": 1,
    "latest_revision": 16,
    "live": true,
    "has_unpublished_changes": false,
    "first_published_at": "2022-09-15T10:19:24.144Z",
    "last_published_at": "2022-09-15T10:19:24.144Z",
    "live_revision": 16,
    "go_live_at": null,
    "expire_at": null,
    "expired": false,
    "locked": false,
    "locked_at": null,
    "locked_by": null,
    "title": "Projectes a mida",
    "draft_title": "Projectes a mida",
    "slug": "projectes-a-mida",
    "content_type": [
      "cms_site",
      "customprojectspage"
    ],
    "url_path": "/home/projectes-a-mida/",
    "owner": [
      "hola@codi.coop"
    ],
    "seo_title": "",
    "show_in_menus": true,
    "search_description": "",
    "latest_revision_created_at": "2022-09-15T10:19:24.120Z",
    "alias_of": null
  }
},
{
  "model": "wagtailcore.page",
  "pk": 13,
  "fields": {
    "path": "0001000100050001",
    "depth": 4,
    "numchild": 0,
    "translation_key": "c0ed4d21-0544-41a7-804e-ec10b5915628",
    "locale": 1,
    "latest_revision": 20,
    "live": true,
    "has_unpublished_changes": false,
    "first_published_at": "2022-09-21T14:43:12.994Z",
    "last_published_at": "2022-09-21T14:43:12.994Z",
    "live_revision": 20,
    "go_live_at": null,
    "expire_at": null,
    "expired": false,
    "locked": false,
    "locked_at": null,
    "locked_by": null,
    "title": "Projecte CR",
    "draft_title": "Projecte CR",
    "slug": "projecte-cr",
    "content_type": [
      "cms_site",
      "customproject"
    ],
    "url_path": "/home/projectes-a-mida/projecte-cr/",
    "owner": [
      "hola@codi.coop"
    ],
    "seo_title": "",
    "show_in_menus": false,
    "search_description": "",
    "latest_revision_created_at": "2022-09-21T14:43:12.971Z",
    "alias_of": null
  }
},
{
  "model": "wagtailcore.revision",
  "pk": 1,
  "fields": {
    "content_type": [
      "cms_site",
      "homepage"
    ],
    "base_content_type": [
      "wagtailcore",
      "page"
    ],
    "object_id": "2",
    "submitted_for_moderation": false,
    "created_at": "2022-08-10T13:56:15.122Z",
    "user": [
      "hola@codi.coop"
    ],
    "object_str": "\"Eslògan de portada\"",
    "content": {
      "pk": 2,
      "live": true,
      "path": "00010001",
      "slug": "home",
      "depth": 2,
      "owner": null,
      "title": "Eslògan de portada",
      "locale": 1,
      "locked": false,
      "expired": false,
      "alias_of": null,
      "numchild": 0,
      "url_path": "/home/",
      "expire_at": null,
      "locked_at": null,
      "locked_by": null,
      "seo_title": "",
      "go_live_at": null,
      "draft_title": "Home Page",
      "content_type": 5,
      "overlay_body": "Està compost per un capçal de llistons de grossors diferents i una base retroil·luminada pel matalàs. Tens l'opció de complementar-la amb les tauletes de la col·lecció New Area Collection.",
      "live_revision": null,
      "overlay_image": 1,
      "overlay_title": "Nou disseny de llit pel teu dormitori",
      "show_in_menus": false,
      "translation_key": "cbf1099f-57c1-4bdd-beae-1b1eb6602e3c",
      "collection_1_page": null,
      "collection_2_page": null,
      "collection_3_page": null,
      "last_published_at": null,
      "collection_1_image": null,
      "collection_1_title": "",
      "collection_2_image": null,
      "collection_2_title": "",
      "collection_3_image": null,
      "collection_3_title": "",
      "first_published_at": null,
      "search_description": "",
      "overlay_button_page": null,
      "overlay_button_text": "Veure col·lecció",
      "custom_projects_page": null,
      "custom_projects_image": null,
      "custom_projects_title": "",
      "display_instagram_feed": true,
      "wagtail_admin_comments": [],
      "has_unpublished_changes": false,
      "display_header_highlight": true,
      "latest_revision_created_at": null
    },
    "approved_go_live_at": null
  }
},
{
  "model": "wagtailcore.revision",
  "pk": 6,
  "fields": {
    "content_type": [
      "taggit",
      "tag"
    ],
    "base_content_type": [
      "wagtailcore",
      "page"
    ],
    "object_id": "4",
    "submitted_for_moderation": false,
    "created_at": "2022-08-11T08:55:15.227Z",
    "user": [
      "hola@codi.coop"
    ],
    "object_str": "\"Nova col·lecció Àrea\"",
    "content": {
      "pk": 4,
      "pdf": 1,
      "live": true,
      "path": "000100010001",
      "slug": "nova-collecció-àrea",
      "depth": 3,
      "owner": 1,
      "title": "Nova col·lecció Àrea",
      "locale": 1,
      "locked": false,
      "expired": false,
      "alias_of": null,
      "numchild": 0,
      "url_path": "/home/nova-collecció-àrea/",
      "expire_at": null,
      "locked_at": null,
      "locked_by": null,
      "seo_title": "",
      "go_live_at": null,
      "items_list": "[{\"type\": \"item\", \"value\": {\"title\": \"Serenitat, calidesa i benestar\", \"image\": 2, \"item_types\": [{\"type\": \"item\", \"value\": 1, \"id\": \"7030e735-52c4-4935-bf5e-56cddeccec82\"}], \"finishings\": [{\"type\": \"item\", \"value\": 15, \"id\": \"b8acac0a-b852-4211-96c9-5d1c3d5c9b41\"}], \"model\": 1}, \"id\": \"2a999263-797c-4aa9-af68-0dfb31caca09\"}, {\"type\": \"item\", \"value\": {\"title\": \"Serenitat, calidesa i benestar\", \"image\": 3, \"item_types\": [{\"type\": \"item\", \"value\": 1, \"id\": \"7030e735-52c4-4935-bf5e-56cddeccec82\"}], \"finishings\": [{\"type\": \"item\", \"value\": 15, \"id\": \"b8acac0a-b852-4211-96c9-5d1c3d5c9b41\"}], \"model\": 1}, \"id\": \"fc5c012a-1994-437f-8ac3-d2253c22da7f\"}, {\"type\": \"item\", \"value\": {\"title\": \"Els cl\\u00e0ssics renovats\", \"image\": 4, \"item_types\": [{\"type\": \"item\", \"value\": 1, \"id\": \"7030e735-52c4-4935-bf5e-56cddeccec82\"}], \"finishings\": [{\"type\": \"item\", \"value\": 26, \"id\": \"b8acac0a-b852-4211-96c9-5d1c3d5c9b41\"}], \"model\": 2}, \"id\": \"fa4e623e-4ed5-48f2-a342-99dcc03c39cf\"}, {\"type\": \"item\", \"value\": {\"title\": \"Els cl\\u00e0ssics renovats\", \"image\": 5, \"item_types\": [{\"type\": \"item\", \"value\": 1, \"id\": \"7030e735-52c4-4935-bf5e-56cddeccec82\"}], \"finishings\": [{\"type\": \"item\", \"value\": 7, \"id\": \"b8acac0a-b852-4211-96c9-5d1c3d5c9b41\"}], \"model\": 2}, \"id\": \"51da2d8a-1df7-40f4-a427-3301eeb42c78\"}]",
      "description": "Amb més de 20 anys, Area és la nostra col·lecció més longeva, la nostra ànima i la nostra personalitat. Al llarg dels anys l’hem anat adaptant a noves necessitats, formes i estils per proporcionar sempre peces d’última generació, amb personalitat, cridaneres i pràctiques. Aquesta renovació actual d’Area ens aporta colors, formes i tendències sense perdre l’essència de la col·lecció. Gràcies a l’estreta col·laboració amb Josep Turell, dissenyador ja consagrat d’Area, i de Martí Nualart, dissenyador emergent, el resultat és una col·lecció indiscutiblement interessant, atractiva i funcional.",
      "draft_title": "Nova col·lecció Àrea",
      "content_type": 54,
      "live_revision": null,
      "show_in_menus": false,
      "translation_key": "5bc4a38e-eb4e-4f8a-b038-a71ca0065438",
      "last_published_at": null,
      "first_published_at": null,
      "search_description": "",
      "wagtail_admin_comments": [],
      "has_unpublished_changes": false,
      "latest_revision_created_at": null
    },
    "approved_go_live_at": null
  }
},
{
  "model": "wagtailcore.revision",
  "pk": 7,
  "fields": {
    "content_type": [
      "cms_site",
      "homepage"
    ],
    "base_content_type": [
      "wagtailcore",
      "page"
    ],
    "object_id": "2",
    "submitted_for_moderation": false,
    "created_at": "2022-08-11T08:58:01.066Z",
    "user": [
      "hola@codi.coop"
    ],
    "object_str": "\"Eslògan de portada\"",
    "content": {
      "pk": 2,
      "live": true,
      "path": "00010001",
      "slug": "home",
      "depth": 2,
      "owner": null,
      "title": "Eslògan de portada",
      "locale": 1,
      "locked": false,
      "expired": false,
      "alias_of": null,
      "numchild": 1,
      "url_path": "/home/",
      "expire_at": null,
      "locked_at": null,
      "locked_by": null,
      "seo_title": "",
      "go_live_at": null,
      "draft_title": "Eslògan de portada",
      "content_type": 5,
      "overlay_body": "Està compost per un capçal de llistons de grossors diferents i una base retroil·luminada pel matalàs. Tens l'opció de complementar-la amb les tauletes de la col·lecció New Area Collection.",
      "live_revision": 1,
      "overlay_image": 1,
      "overlay_title": "Nou disseny de llit pel teu dormitori",
      "show_in_menus": false,
      "translation_key": "cbf1099f-57c1-4bdd-beae-1b1eb6602e3c",
      "collection_1_page": 4,
      "collection_2_page": null,
      "collection_3_page": null,
      "last_published_at": "2022-08-10T13:56:15.151Z",
      "collection_1_image": 2,
      "collection_1_title": "Nova col·lecció Àrea",
      "collection_2_image": null,
      "collection_2_title": "",
      "collection_3_image": null,
      "collection_3_title": "",
      "first_published_at": "2022-08-10T13:56:15.151Z",
      "search_description": "",
      "overlay_button_page": 4,
      "overlay_button_text": "Veure col·lecció",
      "custom_projects_page": null,
      "custom_projects_image": null,
      "custom_projects_title": "",
      "display_instagram_feed": true,
      "wagtail_admin_comments": [],
      "has_unpublished_changes": false,
      "display_header_highlight": true,
      "latest_revision_created_at": "2022-08-10T13:56:15.122Z"
    },
    "approved_go_live_at": null
  }
},
{
  "model": "wagtailcore.revision",
  "pk": 8,
  "fields": {
    "content_type": [
      "taggit",
      "tag"
    ],
    "base_content_type": [
      "wagtailcore",
      "page"
    ],
    "object_id": "6",
    "submitted_for_moderation": false,
    "created_at": "2022-08-11T09:55:55.401Z",
    "user": [
      "hola@codi.coop"
    ],
    "object_str": "\"Col·lecció Nordic\"",
    "content": {
      "pk": 6,
      "pdf": 2,
      "live": true,
      "path": "000100010002",
      "slug": "collecció-nordic",
      "depth": 3,
      "owner": 1,
      "title": "Col·lecció Nordic",
      "locale": 1,
      "locked": false,
      "expired": false,
      "alias_of": null,
      "numchild": 0,
      "url_path": "/home/collecció-nordic/",
      "expire_at": null,
      "locked_at": null,
      "locked_by": null,
      "seo_title": "",
      "go_live_at": null,
      "items_list": "[{\"type\": \"item\", \"value\": {\"title\": \"Moble televisi\\u00f3 J\\u00f6rn i Bufet Sovik\", \"image\": 6, \"item_types\": [{\"type\": \"item\", \"value\": 1, \"id\": \"fe84a222-8a39-4516-8052-77cc38b0fca9\"}], \"finishings\": [{\"type\": \"item\", \"value\": 2, \"id\": \"baa218bd-1c10-47b2-918b-6ffef7a00bad\"}], \"model\": 11}, \"id\": \"811a1adf-c664-46c6-aac1-51546373ea35\"}, {\"type\": \"item\", \"value\": {\"title\": \"Moble J\\u00f6rn, Dora i Brei\", \"image\": 7, \"item_types\": [{\"type\": \"item\", \"value\": 1, \"id\": \"fe84a222-8a39-4516-8052-77cc38b0fca9\"}], \"finishings\": [{\"type\": \"item\", \"value\": 3, \"id\": \"baa218bd-1c10-47b2-918b-6ffef7a00bad\"}, {\"type\": \"item\", \"value\": 24, \"id\": \"e6bccf66-0f71-431d-99ce-da5d718c1bd1\"}], \"model\": 11}, \"id\": \"66ddcfb8-310d-47f8-8499-57fc8347bf17\"}, {\"type\": \"item\", \"value\": {\"title\": \"Buffet Sovik\", \"image\": 8, \"item_types\": [{\"type\": \"item\", \"value\": 1, \"id\": \"fe84a222-8a39-4516-8052-77cc38b0fca9\"}], \"finishings\": [{\"type\": \"item\", \"value\": 1, \"id\": \"baa218bd-1c10-47b2-918b-6ffef7a00bad\"}], \"model\": 14}, \"id\": \"e9d20165-05e0-4ae6-b2ce-130e735d6c02\"}, {\"type\": \"item\", \"value\": {\"title\": \"Llit Brevik\", \"image\": 9, \"item_types\": [{\"type\": \"item\", \"value\": 3, \"id\": \"fe84a222-8a39-4516-8052-77cc38b0fca9\"}], \"finishings\": [{\"type\": \"item\", \"value\": 2, \"id\": \"baa218bd-1c10-47b2-918b-6ffef7a00bad\"}, {\"type\": \"item\", \"value\": 24, \"id\": \"6c0aba94-ac4f-4647-bad9-d2ea43770670\"}], \"model\": 15}, \"id\": \"078d966c-2938-4bdf-b565-50baa1bc2032\"}]",
      "description": "Nordic Collection és una col·lecció de mobles dissenyada per Martí Nualart i fabricada per Mobles Ciurans. La col·lecció Nordic s'ha dissenyat per adaptar-se a qualsevol espai interior. Amb un disseny minimalista i un aire fresc i natural, aquest programa de mobiliari proporciona solucions i supera les expectatives dels consumidors més exigents.",
      "draft_title": "Col·lecció Nordic",
      "content_type": 54,
      "live_revision": null,
      "show_in_menus": false,
      "translation_key": "b7c45ee9-0db6-47e8-be55-b3d1847cf1fc",
      "last_published_at": null,
      "first_published_at": null,
      "search_description": "",
      "wagtail_admin_comments": [],
      "has_unpublished_changes": false,
      "latest_revision_created_at": null
    },
    "approved_go_live_at": null
  }
},
{
  "model": "wagtailcore.revision",
  "pk": 9,
  "fields": {
    "content_type": [
      "cms_site",
      "homepage"
    ],
    "base_content_type": [
      "wagtailcore",
      "page"
    ],
    "object_id": "2",
    "submitted_for_moderation": false,
    "created_at": "2022-08-11T09:56:45.583Z",
    "user": [
      "hola@codi.coop"
    ],
    "object_str": "\"Eslògan de portada\"",
    "content": {
      "pk": 2,
      "live": true,
      "path": "00010001",
      "slug": "home",
      "depth": 2,
      "owner": null,
      "title": "Eslògan de portada",
      "locale": 1,
      "locked": false,
      "expired": false,
      "alias_of": null,
      "numchild": 2,
      "url_path": "/home/",
      "expire_at": null,
      "locked_at": null,
      "locked_by": null,
      "seo_title": "",
      "go_live_at": null,
      "draft_title": "Eslògan de portada",
      "content_type": 5,
      "overlay_body": "Està compost per un capçal de llistons de grossors diferents i una base retroil·luminada pel matalàs. Tens l'opció de complementar-la amb les tauletes de la col·lecció New Area Collection.",
      "live_revision": 7,
      "overlay_image": 1,
      "overlay_title": "Nou disseny de llit pel teu dormitori",
      "show_in_menus": false,
      "translation_key": "cbf1099f-57c1-4bdd-beae-1b1eb6602e3c",
      "collection_1_page": 4,
      "collection_2_page": 6,
      "collection_3_page": null,
      "last_published_at": "2022-08-11T08:58:01.108Z",
      "collection_1_image": 2,
      "collection_1_title": "Nova col·lecció Àrea",
      "collection_2_image": 6,
      "collection_2_title": "Col·lecció Nørdic",
      "collection_3_image": null,
      "collection_3_title": "",
      "first_published_at": "2022-08-10T13:56:15.151Z",
      "search_description": "",
      "overlay_button_page": 4,
      "overlay_button_text": "Veure col·lecció",
      "custom_projects_page": null,
      "custom_projects_image": null,
      "custom_projects_title": "",
      "display_instagram_feed": true,
      "wagtail_admin_comments": [],
      "has_unpublished_changes": false,
      "display_header_highlight": true,
      "latest_revision_created_at": "2022-08-11T08:58:01.066Z"
    },
    "approved_go_live_at": null
  }
},
{
  "model": "wagtailcore.revision",
  "pk": 10,
  "fields": {
    "content_type": [
      "cms_site",
      "homepage"
    ],
    "base_content_type": [
      "wagtailcore",
      "page"
    ],
    "object_id": "2",
    "submitted_for_moderation": false,
    "created_at": "2022-08-11T10:37:14.852Z",
    "user": [
      "hola@codi.coop"
    ],
    "object_str": "\"Eslògan de portada\"",
    "content": {
      "pk": 2,
      "live": true,
      "path": "00010001",
      "slug": "home",
      "depth": 2,
      "owner": null,
      "title": "Eslògan de portada",
      "locale": 1,
      "locked": false,
      "expired": false,
      "alias_of": null,
      "numchild": 2,
      "url_path": "/home/",
      "expire_at": null,
      "locked_at": null,
      "locked_by": null,
      "seo_title": "",
      "go_live_at": null,
      "draft_title": "Eslògan de portada",
      "content_type": 5,
      "header_image": 2,
      "overlay_body": "Està compost per un capçal de llistons de grossors diferents i una base retroil·luminada pel matalàs. Tens l'opció de complementar-la amb les tauletes de la col·lecció New Area Collection.",
      "live_revision": 9,
      "overlay_image": 1,
      "overlay_title": "Nou disseny de llit pel teu dormitori",
      "show_in_menus": false,
      "translation_key": "cbf1099f-57c1-4bdd-beae-1b1eb6602e3c",
      "collection_1_page": 4,
      "collection_2_page": 6,
      "collection_3_page": null,
      "last_published_at": "2022-08-11T09:56:45.618Z",
      "collection_1_image": 2,
      "collection_1_title": "Nova col·lecció Àrea",
      "collection_2_image": 6,
      "collection_2_title": "Col·lecció Nørdic",
      "collection_3_image": null,
      "collection_3_title": "",
      "first_published_at": "2022-08-10T13:56:15.151Z",
      "search_description": "",
      "overlay_button_page": 4,
      "overlay_button_text": "Veure col·lecció",
      "custom_projects_page": null,
      "custom_projects_image": null,
      "custom_projects_title": "",
      "display_instagram_feed": true,
      "wagtail_admin_comments": [],
      "has_unpublished_changes": false,
      "display_header_highlight": true,
      "latest_revision_created_at": "2022-08-11T09:56:45.583Z"
    },
    "approved_go_live_at": null
  }
},
{
  "model": "wagtailcore.revision",
  "pk": 11,
  "fields": {
    "content_type": [
      "wagtailmenus",
      "mainmenuitem"
    ],
    "base_content_type": [
      "wagtailcore",
      "page"
    ],
    "object_id": "8",
    "submitted_for_moderation": false,
    "created_at": "2022-08-11T10:56:41.608Z",
    "user": [
      "hola@codi.coop"
    ],
    "object_str": "\"Els nostres dissenyadors\"",
    "content": {
      "pk": 8,
      "live": true,
      "path": "000100010003",
      "slug": "els-nostres-dissenyadors",
      "depth": 3,
      "owner": 1,
      "title": "Els nostres dissenyadors",
      "locale": 1,
      "locked": false,
      "expired": false,
      "alias_of": null,
      "numchild": 0,
      "url_path": "/home/els-nostres-dissenyadors/",
      "expire_at": null,
      "locked_at": null,
      "locked_by": null,
      "seo_title": "",
      "go_live_at": null,
      "draft_title": "Els nostres dissenyadors",
      "content_type": 53,
      "header_image": 10,
      "live_revision": null,
      "show_in_menus": false,
      "designers_list": "[{\"type\": \"item\", \"value\": {\"quote\": \"Experimentar, innovar i inventar sent coherent amb un estil \\u00e9s findamental en el meu proc\\u00e9s creatiu.\", \"name\": \"Josep Turell\", \"role\": \"Dissenyador de la col\\u00b7lecci\\u00f3 \\u00c0rea\", \"description\": \"Gr\\u00e0cies a l'estreta col\\u00b7laboraci\\u00f3 amb en Josep Turell -dissenyador ja consagrat d'\\u00c0rea- i en Mart\\u00ed Nualart -dissenyador emergent- la resposta \\u00e9s col\\u00b7lecci\\u00f3 indiscutiblement interessant i a la vegada atractiva i funcional.\", \"photo\": 11}, \"id\": \"1b138be3-9080-4500-b634-6326946153cb\"}, {\"type\": \"item\", \"value\": {\"quote\": \"Cita de'n Mart\\u00ed Nualart\", \"name\": \"Mart\\u00ed Nualart\", \"role\": \"Dissenyador de la col\\u00b7lecci\\u00f3 \\u00c0rea\", \"description\": \"Gr\\u00e0cies a l'estreta col\\u00b7laboraci\\u00f3 amb en Josep Turell -dissenyador ja consagrat d'\\u00c0rea- i en Mart\\u00ed Nualart -dissenyador emergent- la resposta \\u00e9s col\\u00b7lecci\\u00f3 indiscutiblement interessant i a la vegada atractiva i funcional.\", \"photo\": 11}, \"id\": \"568c5cb2-1942-4f08-85fe-5ef12272e520\"}]",
      "translation_key": "df4651c5-3d24-4a00-83ee-f8f43c357690",
      "last_published_at": null,
      "first_published_at": null,
      "search_description": "",
      "wagtail_admin_comments": [],
      "has_unpublished_changes": false,
      "latest_revision_created_at": null
    },
    "approved_go_live_at": null
  }
},
{
  "model": "wagtailcore.revision",
  "pk": 12,
  "fields": {
    "content_type": [
      "cms_site",
      "collection"
    ],
    "base_content_type": [
      "wagtailcore",
      "page"
    ],
    "object_id": "10",
    "submitted_for_moderation": false,
    "created_at": "2022-08-12T15:24:32.580Z",
    "user": [
      "hola@codi.coop"
    ],
    "object_str": "\"Catàleg\"",
    "content": {
      "pk": 10,
      "live": true,
      "path": "000100010004",
      "slug": "cataleg",
      "depth": 3,
      "owner": 1,
      "title": "Catàleg",
      "locale": 1,
      "locked": false,
      "expired": false,
      "alias_of": null,
      "numchild": 0,
      "url_path": "/home/cataleg/",
      "expire_at": null,
      "locked_at": null,
      "locked_by": null,
      "seo_title": "",
      "go_live_at": null,
      "draft_title": "Catàleg",
      "content_type": 60,
      "live_revision": null,
      "show_in_menus": true,
      "translation_key": "08aa1288-2d83-433f-b156-38a24e7b1853",
      "last_published_at": null,
      "first_published_at": null,
      "search_description": "",
      "wagtail_admin_comments": [],
      "has_unpublished_changes": false,
      "latest_revision_created_at": null
    },
    "approved_go_live_at": null
  }
},
{
  "model": "wagtailcore.revision",
  "pk": 13,
  "fields": {
    "content_type": [
      "cms_site",
      "collectionspage"
    ],
    "base_content_type": [
      "wagtailcore",
      "page"
    ],
    "object_id": "10",
    "submitted_for_moderation": false,
    "created_at": "2022-09-13T14:52:47.136Z",
    "user": [
      "hola@codi.coop"
    ],
    "object_str": "\"Catàleg\"",
    "content": {
      "pk": 10,
      "live": true,
      "path": "000100010004",
      "slug": "cataleg",
      "depth": 3,
      "owner": 1,
      "title": "Catàleg",
      "locale": 1,
      "locked": false,
      "expired": false,
      "alias_of": null,
      "numchild": 2,
      "url_path": "/home/cataleg/",
      "expire_at": null,
      "locked_at": null,
      "locked_by": null,
      "seo_title": "",
      "go_live_at": null,
      "menu_label": null,
      "draft_title": "Catàleg",
      "content_type": 66,
      "header_image": 10,
      "live_revision": 12,
      "show_in_menus": true,
      "translation_key": "08aa1288-2d83-433f-b156-38a24e7b1853",
      "last_published_at": "2022-08-12T15:24:32.594Z",
      "first_published_at": "2022-08-12T15:24:32.594Z",
      "search_description": "",
      "wagtail_admin_comments": [],
      "has_unpublished_changes": false,
      "latest_revision_created_at": "2022-08-12T15:24:32.580Z"
    },
    "approved_go_live_at": null
  }
},
{
  "model": "wagtailcore.revision",
  "pk": 14,
  "fields": {
    "content_type": [
      "cms_site",
      "collection"
    ],
    "base_content_type": [
      "wagtailcore",
      "page"
    ],
    "object_id": "6",
    "submitted_for_moderation": false,
    "created_at": "2022-09-13T14:53:04.234Z",
    "user": [
      "hola@codi.coop"
    ],
    "object_str": "\"Col·lecció Nordic\"",
    "content": {
      "pk": 6,
      "pdf": 2,
      "live": true,
      "path": "0001000100040001",
      "slug": "collecció-nordic",
      "depth": 4,
      "owner": 1,
      "title": "Col·lecció Nordic",
      "locale": 1,
      "locked": false,
      "expired": false,
      "alias_of": null,
      "numchild": 0,
      "url_path": "/home/cataleg/collecció-nordic/",
      "expire_at": null,
      "locked_at": null,
      "locked_by": null,
      "seo_title": "",
      "go_live_at": null,
      "items_list": "[{\"type\": \"item\", \"value\": {\"title\": \"Moble televisi\\u00f3 J\\u00f6rn i Bufet Sovik\", \"image\": 6, \"item_types\": [{\"type\": \"item\", \"value\": 1, \"id\": \"fe84a222-8a39-4516-8052-77cc38b0fca9\"}], \"finishings\": [{\"type\": \"item\", \"value\": 2, \"id\": \"baa218bd-1c10-47b2-918b-6ffef7a00bad\"}], \"model\": 11}, \"id\": \"811a1adf-c664-46c6-aac1-51546373ea35\"}, {\"type\": \"item\", \"value\": {\"title\": \"Moble J\\u00f6rn, Dora i Brei\", \"image\": 7, \"item_types\": [{\"type\": \"item\", \"value\": 1, \"id\": \"fe84a222-8a39-4516-8052-77cc38b0fca9\"}], \"finishings\": [{\"type\": \"item\", \"value\": 3, \"id\": \"baa218bd-1c10-47b2-918b-6ffef7a00bad\"}, {\"type\": \"item\", \"value\": 24, \"id\": \"e6bccf66-0f71-431d-99ce-da5d718c1bd1\"}], \"model\": 11}, \"id\": \"66ddcfb8-310d-47f8-8499-57fc8347bf17\"}, {\"type\": \"item\", \"value\": {\"title\": \"Buffet Sovik\", \"image\": 8, \"item_types\": [{\"type\": \"item\", \"value\": 1, \"id\": \"fe84a222-8a39-4516-8052-77cc38b0fca9\"}], \"finishings\": [{\"type\": \"item\", \"value\": 1, \"id\": \"baa218bd-1c10-47b2-918b-6ffef7a00bad\"}], \"model\": 14}, \"id\": \"e9d20165-05e0-4ae6-b2ce-130e735d6c02\"}, {\"type\": \"item\", \"value\": {\"title\": \"Llit Brevik\", \"image\": 9, \"item_types\": [{\"type\": \"item\", \"value\": 3, \"id\": \"fe84a222-8a39-4516-8052-77cc38b0fca9\"}], \"finishings\": [{\"type\": \"item\", \"value\": 2, \"id\": \"baa218bd-1c10-47b2-918b-6ffef7a00bad\"}, {\"type\": \"item\", \"value\": 24, \"id\": \"6c0aba94-ac4f-4647-bad9-d2ea43770670\"}], \"model\": 15}, \"id\": \"078d966c-2938-4bdf-b565-50baa1bc2032\"}]",
      "description": "Nordic Collection és una col·lecció de mobles dissenyada per Martí Nualart i fabricada per Mobles Ciurans. La col·lecció Nordic s'ha dissenyat per adaptar-se a qualsevol espai interior. Amb un disseny minimalista i un aire fresc i natural, aquest programa de mobiliari proporciona solucions i supera les expectatives dels consumidors més exigents.",
      "draft_title": "Col·lecció Nordic",
      "content_type": 60,
      "header_image": 10,
      "live_revision": 8,
      "show_in_menus": false,
      "translation_key": "b7c45ee9-0db6-47e8-be55-b3d1847cf1fc",
      "last_published_at": "2022-08-11T09:55:55.433Z",
      "first_published_at": "2022-08-11T09:55:55.433Z",
      "search_description": "",
      "wagtail_admin_comments": [],
      "has_unpublished_changes": false,
      "latest_revision_created_at": "2022-08-11T09:55:55.401Z"
    },
    "approved_go_live_at": null
  }
},
{
  "model": "wagtailcore.revision",
  "pk": 15,
  "fields": {
    "content_type": [
      "cms_site",
      "collection"
    ],
    "base_content_type": [
      "wagtailcore",
      "page"
    ],
    "object_id": "4",
    "submitted_for_moderation": false,
    "created_at": "2022-09-13T14:53:19.133Z",
    "user": [
      "hola@codi.coop"
    ],
    "object_str": "\"Nova col·lecció Àrea\"",
    "content": {
      "pk": 4,
      "pdf": 1,
      "live": true,
      "path": "0001000100040002",
      "slug": "nova-collecció-àrea",
      "depth": 4,
      "owner": 1,
      "title": "Nova col·lecció Àrea",
      "locale": 1,
      "locked": false,
      "expired": false,
      "alias_of": null,
      "numchild": 0,
      "url_path": "/home/cataleg/nova-collecció-àrea/",
      "expire_at": null,
      "locked_at": null,
      "locked_by": null,
      "seo_title": "",
      "go_live_at": null,
      "items_list": "[{\"type\": \"item\", \"value\": {\"title\": \"Serenitat, calidesa i benestar\", \"image\": 2, \"item_types\": [{\"type\": \"item\", \"value\": 1, \"id\": \"7030e735-52c4-4935-bf5e-56cddeccec82\"}], \"finishings\": [{\"type\": \"item\", \"value\": 15, \"id\": \"b8acac0a-b852-4211-96c9-5d1c3d5c9b41\"}], \"model\": 1}, \"id\": \"2a999263-797c-4aa9-af68-0dfb31caca09\"}, {\"type\": \"item\", \"value\": {\"title\": \"Serenitat, calidesa i benestar\", \"image\": 3, \"item_types\": [{\"type\": \"item\", \"value\": 1, \"id\": \"7030e735-52c4-4935-bf5e-56cddeccec82\"}], \"finishings\": [{\"type\": \"item\", \"value\": 15, \"id\": \"b8acac0a-b852-4211-96c9-5d1c3d5c9b41\"}], \"model\": 1}, \"id\": \"fc5c012a-1994-437f-8ac3-d2253c22da7f\"}, {\"type\": \"item\", \"value\": {\"title\": \"Els cl\\u00e0ssics renovats\", \"image\": 4, \"item_types\": [{\"type\": \"item\", \"value\": 1, \"id\": \"7030e735-52c4-4935-bf5e-56cddeccec82\"}], \"finishings\": [{\"type\": \"item\", \"value\": 26, \"id\": \"b8acac0a-b852-4211-96c9-5d1c3d5c9b41\"}], \"model\": 2}, \"id\": \"fa4e623e-4ed5-48f2-a342-99dcc03c39cf\"}, {\"type\": \"item\", \"value\": {\"title\": \"Els cl\\u00e0ssics renovats\", \"image\": 5, \"item_types\": [{\"type\": \"item\", \"value\": 1, \"id\": \"7030e735-52c4-4935-bf5e-56cddeccec82\"}], \"finishings\": [{\"type\": \"item\", \"value\": 7, \"id\": \"b8acac0a-b852-4211-96c9-5d1c3d5c9b41\"}], \"model\": 2}, \"id\": \"51da2d8a-1df7-40f4-a427-3301eeb42c78\"}]",
      "description": "Amb més de 20 anys, Area és la nostra col·lecció més longeva, la nostra ànima i la nostra personalitat. Al llarg dels anys l’hem anat adaptant a noves necessitats, formes i estils per proporcionar sempre peces d’última generació, amb personalitat, cridaneres i pràctiques. Aquesta renovació actual d’Area ens aporta colors, formes i tendències sense perdre l’essència de la col·lecció. Gràcies a l’estreta col·laboració amb Josep Turell, dissenyador ja consagrat d’Area, i de Martí Nualart, dissenyador emergent, el resultat és una col·lecció indiscutiblement interessant, atractiva i funcional.",
      "draft_title": "Nova col·lecció Àrea",
      "content_type": 60,
      "header_image": 10,
      "live_revision": 6,
      "show_in_menus": false,
      "translation_key": "5bc4a38e-eb4e-4f8a-b038-a71ca0065438",
      "last_published_at": "2022-08-11T08:55:15.251Z",
      "first_published_at": "2022-08-11T08:55:15.251Z",
      "search_description": "",
      "wagtail_admin_comments": [],
      "has_unpublished_changes": false,
      "latest_revision_created_at": "2022-08-11T08:55:15.227Z"
    },
    "approved_go_live_at": null
  }
},
{
  "model": "wagtailcore.revision",
  "pk": 16,
  "fields": {
    "content_type": [
      "cms_site",
      "customprojectspage"
    ],
    "base_content_type": [
      "wagtailcore",
      "page"
    ],
    "object_id": "11",
    "submitted_for_moderation": false,
    "created_at": "2022-09-15T10:19:24.120Z",
    "user": [
      "hola@codi.coop"
    ],
    "object_str": "\"Projectes a mida\"",
    "content": {
      "pk": 11,
      "live": true,
      "path": "000100010005",
      "slug": "projectes-a-mida",
      "depth": 3,
      "owner": 1,
      "title": "Projectes a mida",
      "locale": 1,
      "locked": false,
      "expired": false,
      "alias_of": null,
      "numchild": 0,
      "url_path": "/home/projectes-a-mida/",
      "expire_at": null,
      "locked_at": null,
      "locked_by": null,
      "seo_title": "",
      "go_live_at": null,
      "menu_label": null,
      "draft_title": "Projectes a mida",
      "content_type": 67,
      "header_image": 12,
      "live_revision": null,
      "show_in_menus": true,
      "translation_key": "be59b50d-ff24-4775-82ba-67710595270f",
      "last_published_at": null,
      "first_published_at": null,
      "search_description": "",
      "wagtail_admin_comments": [],
      "has_unpublished_changes": false,
      "latest_revision_created_at": null
    },
    "approved_go_live_at": null
  }
},
{
  "model": "wagtailcore.revision",
  "pk": 18,
  "fields": {
    "content_type": [
      "cms_site",
      "customproject"
    ],
    "base_content_type": [
      "wagtailcore",
      "page"
    ],
    "object_id": "13",
    "submitted_for_moderation": false,
    "created_at": "2022-09-21T14:41:33.466Z",
    "user": [
      "hola@codi.coop"
    ],
    "object_str": "\"Projecte CR\"",
    "content": {
      "pk": 13,
      "live": false,
      "path": "0001000100050001",
      "slug": "projecte-cr",
      "depth": 4,
      "owner": 1,
      "title": "Projecte CR",
      "locale": 1,
      "locked": false,
      "expired": false,
      "alias_of": null,
      "numchild": 0,
      "url_path": "/home/projectes-a-mida/projecte-cr/",
      "expire_at": null,
      "locked_at": null,
      "locked_by": null,
      "seo_title": "",
      "go_live_at": null,
      "description": "Reportatge fotogràfic del projecte CR realitzat per Estudi Nualart.",
      "draft_title": "Projecte CR",
      "content_type": 68,
      "header_image": 12,
      "live_revision": null,
      "show_in_menus": false,
      "translation_key": "c0ed4d21-0544-41a7-804e-ec10b5915628",
      "images_collection": 4,
      "last_published_at": null,
      "first_published_at": null,
      "main_section_image": 12,
      "search_description": "",
      "wagtail_admin_comments": [],
      "has_unpublished_changes": false,
      "latest_revision_created_at": null
    },
    "approved_go_live_at": null
  }
},
{
  "model": "wagtailcore.revision",
  "pk": 19,
  "fields": {
    "content_type": [
      "cms_site",
      "customproject"
    ],
    "base_content_type": [
      "wagtailcore",
      "page"
    ],
    "object_id": "13",
    "submitted_for_moderation": false,
    "created_at": "2022-09-21T14:42:09.584Z",
    "user": [
      "hola@codi.coop"
    ],
    "object_str": "\"Projecte CR\"",
    "content": {
      "pk": 13,
      "live": false,
      "path": "0001000100050001",
      "slug": "projecte-cr",
      "depth": 4,
      "owner": 1,
      "title": "Projecte CR",
      "locale": 1,
      "locked": false,
      "expired": false,
      "alias_of": null,
      "numchild": 0,
      "url_path": "/home/projectes-a-mida/projecte-cr/",
      "expire_at": null,
      "locked_at": null,
      "locked_by": null,
      "seo_title": "",
      "go_live_at": null,
      "description": "Reportatge fotogràfic del projecte CR realitzat per Estudi Nualart.",
      "draft_title": "Projecte CR",
      "content_type": 68,
      "header_image": 12,
      "live_revision": null,
      "show_in_menus": false,
      "translation_key": "c0ed4d21-0544-41a7-804e-ec10b5915628",
      "images_collection": 4,
      "last_published_at": null,
      "first_published_at": null,
      "main_section_image": 24,
      "search_description": "",
      "wagtail_admin_comments": [],
      "has_unpublished_changes": true,
      "latest_revision_created_at": "2022-09-21T14:41:33.466Z"
    },
    "approved_go_live_at": null
  }
},
{
  "model": "wagtailcore.revision",
  "pk": 20,
  "fields": {
    "content_type": [
      "cms_site",
      "customproject"
    ],
    "base_content_type": [
      "wagtailcore",
      "page"
    ],
    "object_id": "13",
    "submitted_for_moderation": false,
    "created_at": "2022-09-21T14:43:12.971Z",
    "user": [
      "hola@codi.coop"
    ],
    "object_str": "\"Projecte CR\"",
    "content": {
      "pk": 13,
      "live": false,
      "path": "0001000100050001",
      "slug": "projecte-cr",
      "depth": 4,
      "owner": 1,
      "title": "Projecte CR",
      "locale": 1,
      "locked": false,
      "expired": false,
      "alias_of": null,
      "numchild": 0,
      "url_path": "/home/projectes-a-mida/projecte-cr/",
      "expire_at": null,
      "locked_at": null,
      "locked_by": null,
      "seo_title": "",
      "go_live_at": null,
      "description": "Reportatge fotogràfic del projecte CR realitzat per Estudi Nualart.",
      "draft_title": "Projecte CR",
      "content_type": 68,
      "header_image": 12,
      "live_revision": null,
      "show_in_menus": false,
      "translation_key": "c0ed4d21-0544-41a7-804e-ec10b5915628",
      "images_collection": 4,
      "last_published_at": null,
      "first_published_at": null,
      "main_section_image": 24,
      "search_description": "",
      "wagtail_admin_comments": [],
      "has_unpublished_changes": true,
      "latest_revision_created_at": "2022-09-21T14:42:09.584Z"
    },
    "approved_go_live_at": null
  }
},
{
  "model": "wagtailcore.revision",
  "pk": 21,
  "fields": {
    "content_type": [
      "cms_site",
      "collection"
    ],
    "base_content_type": [
      "wagtailcore",
      "page"
    ],
    "object_id": "4",
    "submitted_for_moderation": false,
    "created_at": "2022-09-23T12:40:56.904Z",
    "user": [
      "hola@codi.coop"
    ],
    "object_str": "Nova col·lecció Àrea",
    "content": {
      "pk": 4,
      "pdf": 1,
      "live": true,
      "path": "0001000100040002",
      "slug": "nova-collecció-àrea",
      "depth": 4,
      "owner": 1,
      "title": "Nova col·lecció Àrea",
      "locale": 1,
      "locked": false,
      "expired": false,
      "alias_of": null,
      "numchild": 0,
      "url_path": "/home/cataleg/nova-collecció-àrea/",
      "expire_at": null,
      "locked_at": null,
      "locked_by": null,
      "seo_title": "",
      "go_live_at": null,
      "items_list": "[{\"type\": \"item\", \"value\": {\"title\": \"Serenitat, calidesa i benestar\", \"image\": 2, \"item_types\": [{\"type\": \"item\", \"value\": 1, \"id\": \"7030e735-52c4-4935-bf5e-56cddeccec82\"}], \"finishings\": [{\"type\": \"item\", \"value\": 15, \"id\": \"b8acac0a-b852-4211-96c9-5d1c3d5c9b41\"}], \"model\": 1}, \"id\": \"2a999263-797c-4aa9-af68-0dfb31caca09\"}, {\"type\": \"item\", \"value\": {\"title\": \"Serenitat, calidesa i benestar\", \"image\": 3, \"item_types\": [{\"type\": \"item\", \"value\": 1, \"id\": \"7030e735-52c4-4935-bf5e-56cddeccec82\"}], \"finishings\": [{\"type\": \"item\", \"value\": 15, \"id\": \"b8acac0a-b852-4211-96c9-5d1c3d5c9b41\"}], \"model\": 1}, \"id\": \"fc5c012a-1994-437f-8ac3-d2253c22da7f\"}, {\"type\": \"item\", \"value\": {\"title\": \"Els cl\\u00e0ssics renovats\", \"image\": 4, \"item_types\": [{\"type\": \"item\", \"value\": 1, \"id\": \"7030e735-52c4-4935-bf5e-56cddeccec82\"}], \"finishings\": [{\"type\": \"item\", \"value\": 26, \"id\": \"b8acac0a-b852-4211-96c9-5d1c3d5c9b41\"}], \"model\": 2}, \"id\": \"fa4e623e-4ed5-48f2-a342-99dcc03c39cf\"}, {\"type\": \"item\", \"value\": {\"title\": \"Els cl\\u00e0ssics renovats\", \"image\": 5, \"item_types\": [{\"type\": \"item\", \"value\": 1, \"id\": \"7030e735-52c4-4935-bf5e-56cddeccec82\"}], \"finishings\": [{\"type\": \"item\", \"value\": 7, \"id\": \"b8acac0a-b852-4211-96c9-5d1c3d5c9b41\"}], \"model\": 2}, \"id\": \"51da2d8a-1df7-40f4-a427-3301eeb42c78\"}]",
      "description": "Amb més de 20 anys, Area és la nostra col·lecció més longeva, la nostra ànima i la nostra personalitat. Al llarg dels anys l’hem anat adaptant a noves necessitats, formes i estils per proporcionar sempre peces d’última generació, amb personalitat, cridaneres i pràctiques. Aquesta renovació actual d’Area ens aporta colors, formes i tendències sense perdre l’essència de la col·lecció. Gràcies a l’estreta col·laboració amb Josep Turell, dissenyador ja consagrat d’Area, i de Martí Nualart, dissenyador emergent, el resultat és una col·lecció indiscutiblement interessant, atractiva i funcional.",
      "draft_title": "Nova col·lecció Àrea",
      "content_type": 60,
      "header_image": 10,
      "live_revision": 15,
      "show_in_menus": false,
      "latest_revision": 15,
      "translation_key": "5bc4a38e-eb4e-4f8a-b038-a71ca0065438",
      "collection_items": [
        {
          "pk": null,
          "page": 4,
          "image": 2,
          "model": 1,
          "title": "Serenitat, calidesa i benestar",
          "types": [
            {
              "pk": null,
              "page": null,
              "item_type": 1,
              "sort_order": 0
            }
          ],
          "finishings": [
            {
              "pk": null,
              "page": null,
              "finishing": 15,
              "sort_order": 0
            }
          ],
          "sort_order": 0
        },
        {
          "pk": null,
          "page": 4,
          "image": 3,
          "model": 1,
          "title": "Serenitat, calidesa i benestar",
          "types": [
            {
              "pk": null,
              "page": null,
              "item_type": 1,
              "sort_order": 0
            }
          ],
          "finishings": [
            {
              "pk": null,
              "page": null,
              "finishing": 15,
              "sort_order": 0
            }
          ],
          "sort_order": 1
        },
        {
          "pk": null,
          "page": 4,
          "image": 4,
          "model": 2,
          "title": "Els clàssics renovats",
          "types": [
            {
              "pk": null,
              "page": null,
              "item_type": 1,
              "sort_order": 0
            }
          ],
          "finishings": [
            {
              "pk": null,
              "page": null,
              "finishing": 26,
              "sort_order": 0
            }
          ],
          "sort_order": 2
        }
      ],
      "last_published_at": "2022-09-13T14:53:19.169Z",
      "first_published_at": "2022-08-11T08:55:15.251Z",
      "search_description": "",
      "wagtail_admin_comments": [],
      "has_unpublished_changes": false,
      "latest_revision_created_at": "2022-09-13T14:53:19.133Z"
    },
    "approved_go_live_at": null
  }
},
{
  "model": "wagtailcore.revision",
  "pk": 22,
  "fields": {
    "content_type": [
      "cms_site",
      "collection"
    ],
    "base_content_type": [
      "wagtailcore",
      "page"
    ],
    "object_id": "4",
    "submitted_for_moderation": false,
    "created_at": "2022-09-23T12:42:54.911Z",
    "user": [
      "hola@codi.coop"
    ],
    "object_str": "Nova col·lecció Àrea",
    "content": {
      "pk": 4,
      "pdf": 1,
      "live": true,
      "path": "0001000100040002",
      "slug": "nova-collecció-àrea",
      "depth": 4,
      "owner": 1,
      "title": "Nova col·lecció Àrea",
      "locale": 1,
      "locked": false,
      "expired": false,
      "alias_of": null,
      "numchild": 0,
      "url_path": "/home/cataleg/nova-collecció-àrea/",
      "expire_at": null,
      "locked_at": null,
      "locked_by": null,
      "seo_title": "",
      "go_live_at": null,
      "items_list": "[{\"type\": \"item\", \"value\": {\"title\": \"Els cl\\u00e0ssics renovats\", \"image\": 5, \"item_types\": [{\"type\": \"item\", \"value\": 1, \"id\": \"7030e735-52c4-4935-bf5e-56cddeccec82\"}], \"finishings\": [{\"type\": \"item\", \"value\": 7, \"id\": \"b8acac0a-b852-4211-96c9-5d1c3d5c9b41\"}], \"model\": 2}, \"id\": \"51da2d8a-1df7-40f4-a427-3301eeb42c78\"}]",
      "description": "Amb més de 20 anys, Area és la nostra col·lecció més longeva, la nostra ànima i la nostra personalitat. Al llarg dels anys l’hem anat adaptant a noves necessitats, formes i estils per proporcionar sempre peces d’última generació, amb personalitat, cridaneres i pràctiques. Aquesta renovació actual d’Area ens aporta colors, formes i tendències sense perdre l’essència de la col·lecció. Gràcies a l’estreta col·laboració amb Josep Turell, dissenyador ja consagrat d’Area, i de Martí Nualart, dissenyador emergent, el resultat és una col·lecció indiscutiblement interessant, atractiva i funcional.",
      "draft_title": "Nova col·lecció Àrea",
      "content_type": 60,
      "header_image": 10,
      "live_revision": 15,
      "show_in_menus": false,
      "latest_revision": 21,
      "translation_key": "5bc4a38e-eb4e-4f8a-b038-a71ca0065438",
      "collection_items": [
        {
          "pk": null,
          "page": 4,
          "image": 2,
          "model": 1,
          "title": "Serenitat, calidesa i benestar",
          "types": [
            {
              "pk": null,
              "page": null,
              "item_type": 1,
              "sort_order": 0
            }
          ],
          "finishings": [
            {
              "pk": null,
              "page": null,
              "finishing": 15,
              "sort_order": 0
            }
          ],
          "sort_order": 0
        },
        {
          "pk": null,
          "page": 4,
          "image": 3,
          "model": 1,
          "title": "Serenitat, calidesa i benestar",
          "types": [
            {
              "pk": null,
              "page": null,
              "item_type": 1,
              "sort_order": 0
            }
          ],
          "finishings": [
            {
              "pk": null,
              "page": null,
              "finishing": 15,
              "sort_order": 0
            }
          ],
          "sort_order": 1
        },
        {
          "pk": null,
          "page": 4,
          "image": 4,
          "model": 2,
          "title": "Els clàssics renovats",
          "types": [
            {
              "pk": null,
              "page": null,
              "item_type": 1,
              "sort_order": 0
            }
          ],
          "finishings": [
            {
              "pk": null,
              "page": null,
              "finishing": 26,
              "sort_order": 0
            }
          ],
          "sort_order": 2
        },
        {
          "pk": null,
          "page": 4,
          "image": 5,
          "model": 2,
          "title": "Els clàssics renovats",
          "types": [
            {
              "pk": null,
              "page": null,
              "item_type": 1,
              "sort_order": 0
            }
          ],
          "finishings": [
            {
              "pk": null,
              "page": null,
              "finishing": 7,
              "sort_order": 0
            }
          ],
          "sort_order": 3
        }
      ],
      "last_published_at": "2022-09-13T14:53:19.169Z",
      "first_published_at": "2022-08-11T08:55:15.251Z",
      "search_description": "",
      "wagtail_admin_comments": [],
      "has_unpublished_changes": true,
      "latest_revision_created_at": "2022-09-23T12:40:56.904Z"
    },
    "approved_go_live_at": null
  }
},
{
  "model": "wagtailcore.revision",
  "pk": 23,
  "fields": {
    "content_type": [
      "cms_site",
      "collection"
    ],
    "base_content_type": [
      "wagtailcore",
      "page"
    ],
    "object_id": "6",
    "submitted_for_moderation": false,
    "created_at": "2022-09-23T12:47:41.840Z",
    "user": [
      "hola@codi.coop"
    ],
    "object_str": "Col·lecció Nordic",
    "content": {
      "pk": 6,
      "pdf": 2,
      "live": true,
      "path": "0001000100040001",
      "slug": "collecció-nordic",
      "depth": 4,
      "owner": 1,
      "title": "Col·lecció Nordic",
      "locale": 1,
      "locked": false,
      "expired": false,
      "alias_of": null,
      "numchild": 0,
      "url_path": "/home/cataleg/collecció-nordic/",
      "expire_at": null,
      "locked_at": null,
      "locked_by": null,
      "seo_title": "",
      "go_live_at": null,
      "items_list": "[{\"type\": \"item\", \"value\": {\"title\": \"Moble televisi\\u00f3 J\\u00f6rn i Bufet Sovik\", \"image\": 6, \"item_types\": [{\"type\": \"item\", \"value\": 1, \"id\": \"fe84a222-8a39-4516-8052-77cc38b0fca9\"}], \"finishings\": [{\"type\": \"item\", \"value\": 2, \"id\": \"baa218bd-1c10-47b2-918b-6ffef7a00bad\"}], \"model\": 11}, \"id\": \"811a1adf-c664-46c6-aac1-51546373ea35\"}, {\"type\": \"item\", \"value\": {\"title\": \"Moble J\\u00f6rn, Dora i Brei\", \"image\": 7, \"item_types\": [{\"type\": \"item\", \"value\": 1, \"id\": \"fe84a222-8a39-4516-8052-77cc38b0fca9\"}], \"finishings\": [{\"type\": \"item\", \"value\": 3, \"id\": \"baa218bd-1c10-47b2-918b-6ffef7a00bad\"}, {\"type\": \"item\", \"value\": 24, \"id\": \"e6bccf66-0f71-431d-99ce-da5d718c1bd1\"}], \"model\": 11}, \"id\": \"66ddcfb8-310d-47f8-8499-57fc8347bf17\"}, {\"type\": \"item\", \"value\": {\"title\": \"Buffet Sovik\", \"image\": 8, \"item_types\": [{\"type\": \"item\", \"value\": 1, \"id\": \"fe84a222-8a39-4516-8052-77cc38b0fca9\"}], \"finishings\": [{\"type\": \"item\", \"value\": 1, \"id\": \"baa218bd-1c10-47b2-918b-6ffef7a00bad\"}], \"model\": 14}, \"id\": \"e9d20165-05e0-4ae6-b2ce-130e735d6c02\"}, {\"type\": \"item\", \"value\": {\"title\": \"Llit Brevik\", \"image\": 9, \"item_types\": [{\"type\": \"item\", \"value\": 3, \"id\": \"fe84a222-8a39-4516-8052-77cc38b0fca9\"}], \"finishings\": [{\"type\": \"item\", \"value\": 2, \"id\": \"baa218bd-1c10-47b2-918b-6ffef7a00bad\"}, {\"type\": \"item\", \"value\": 24, \"id\": \"6c0aba94-ac4f-4647-bad9-d2ea43770670\"}], \"model\": 15}, \"id\": \"078d966c-2938-4bdf-b565-50baa1bc2032\"}]",
      "description": "Nordic Collection és una col·lecció de mobles dissenyada per Martí Nualart i fabricada per Mobles Ciurans. La col·lecció Nordic s'ha dissenyat per adaptar-se a qualsevol espai interior. Amb un disseny minimalista i un aire fresc i natural, aquest programa de mobiliari proporciona solucions i supera les expectatives dels consumidors més exigents.",
      "draft_title": "Col·lecció Nordic",
      "content_type": 60,
      "header_image": 10,
      "live_revision": 14,
      "show_in_menus": false,
      "latest_revision": 14,
      "translation_key": "b7c45ee9-0db6-47e8-be55-b3d1847cf1fc",
      "collection_items": [
        {
          "pk": null,
          "page": 6,
          "image": 8,
          "model": 11,
          "title": "Moble televisió Jörn i Bufet Sovik",
          "types": [
            {
              "pk": null,
              "page": null,
              "item_type": 1,
              "sort_order": 0
            }
          ],
          "finishings": [
            {
              "pk": null,
              "page": null,
              "finishing": 2,
              "sort_order": 0
            }
          ],
          "sort_order": 0
        },
        {
          "pk": null,
          "page": 6,
          "image": 7,
          "model": 11,
          "title": "Moble Jörn, Dora i Brei",
          "types": [
            {
              "pk": null,
              "page": null,
              "item_type": 1,
              "sort_order": 0
            }
          ],
          "finishings": [
            {
              "pk": null,
              "page": null,
              "finishing": 3,
              "sort_order": 0
            },
            {
              "pk": null,
              "page": null,
              "finishing": 24,
              "sort_order": 1
            }
          ],
          "sort_order": 1
        },
        {
          "pk": null,
          "page": 6,
          "image": 8,
          "model": 14,
          "title": "Buffet Sovik",
          "types": [
            {
              "pk": null,
              "page": null,
              "item_type": 1,
              "sort_order": 0
            }
          ],
          "finishings": [
            {
              "pk": null,
              "page": null,
              "finishing": 1,
              "sort_order": 0
            }
          ],
          "sort_order": 2
        },
        {
          "pk": null,
          "page": 6,
          "image": 9,
          "model": 15,
          "title": "Llit Brevik",
          "types": [
            {
              "pk": null,
              "page": null,
              "item_type": 3,
              "sort_order": 0
            }
          ],
          "finishings": [
            {
              "pk": null,
              "page": null,
              "finishing": 2,
              "sort_order": 0
            },
            {
              "pk": null,
              "page": null,
              "finishing": 24,
              "sort_order": 1
            }
          ],
          "sort_order": 3
        }
      ],
      "last_published_at": "2022-09-13T14:53:04.271Z",
      "first_published_at": "2022-08-11T09:55:55.433Z",
      "search_description": "",
      "wagtail_admin_comments": [],
      "has_unpublished_changes": false,
      "latest_revision_created_at": "2022-09-13T14:53:04.234Z"
    },
    "approved_go_live_at": null
  }
},
{
  "model": "wagtailcore.revision",
  "pk": 24,
  "fields": {
    "content_type": [
      "cms_site",
      "collection"
    ],
    "base_content_type": [
      "wagtailcore",
      "page"
    ],
    "object_id": "6",
    "submitted_for_moderation": false,
    "created_at": "2022-09-23T12:47:59.570Z",
    "user": [
      "hola@codi.coop"
    ],
    "object_str": "Col·lecció Nordic",
    "content": {
      "pk": 6,
      "pdf": 2,
      "live": true,
      "path": "0001000100040001",
      "slug": "collecció-nordic",
      "depth": 4,
      "owner": 1,
      "title": "Col·lecció Nordic",
      "locale": 1,
      "locked": false,
      "expired": false,
      "alias_of": null,
      "numchild": 0,
      "url_path": "/home/cataleg/collecció-nordic/",
      "expire_at": null,
      "locked_at": null,
      "locked_by": null,
      "seo_title": "",
      "go_live_at": null,
      "items_list": "[{\"type\": \"item\", \"value\": {\"title\": \"Llit Brevik\", \"image\": 9, \"item_types\": [{\"type\": \"item\", \"value\": 3, \"id\": \"fe84a222-8a39-4516-8052-77cc38b0fca9\"}], \"finishings\": [{\"type\": \"item\", \"value\": 2, \"id\": \"baa218bd-1c10-47b2-918b-6ffef7a00bad\"}, {\"type\": \"item\", \"value\": 24, \"id\": \"6c0aba94-ac4f-4647-bad9-d2ea43770670\"}], \"model\": 15}, \"id\": \"078d966c-2938-4bdf-b565-50baa1bc2032\"}]",
      "description": "Nordic Collection és una col·lecció de mobles dissenyada per Martí Nualart i fabricada per Mobles Ciurans. La col·lecció Nordic s'ha dissenyat per adaptar-se a qualsevol espai interior. Amb un disseny minimalista i un aire fresc i natural, aquest programa de mobiliari proporciona solucions i supera les expectatives dels consumidors més exigents.",
      "draft_title": "Col·lecció Nordic",
      "content_type": 60,
      "header_image": 10,
      "live_revision": 14,
      "show_in_menus": false,
      "latest_revision": 23,
      "translation_key": "b7c45ee9-0db6-47e8-be55-b3d1847cf1fc",
      "collection_items": [
        {
          "pk": null,
          "page": 6,
          "image": 8,
          "model": 11,
          "title": "Moble televisió Jörn i Bufet Sovik",
          "types": [
            {
              "pk": null,
              "page": null,
              "item_type": 1,
              "sort_order": 0
            }
          ],
          "finishings": [
            {
              "pk": null,
              "page": null,
              "finishing": 2,
              "sort_order": 0
            }
          ],
          "sort_order": 0
        },
        {
          "pk": null,
          "page": 6,
          "image": 7,
          "model": 11,
          "title": "Moble Jörn, Dora i Brei",
          "types": [
            {
              "pk": null,
              "page": null,
              "item_type": 1,
              "sort_order": 0
            }
          ],
          "finishings": [
            {
              "pk": null,
              "page": null,
              "finishing": 3,
              "sort_order": 0
            },
            {
              "pk": null,
              "page": null,
              "finishing": 24,
              "sort_order": 1
            }
          ],
          "sort_order": 1
        },
        {
          "pk": null,
          "page": 6,
          "image": 8,
          "model": 14,
          "title": "Buffet Sovik",
          "types": [
            {
              "pk": null,
              "page": null,
              "item_type": 1,
              "sort_order": 0
            }
          ],
          "finishings": [
            {
              "pk": null,
              "page": null,
              "finishing": 1,
              "sort_order": 0
            }
          ],
          "sort_order": 2
        },
        {
          "pk": null,
          "page": 6,
          "image": 9,
          "model": 15,
          "title": "Llit Brevik",
          "types": [
            {
              "pk": null,
              "page": null,
              "item_type": 3,
              "sort_order": 0
            }
          ],
          "finishings": [
            {
              "pk": null,
              "page": null,
              "finishing": 2,
              "sort_order": 0
            },
            {
              "pk": null,
              "page": null,
              "finishing": 24,
              "sort_order": 1
            }
          ],
          "sort_order": 3
        }
      ],
      "last_published_at": "2022-09-13T14:53:04.271Z",
      "first_published_at": "2022-08-11T09:55:55.433Z",
      "search_description": "",
      "wagtail_admin_comments": [],
      "has_unpublished_changes": true,
      "latest_revision_created_at": "2022-09-23T12:47:41.840Z"
    },
    "approved_go_live_at": null
  }
},
{
  "model": "wagtailcore.revision",
  "pk": 25,
  "fields": {
    "content_type": [
      "cms_site",
      "collection"
    ],
    "base_content_type": [
      "wagtailcore",
      "page"
    ],
    "object_id": "6",
    "submitted_for_moderation": false,
    "created_at": "2022-09-23T12:52:29.930Z",
    "user": [
      "hola@codi.coop"
    ],
    "object_str": "Col·lecció Nordic",
    "content": {
      "pk": 6,
      "pdf": 2,
      "live": true,
      "path": "0001000100040001",
      "slug": "collecció-nordic",
      "depth": 4,
      "owner": 1,
      "title": "Col·lecció Nordic",
      "locale": 1,
      "locked": false,
      "expired": false,
      "alias_of": null,
      "numchild": 0,
      "url_path": "/home/cataleg/collecció-nordic/",
      "expire_at": null,
      "locked_at": null,
      "locked_by": null,
      "seo_title": "",
      "go_live_at": null,
      "description": "Nordic Collection és una col·lecció de mobles dissenyada per Martí Nualart i fabricada per Mobles Ciurans. La col·lecció Nordic s'ha dissenyat per adaptar-se a qualsevol espai interior. Amb un disseny minimalista i un aire fresc i natural, aquest programa de mobiliari proporciona solucions i supera les expectatives dels consumidors més exigents.",
      "draft_title": "Col·lecció Nordic",
      "content_type": 60,
      "header_image": 10,
      "live_revision": 14,
      "show_in_menus": false,
      "latest_revision": 24,
      "translation_key": "b7c45ee9-0db6-47e8-be55-b3d1847cf1fc",
      "collection_items": [
        {
          "pk": null,
          "page": 6,
          "image": 8,
          "model": 11,
          "title": "Moble televisió Jörn i Bufet Sovik",
          "types": [
            {
              "pk": null,
              "page": null,
              "item_type": 1,
              "sort_order": 0
            }
          ],
          "finishings": [
            {
              "pk": null,
              "page": null,
              "finishing": 2,
              "sort_order": 0
            }
          ],
          "sort_order": 0
        },
        {
          "pk": null,
          "page": 6,
          "image": 7,
          "model": 11,
          "title": "Moble Jörn, Dora i Brei",
          "types": [
            {
              "pk": null,
              "page": null,
              "item_type": 1,
              "sort_order": 0
            }
          ],
          "finishings": [
            {
              "pk": null,
              "page": null,
              "finishing": 3,
              "sort_order": 0
            },
            {
              "pk": null,
              "page": null,
              "finishing": 24,
              "sort_order": 1
            }
          ],
          "sort_order": 1
        },
        {
          "pk": null,
          "page": 6,
          "image": 8,
          "model": 14,
          "title": "Buffet Sovik",
          "types": [
            {
              "pk": null,
              "page": null,
              "item_type": 1,
              "sort_order": 0
            }
          ],
          "finishings": [
            {
              "pk": null,
              "page": null,
              "finishing": 1,
              "sort_order": 0
            }
          ],
          "sort_order": 2
        },
        {
          "pk": null,
          "page": 6,
          "image": 9,
          "model": 15,
          "title": "Llit Brevik",
          "types": [
            {
              "pk": null,
              "page": null,
              "item_type": 3,
              "sort_order": 0
            }
          ],
          "finishings": [
            {
              "pk": null,
              "page": null,
              "finishing": 2,
              "sort_order": 0
            },
            {
              "pk": null,
              "page": null,
              "finishing": 24,
              "sort_order": 1
            }
          ],
          "sort_order": 3
        }
      ],
      "last_published_at": "2022-09-13T14:53:04.271Z",
      "first_published_at": "2022-08-11T09:55:55.433Z",
      "search_description": "",
      "wagtail_admin_comments": [],
      "has_unpublished_changes": true,
      "latest_revision_created_at": "2022-09-23T12:47:59.570Z"
    },
    "approved_go_live_at": null
  }
},
{
  "model": "wagtailcore.revision",
  "pk": 26,
  "fields": {
    "content_type": [
      "cms_site",
      "collection"
    ],
    "base_content_type": [
      "wagtailcore",
      "page"
    ],
    "object_id": "4",
    "submitted_for_moderation": false,
    "created_at": "2022-09-23T12:52:44.516Z",
    "user": [
      "hola@codi.coop"
    ],
    "object_str": "Nova col·lecció Àrea",
    "content": {
      "pk": 4,
      "pdf": 1,
      "live": true,
      "path": "0001000100040002",
      "slug": "nova-collecció-àrea",
      "depth": 4,
      "owner": 1,
      "title": "Nova col·lecció Àrea",
      "locale": 1,
      "locked": false,
      "expired": false,
      "alias_of": null,
      "numchild": 0,
      "url_path": "/home/cataleg/nova-collecció-àrea/",
      "expire_at": null,
      "locked_at": null,
      "locked_by": null,
      "seo_title": "",
      "go_live_at": null,
      "description": "Amb més de 20 anys, Area és la nostra col·lecció més longeva, la nostra ànima i la nostra personalitat. Al llarg dels anys l’hem anat adaptant a noves necessitats, formes i estils per proporcionar sempre peces d’última generació, amb personalitat, cridaneres i pràctiques. Aquesta renovació actual d’Area ens aporta colors, formes i tendències sense perdre l’essència de la col·lecció. Gràcies a l’estreta col·laboració amb Josep Turell, dissenyador ja consagrat d’Area, i de Martí Nualart, dissenyador emergent, el resultat és una col·lecció indiscutiblement interessant, atractiva i funcional.",
      "draft_title": "Nova col·lecció Àrea",
      "content_type": 60,
      "header_image": 10,
      "live_revision": 15,
      "show_in_menus": false,
      "latest_revision": 22,
      "translation_key": "5bc4a38e-eb4e-4f8a-b038-a71ca0065438",
      "collection_items": [
        {
          "pk": null,
          "page": 4,
          "image": 2,
          "model": 1,
          "title": "Serenitat, calidesa i benestar",
          "types": [
            {
              "pk": null,
              "page": null,
              "item_type": 1,
              "sort_order": 0
            }
          ],
          "finishings": [
            {
              "pk": null,
              "page": null,
              "finishing": 15,
              "sort_order": 0
            }
          ],
          "sort_order": 0
        },
        {
          "pk": null,
          "page": 4,
          "image": 3,
          "model": 1,
          "title": "Serenitat, calidesa i benestar",
          "types": [
            {
              "pk": null,
              "page": null,
              "item_type": 1,
              "sort_order": 0
            }
          ],
          "finishings": [
            {
              "pk": null,
              "page": null,
              "finishing": 15,
              "sort_order": 0
            }
          ],
          "sort_order": 1
        },
        {
          "pk": null,
          "page": 4,
          "image": 4,
          "model": 2,
          "title": "Els clàssics renovats",
          "types": [
            {
              "pk": null,
              "page": null,
              "item_type": 1,
              "sort_order": 0
            }
          ],
          "finishings": [
            {
              "pk": null,
              "page": null,
              "finishing": 26,
              "sort_order": 0
            }
          ],
          "sort_order": 2
        },
        {
          "pk": null,
          "page": 4,
          "image": 5,
          "model": 2,
          "title": "Els clàssics renovats",
          "types": [
            {
              "pk": null,
              "page": null,
              "item_type": 1,
              "sort_order": 0
            }
          ],
          "finishings": [
            {
              "pk": null,
              "page": null,
              "finishing": 7,
              "sort_order": 0
            }
          ],
          "sort_order": 3
        }
      ],
      "last_published_at": "2022-09-13T14:53:19.169Z",
      "first_published_at": "2022-08-11T08:55:15.251Z",
      "search_description": "",
      "wagtail_admin_comments": [],
      "has_unpublished_changes": true,
      "latest_revision_created_at": "2022-09-23T12:42:54.911Z"
    },
    "approved_go_live_at": null
  }
},
{
  "model": "wagtailcore.pagelogentry",
  "pk": 1,
  "fields": {
    "content_type": [
      "cms_site",
      "homepage"
    ],
    "label": "Eslògan de portada",
    "action": "wagtail.edit",
    "data": {},
    "timestamp": "2022-08-10T13:56:15.140Z",
    "uuid": "5482b55b-5fdb-4ba6-8e2e-36cc8d28e19e",
    "user": [
      "hola@codi.coop"
    ],
    "revision": 1,
    "content_changed": true,
    "deleted": false,
    "page": 2
  }
},
{
  "model": "wagtailcore.pagelogentry",
  "pk": 2,
  "fields": {
    "content_type": [
      "cms_site",
      "homepage"
    ],
    "label": "Eslògan de portada",
    "action": "wagtail.publish",
    "data": {},
    "timestamp": "2022-08-10T13:56:15.176Z",
    "uuid": "5482b55b-5fdb-4ba6-8e2e-36cc8d28e19e",
    "user": [
      "hola@codi.coop"
    ],
    "revision": 1,
    "content_changed": true,
    "deleted": false,
    "page": 2
  }
},
{
  "model": "wagtailcore.pagelogentry",
  "pk": 3,
  "fields": {
    "content_type": [
      "cms_site",
      "homepage"
    ],
    "label": "Eslògan de portada",
    "action": "wagtail.create",
    "data": {},
    "timestamp": "2022-08-10T13:58:26.897Z",
    "uuid": "b22e617b-34d3-4c86-810d-40f65705d351",
    "user": [
      "hola@codi.coop"
    ],
    "revision": null,
    "content_changed": true,
    "deleted": false,
    "page": 3
  }
},
{
  "model": "wagtailcore.pagelogentry",
  "pk": 4,
  "fields": {
    "content_type": [
      "cms_site",
      "homepage"
    ],
    "label": "Eslògan de portada",
    "action": "wagtail.create_alias",
    "data": {
      "page": {
        "id": 3,
        "title": "Eslògan de portada"
      },
      "source": {
        "id": 1,
        "title": "Root"
      },
      "destination": {
        "id": 1,
        "title": "Root"
      }
    },
    "timestamp": "2022-08-10T13:58:26.901Z",
    "uuid": "b22e617b-34d3-4c86-810d-40f65705d351",
    "user": [
      "hola@codi.coop"
    ],
    "revision": null,
    "content_changed": false,
    "deleted": false,
    "page": 3
  }
},
{
  "model": "wagtailcore.pagelogentry",
  "pk": 5,
  "fields": {
    "content_type": [
      "cms_site",
      "homepage"
    ],
    "label": "Eslògan de portada",
    "action": "wagtail.publish",
    "data": {},
    "timestamp": "2022-08-10T13:58:26.903Z",
    "uuid": "b22e617b-34d3-4c86-810d-40f65705d351",
    "user": [
      "hola@codi.coop"
    ],
    "revision": null,
    "content_changed": false,
    "deleted": false,
    "page": 3
  }
},
{
  "model": "wagtailcore.pagelogentry",
  "pk": 6,
  "fields": {
    "content_type": [
      "cms_site",
      "homepage"
    ],
    "label": "Eslògan de portada",
    "action": "wagtail.convert_alias",
    "data": {
      "page": {
        "id": 3,
        "title": "Eslògan de portada"
      }
    },
    "timestamp": "2022-08-10T13:58:40.162Z",
    "uuid": null,
    "user": [
      "hola@codi.coop"
    ],
    "revision": 2,
    "content_changed": false,
    "deleted": false,
    "page": 3
  }
},
{
  "model": "wagtailcore.pagelogentry",
  "pk": 7,
  "fields": {
    "content_type": [
      "cms_site",
      "homepage"
    ],
    "label": "Eslògan de portada",
    "action": "wagtail.publish",
    "data": {},
    "timestamp": "2022-08-10T13:58:40.227Z",
    "uuid": "1caffe5c-ec6e-41ea-adb1-82269809bb68",
    "user": [
      "hola@codi.coop"
    ],
    "revision": 3,
    "content_changed": true,
    "deleted": false,
    "page": 3
  }
},
{
  "model": "wagtailcore.pagelogentry",
  "pk": 8,
  "fields": {
    "content_type": [
      "cms_site",
      "homepage"
    ],
    "label": "Eslògan de portada",
    "action": "wagtail.publish",
    "data": {},
    "timestamp": "2022-08-10T13:59:15.022Z",
    "uuid": "f0190e40-e031-46ec-b3ca-ac5d6c8a9131",
    "user": [
      "hola@codi.coop"
    ],
    "revision": 4,
    "content_changed": true,
    "deleted": false,
    "page": 3
  }
},
{
  "model": "wagtailcore.pagelogentry",
  "pk": 9,
  "fields": {
    "content_type": [
      "cms_site",
      "homepage"
    ],
    "label": "Eslogan de portada, pendiente",
    "action": "wagtail.publish",
    "data": {},
    "timestamp": "2022-08-10T14:52:12.066Z",
    "uuid": "c9d34c60-e150-4f99-8534-a446b2dd0dce",
    "user": [
      "hola@codi.coop"
    ],
    "revision": 5,
    "content_changed": true,
    "deleted": false,
    "page": 3
  }
},
{
  "model": "wagtailcore.pagelogentry",
  "pk": 10,
  "fields": {
    "content_type": [
      "cms_site",
      "collection"
    ],
    "label": "Nova col·lecció Àrea",
    "action": "wagtail.create",
    "data": {},
    "timestamp": "2022-08-11T08:55:15.208Z",
    "uuid": "316d9921-f9e8-4fca-967f-0ee0515caec4",
    "user": [
      "hola@codi.coop"
    ],
    "revision": null,
    "content_changed": true,
    "deleted": false,
    "page": 4
  }
},
{
  "model": "wagtailcore.pagelogentry",
  "pk": 11,
  "fields": {
    "content_type": [
      "cms_site",
      "collection"
    ],
    "label": "Nova col·lecció Àrea",
    "action": "wagtail.publish",
    "data": {},
    "timestamp": "2022-08-11T08:55:15.289Z",
    "uuid": "316d9921-f9e8-4fca-967f-0ee0515caec4",
    "user": [
      "hola@codi.coop"
    ],
    "revision": 6,
    "content_changed": true,
    "deleted": false,
    "page": 4
  }
},
{
  "model": "wagtailcore.pagelogentry",
  "pk": 12,
  "fields": {
    "content_type": [
      "cms_site",
      "collection"
    ],
    "label": "Nova col·lecció Àrea",
    "action": "wagtail.create",
    "data": {},
    "timestamp": "2022-08-11T08:55:15.335Z",
    "uuid": "316d9921-f9e8-4fca-967f-0ee0515caec4",
    "user": [
      "hola@codi.coop"
    ],
    "revision": null,
    "content_changed": true,
    "deleted": false,
    "page": 5
  }
},
{
  "model": "wagtailcore.pagelogentry",
  "pk": 13,
  "fields": {
    "content_type": [
      "cms_site",
      "collection"
    ],
    "label": "Nova col·lecció Àrea",
    "action": "wagtail.create_alias",
    "data": {
      "page": {
        "id": 5,
        "title": "Nova col·lecció Àrea"
      },
      "source": {
        "id": 2,
        "title": "Eslògan de portada"
      },
      "destination": {
        "id": 3,
        "title": "Eslogan de portada, pendiente"
      }
    },
    "timestamp": "2022-08-11T08:55:15.339Z",
    "uuid": "316d9921-f9e8-4fca-967f-0ee0515caec4",
    "user": [
      "hola@codi.coop"
    ],
    "revision": null,
    "content_changed": false,
    "deleted": false,
    "page": 5
  }
},
{
  "model": "wagtailcore.pagelogentry",
  "pk": 14,
  "fields": {
    "content_type": [
      "cms_site",
      "collection"
    ],
    "label": "Nova col·lecció Àrea",
    "action": "wagtail.publish",
    "data": {},
    "timestamp": "2022-08-11T08:55:15.342Z",
    "uuid": "316d9921-f9e8-4fca-967f-0ee0515caec4",
    "user": [
      "hola@codi.coop"
    ],
    "revision": null,
    "content_changed": false,
    "deleted": false,
    "page": 5
  }
},
{
  "model": "wagtailcore.pagelogentry",
  "pk": 15,
  "fields": {
    "content_type": [
      "cms_site",
      "homepage"
    ],
    "label": "Eslògan de portada",
    "action": "wagtail.edit",
    "data": {},
    "timestamp": "2022-08-11T08:58:01.088Z",
    "uuid": "5973ed30-a91a-41e2-99e2-75bfa9018ddb",
    "user": [
      "hola@codi.coop"
    ],
    "revision": 7,
    "content_changed": true,
    "deleted": false,
    "page": 2
  }
},
{
  "model": "wagtailcore.pagelogentry",
  "pk": 16,
  "fields": {
    "content_type": [
      "cms_site",
      "homepage"
    ],
    "label": "Eslògan de portada",
    "action": "wagtail.publish",
    "data": {},
    "timestamp": "2022-08-11T08:58:01.143Z",
    "uuid": "5973ed30-a91a-41e2-99e2-75bfa9018ddb",
    "user": [
      "hola@codi.coop"
    ],
    "revision": 7,
    "content_changed": true,
    "deleted": false,
    "page": 2
  }
},
{
  "model": "wagtailcore.pagelogentry",
  "pk": 17,
  "fields": {
    "content_type": [
      "cms_site",
      "collection"
    ],
    "label": "Col·lecció Nordic",
    "action": "wagtail.create",
    "data": {},
    "timestamp": "2022-08-11T09:55:55.383Z",
    "uuid": "bdb2f951-6fbd-4252-a764-be48fd46a1c9",
    "user": [
      "hola@codi.coop"
    ],
    "revision": null,
    "content_changed": true,
    "deleted": false,
    "page": 6
  }
},
{
  "model": "wagtailcore.pagelogentry",
  "pk": 18,
  "fields": {
    "content_type": [
      "cms_site",
      "collection"
    ],
    "label": "Col·lecció Nordic",
    "action": "wagtail.publish",
    "data": {},
    "timestamp": "2022-08-11T09:55:55.471Z",
    "uuid": "bdb2f951-6fbd-4252-a764-be48fd46a1c9",
    "user": [
      "hola@codi.coop"
    ],
    "revision": 8,
    "content_changed": true,
    "deleted": false,
    "page": 6
  }
},
{
  "model": "wagtailcore.pagelogentry",
  "pk": 19,
  "fields": {
    "content_type": [
      "cms_site",
      "collection"
    ],
    "label": "Col·lecció Nordic",
    "action": "wagtail.create",
    "data": {},
    "timestamp": "2022-08-11T09:55:55.524Z",
    "uuid": "bdb2f951-6fbd-4252-a764-be48fd46a1c9",
    "user": [
      "hola@codi.coop"
    ],
    "revision": null,
    "content_changed": true,
    "deleted": false,
    "page": 7
  }
},
{
  "model": "wagtailcore.pagelogentry",
  "pk": 20,
  "fields": {
    "content_type": [
      "cms_site",
      "collection"
    ],
    "label": "Col·lecció Nordic",
    "action": "wagtail.create_alias",
    "data": {
      "page": {
        "id": 7,
        "title": "Col·lecció Nordic"
      },
      "source": {
        "id": 2,
        "title": "Eslògan de portada"
      },
      "destination": {
        "id": 3,
        "title": "Eslogan de portada, pendiente"
      }
    },
    "timestamp": "2022-08-11T09:55:55.529Z",
    "uuid": "bdb2f951-6fbd-4252-a764-be48fd46a1c9",
    "user": [
      "hola@codi.coop"
    ],
    "revision": null,
    "content_changed": false,
    "deleted": false,
    "page": 7
  }
},
{
  "model": "wagtailcore.pagelogentry",
  "pk": 21,
  "fields": {
    "content_type": [
      "cms_site",
      "collection"
    ],
    "label": "Col·lecció Nordic",
    "action": "wagtail.publish",
    "data": {},
    "timestamp": "2022-08-11T09:55:55.534Z",
    "uuid": "bdb2f951-6fbd-4252-a764-be48fd46a1c9",
    "user": [
      "hola@codi.coop"
    ],
    "revision": null,
    "content_changed": false,
    "deleted": false,
    "page": 7
  }
},
{
  "model": "wagtailcore.pagelogentry",
  "pk": 22,
  "fields": {
    "content_type": [
      "cms_site",
      "homepage"
    ],
    "label": "Eslògan de portada",
    "action": "wagtail.edit",
    "data": {},
    "timestamp": "2022-08-11T09:56:45.598Z",
    "uuid": "4f3a0bac-c686-4a7c-84e8-6258f695bed9",
    "user": [
      "hola@codi.coop"
    ],
    "revision": 9,
    "content_changed": true,
    "deleted": false,
    "page": 2
  }
},
{
  "model": "wagtailcore.pagelogentry",
  "pk": 23,
  "fields": {
    "content_type": [
      "cms_site",
      "homepage"
    ],
    "label": "Eslògan de portada",
    "action": "wagtail.publish",
    "data": {},
    "timestamp": "2022-08-11T09:56:45.652Z",
    "uuid": "4f3a0bac-c686-4a7c-84e8-6258f695bed9",
    "user": [
      "hola@codi.coop"
    ],
    "revision": 9,
    "content_changed": true,
    "deleted": false,
    "page": 2
  }
},
{
  "model": "wagtailcore.pagelogentry",
  "pk": 24,
  "fields": {
    "content_type": [
      "cms_site",
      "homepage"
    ],
    "label": "Eslògan de portada",
    "action": "wagtail.edit",
    "data": {},
    "timestamp": "2022-08-11T10:37:14.895Z",
    "uuid": "e7d0cbe8-f66b-48b3-be31-182ecc570699",
    "user": [
      "hola@codi.coop"
    ],
    "revision": 10,
    "content_changed": true,
    "deleted": false,
    "page": 2
  }
},
{
  "model": "wagtailcore.pagelogentry",
  "pk": 25,
  "fields": {
    "content_type": [
      "cms_site",
      "homepage"
    ],
    "label": "Eslògan de portada",
    "action": "wagtail.publish",
    "data": {},
    "timestamp": "2022-08-11T10:37:14.986Z",
    "uuid": "e7d0cbe8-f66b-48b3-be31-182ecc570699",
    "user": [
      "hola@codi.coop"
    ],
    "revision": 10,
    "content_changed": true,
    "deleted": false,
    "page": 2
  }
},
{
  "model": "wagtailcore.pagelogentry",
  "pk": 26,
  "fields": {
    "content_type": [
      "cms_site",
      "designerspage"
    ],
    "label": "Els nostres dissenyadors",
    "action": "wagtail.create",
    "data": {},
    "timestamp": "2022-08-11T10:56:41.591Z",
    "uuid": "2da7cc5f-1244-46d7-9f31-1a9a8b206735",
    "user": [
      "hola@codi.coop"
    ],
    "revision": null,
    "content_changed": true,
    "deleted": false,
    "page": 8
  }
},
{
  "model": "wagtailcore.pagelogentry",
  "pk": 27,
  "fields": {
    "content_type": [
      "cms_site",
      "designerspage"
    ],
    "label": "Els nostres dissenyadors",
    "action": "wagtail.publish",
    "data": {},
    "timestamp": "2022-08-11T10:56:41.675Z",
    "uuid": "2da7cc5f-1244-46d7-9f31-1a9a8b206735",
    "user": [
      "hola@codi.coop"
    ],
    "revision": 11,
    "content_changed": true,
    "deleted": false,
    "page": 8
  }
},
{
  "model": "wagtailcore.pagelogentry",
  "pk": 28,
  "fields": {
    "content_type": [
      "cms_site",
      "designerspage"
    ],
    "label": "Els nostres dissenyadors",
    "action": "wagtail.create",
    "data": {},
    "timestamp": "2022-08-11T10:56:41.747Z",
    "uuid": "2da7cc5f-1244-46d7-9f31-1a9a8b206735",
    "user": [
      "hola@codi.coop"
    ],
    "revision": null,
    "content_changed": true,
    "deleted": false,
    "page": 9
  }
},
{
  "model": "wagtailcore.pagelogentry",
  "pk": 29,
  "fields": {
    "content_type": [
      "cms_site",
      "designerspage"
    ],
    "label": "Els nostres dissenyadors",
    "action": "wagtail.create_alias",
    "data": {
      "page": {
        "id": 9,
        "title": "Els nostres dissenyadors"
      },
      "source": {
        "id": 2,
        "title": "Eslògan de portada"
      },
      "destination": {
        "id": 3,
        "title": "Eslogan de portada, pendiente"
      }
    },
    "timestamp": "2022-08-11T10:56:41.755Z",
    "uuid": "2da7cc5f-1244-46d7-9f31-1a9a8b206735",
    "user": [
      "hola@codi.coop"
    ],
    "revision": null,
    "content_changed": false,
    "deleted": false,
    "page": 9
  }
},
{
  "model": "wagtailcore.pagelogentry",
  "pk": 30,
  "fields": {
    "content_type": [
      "cms_site",
      "designerspage"
    ],
    "label": "Els nostres dissenyadors",
    "action": "wagtail.publish",
    "data": {},
    "timestamp": "2022-08-11T10:56:41.761Z",
    "uuid": "2da7cc5f-1244-46d7-9f31-1a9a8b206735",
    "user": [
      "hola@codi.coop"
    ],
    "revision": null,
    "content_changed": false,
    "deleted": false,
    "page": 9
  }
},
{
  "model": "wagtailcore.pagelogentry",
  "pk": 31,
  "fields": {
    "content_type": [
      "cms_site",
      "collectionspage"
    ],
    "label": "Catàleg",
    "action": "wagtail.create",
    "data": {},
    "timestamp": "2022-08-12T15:24:32.571Z",
    "uuid": "60e2145f-9289-4c85-9884-285e3092bf73",
    "user": [
      "hola@codi.coop"
    ],
    "revision": null,
    "content_changed": true,
    "deleted": false,
    "page": 10
  }
},
{
  "model": "wagtailcore.pagelogentry",
  "pk": 32,
  "fields": {
    "content_type": [
      "cms_site",
      "collectionspage"
    ],
    "label": "Catàleg",
    "action": "wagtail.publish",
    "data": {},
    "timestamp": "2022-08-12T15:24:32.614Z",
    "uuid": "60e2145f-9289-4c85-9884-285e3092bf73",
    "user": [
      "hola@codi.coop"
    ],
    "revision": 12,
    "content_changed": true,
    "deleted": false,
    "page": 10
  }
},
{
  "model": "wagtailcore.pagelogentry",
  "pk": 33,
  "fields": {
    "content_type": [
      "cms_site",
      "collectionspage"
    ],
    "label": "Catàleg",
    "action": "wagtail.create",
    "data": {},
    "timestamp": "2022-08-12T15:24:32.644Z",
    "uuid": "60e2145f-9289-4c85-9884-285e3092bf73",
    "user": [
      "hola@codi.coop"
    ],
    "revision": null,
    "content_changed": true,
    "deleted": false,
    "page": 11
  }
},
{
  "model": "wagtailcore.pagelogentry",
  "pk": 34,
  "fields": {
    "content_type": [
      "cms_site",
      "collectionspage"
    ],
    "label": "Catàleg",
    "action": "wagtail.create_alias",
    "data": {
      "page": {
        "id": 11,
        "title": "Catàleg"
      },
      "source": {
        "id": 2,
        "title": "Eslògan de portada"
      },
      "destination": {
        "id": 3,
        "title": "Eslogan de portada, pendiente"
      }
    },
    "timestamp": "2022-08-12T15:24:32.646Z",
    "uuid": "60e2145f-9289-4c85-9884-285e3092bf73",
    "user": [
      "hola@codi.coop"
    ],
    "revision": null,
    "content_changed": false,
    "deleted": false,
    "page": 11
  }
},
{
  "model": "wagtailcore.pagelogentry",
  "pk": 35,
  "fields": {
    "content_type": [
      "cms_site",
      "collectionspage"
    ],
    "label": "Catàleg",
    "action": "wagtail.publish",
    "data": {},
    "timestamp": "2022-08-12T15:24:32.648Z",
    "uuid": "60e2145f-9289-4c85-9884-285e3092bf73",
    "user": [
      "hola@codi.coop"
    ],
    "revision": null,
    "content_changed": false,
    "deleted": false,
    "page": 11
  }
},
{
  "model": "wagtailcore.pagelogentry",
  "pk": 36,
  "fields": {
    "content_type": [
      "cms_site",
      "collection"
    ],
    "label": "Col·lecció Nordic",
    "action": "wagtail.move",
    "data": {
      "source": {
        "id": 2,
        "title": "Eslògan de portada"
      },
      "destination": {
        "id": 10,
        "title": "Catàleg"
      }
    },
    "timestamp": "2022-08-12T15:24:49.033Z",
    "uuid": "8be3e0ff-064f-4668-b92e-414548391111",
    "user": [
      "hola@codi.coop"
    ],
    "revision": null,
    "content_changed": false,
    "deleted": false,
    "page": 6
  }
},
{
  "model": "wagtailcore.pagelogentry",
  "pk": 37,
  "fields": {
    "content_type": [
      "cms_site",
      "collection"
    ],
    "label": "Nova col·lecció Àrea",
    "action": "wagtail.move",
    "data": {
      "source": {
        "id": 2,
        "title": "Eslògan de portada"
      },
      "destination": {
        "id": 10,
        "title": "Catàleg"
      }
    },
    "timestamp": "2022-08-12T15:25:01.110Z",
    "uuid": "54ef12f5-c77e-45f0-b536-914d5045a61c",
    "user": [
      "hola@codi.coop"
    ],
    "revision": null,
    "content_changed": false,
    "deleted": false,
    "page": 4
  }
},
{
  "model": "wagtailcore.pagelogentry",
  "pk": 38,
  "fields": {
    "content_type": [
      "cms_site",
      "collection"
    ],
    "label": "Nova col·lecció Àrea",
    "action": "wagtail.move",
    "data": {
      "source": {
        "id": 3,
        "title": "Eslogan de portada, pendiente"
      },
      "destination": {
        "id": 11,
        "title": "Catàleg"
      }
    },
    "timestamp": "2022-09-13T14:51:52.568Z",
    "uuid": "0f7d4e53-c8a2-4204-abb5-5ce82c80f051",
    "user": [
      "hola@codi.coop"
    ],
    "revision": null,
    "content_changed": false,
    "deleted": false,
    "page": 5
  }
},
{
  "model": "wagtailcore.pagelogentry",
  "pk": 39,
  "fields": {
    "content_type": [
      "cms_site",
      "collection"
    ],
    "label": "Col·lecció Nordic",
    "action": "wagtail.move",
    "data": {
      "source": {
        "id": 3,
        "title": "Eslogan de portada, pendiente"
      },
      "destination": {
        "id": 11,
        "title": "Catàleg"
      }
    },
    "timestamp": "2022-09-13T14:52:05.179Z",
    "uuid": "6778cdfe-e6ae-460f-849b-95f1b074dccd",
    "user": [
      "hola@codi.coop"
    ],
    "revision": null,
    "content_changed": false,
    "deleted": false,
    "page": 7
  }
},
{
  "model": "wagtailcore.pagelogentry",
  "pk": 40,
  "fields": {
    "content_type": [
      "cms_site",
      "collectionspage"
    ],
    "label": "Catàleg",
    "action": "wagtail.edit",
    "data": {},
    "timestamp": "2022-09-13T14:52:47.151Z",
    "uuid": "cddc70b2-93ed-48ac-b190-f1ec949a76b8",
    "user": [
      "hola@codi.coop"
    ],
    "revision": 13,
    "content_changed": true,
    "deleted": false,
    "page": 10
  }
},
{
  "model": "wagtailcore.pagelogentry",
  "pk": 41,
  "fields": {
    "content_type": [
      "cms_site",
      "collectionspage"
    ],
    "label": "Catàleg",
    "action": "wagtail.publish",
    "data": {},
    "timestamp": "2022-09-13T14:52:47.226Z",
    "uuid": "cddc70b2-93ed-48ac-b190-f1ec949a76b8",
    "user": [
      "hola@codi.coop"
    ],
    "revision": null,
    "content_changed": false,
    "deleted": false,
    "page": 11
  }
},
{
  "model": "wagtailcore.pagelogentry",
  "pk": 42,
  "fields": {
    "content_type": [
      "cms_site",
      "collectionspage"
    ],
    "label": "Catàleg",
    "action": "wagtail.publish",
    "data": {},
    "timestamp": "2022-09-13T14:52:47.232Z",
    "uuid": "cddc70b2-93ed-48ac-b190-f1ec949a76b8",
    "user": [
      "hola@codi.coop"
    ],
    "revision": 13,
    "content_changed": true,
    "deleted": false,
    "page": 10
  }
},
{
  "model": "wagtailcore.pagelogentry",
  "pk": 43,
  "fields": {
    "content_type": [
      "cms_site",
      "collection"
    ],
    "label": "Col·lecció Nordic",
    "action": "wagtail.edit",
    "data": {},
    "timestamp": "2022-09-13T14:53:04.253Z",
    "uuid": "b12efeab-b2e2-49f2-b837-e31ae503526c",
    "user": [
      "hola@codi.coop"
    ],
    "revision": 14,
    "content_changed": true,
    "deleted": false,
    "page": 6
  }
},
{
  "model": "wagtailcore.pagelogentry",
  "pk": 44,
  "fields": {
    "content_type": [
      "cms_site",
      "collection"
    ],
    "label": "Col·lecció Nordic",
    "action": "wagtail.publish",
    "data": {},
    "timestamp": "2022-09-13T14:53:04.333Z",
    "uuid": "b12efeab-b2e2-49f2-b837-e31ae503526c",
    "user": [
      "hola@codi.coop"
    ],
    "revision": null,
    "content_changed": false,
    "deleted": false,
    "page": 7
  }
},
{
  "model": "wagtailcore.pagelogentry",
  "pk": 45,
  "fields": {
    "content_type": [
      "cms_site",
      "collection"
    ],
    "label": "Col·lecció Nordic",
    "action": "wagtail.publish",
    "data": {},
    "timestamp": "2022-09-13T14:53:04.340Z",
    "uuid": "b12efeab-b2e2-49f2-b837-e31ae503526c",
    "user": [
      "hola@codi.coop"
    ],
    "revision": 14,
    "content_changed": true,
    "deleted": false,
    "page": 6
  }
},
{
  "model": "wagtailcore.pagelogentry",
  "pk": 46,
  "fields": {
    "content_type": [
      "cms_site",
      "collection"
    ],
    "label": "Nova col·lecció Àrea",
    "action": "wagtail.edit",
    "data": {},
    "timestamp": "2022-09-13T14:53:19.150Z",
    "uuid": "0f7579c8-2cd4-4f25-bf81-76e992a63757",
    "user": [
      "hola@codi.coop"
    ],
    "revision": 15,
    "content_changed": true,
    "deleted": false,
    "page": 4
  }
},
{
  "model": "wagtailcore.pagelogentry",
  "pk": 47,
  "fields": {
    "content_type": [
      "cms_site",
      "collection"
    ],
    "label": "Nova col·lecció Àrea",
    "action": "wagtail.publish",
    "data": {},
    "timestamp": "2022-09-13T14:53:19.233Z",
    "uuid": "0f7579c8-2cd4-4f25-bf81-76e992a63757",
    "user": [
      "hola@codi.coop"
    ],
    "revision": null,
    "content_changed": false,
    "deleted": false,
    "page": 5
  }
},
{
  "model": "wagtailcore.pagelogentry",
  "pk": 48,
  "fields": {
    "content_type": [
      "cms_site",
      "collection"
    ],
    "label": "Nova col·lecció Àrea",
    "action": "wagtail.publish",
    "data": {},
    "timestamp": "2022-09-13T14:53:19.240Z",
    "uuid": "0f7579c8-2cd4-4f25-bf81-76e992a63757",
    "user": [
      "hola@codi.coop"
    ],
    "revision": 15,
    "content_changed": true,
    "deleted": false,
    "page": 4
  }
},
{
  "model": "wagtailcore.pagelogentry",
  "pk": 49,
  "fields": {
    "content_type": [
      "cms_site",
      "designerspage"
    ],
    "label": "Els nostres dissenyadors",
    "action": "wagtail.delete",
    "data": {},
    "timestamp": "2022-09-13T15:18:58.008Z",
    "uuid": "f7f24b7c-6e41-4d07-b078-47013ec044be",
    "user": [
      "hola@codi.coop"
    ],
    "revision": null,
    "content_changed": false,
    "deleted": true,
    "page": 9
  }
},
{
  "model": "wagtailcore.pagelogentry",
  "pk": 50,
  "fields": {
    "content_type": [
      "cms_site",
      "collectionspage"
    ],
    "label": "Catàleg",
    "action": "wagtail.delete",
    "data": {},
    "timestamp": "2022-09-13T15:18:58.012Z",
    "uuid": "f7f24b7c-6e41-4d07-b078-47013ec044be",
    "user": [
      "hola@codi.coop"
    ],
    "revision": null,
    "content_changed": false,
    "deleted": true,
    "page": 11
  }
},
{
  "model": "wagtailcore.pagelogentry",
  "pk": 51,
  "fields": {
    "content_type": [
      "cms_site",
      "collection"
    ],
    "label": "Nova col·lecció Àrea",
    "action": "wagtail.delete",
    "data": {},
    "timestamp": "2022-09-13T15:18:58.016Z",
    "uuid": "f7f24b7c-6e41-4d07-b078-47013ec044be",
    "user": [
      "hola@codi.coop"
    ],
    "revision": null,
    "content_changed": false,
    "deleted": true,
    "page": 5
  }
},
{
  "model": "wagtailcore.pagelogentry",
  "pk": 52,
  "fields": {
    "content_type": [
      "cms_site",
      "collection"
    ],
    "label": "Col·lecció Nordic",
    "action": "wagtail.delete",
    "data": {},
    "timestamp": "2022-09-13T15:18:58.019Z",
    "uuid": "f7f24b7c-6e41-4d07-b078-47013ec044be",
    "user": [
      "hola@codi.coop"
    ],
    "revision": null,
    "content_changed": false,
    "deleted": true,
    "page": 7
  }
},
{
  "model": "wagtailcore.pagelogentry",
  "pk": 53,
  "fields": {
    "content_type": [
      "cms_site",
      "homepage"
    ],
    "label": "Eslogan de portada, pendiente",
    "action": "wagtail.delete",
    "data": {},
    "timestamp": "2022-09-13T15:18:58.024Z",
    "uuid": "f7f24b7c-6e41-4d07-b078-47013ec044be",
    "user": [
      "hola@codi.coop"
    ],
    "revision": null,
    "content_changed": false,
    "deleted": true,
    "page": 3
  }
},
{
  "model": "wagtailcore.pagelogentry",
  "pk": 54,
  "fields": {
    "content_type": [
      "cms_site",
      "customprojectspage"
    ],
    "label": "Projectes a mida",
    "action": "wagtail.create",
    "data": {},
    "timestamp": "2022-09-15T10:19:24.101Z",
    "uuid": "f5993df8-cc9a-4b7e-bc3a-d2f6aac13cdd",
    "user": [
      "hola@codi.coop"
    ],
    "revision": null,
    "content_changed": true,
    "deleted": false,
    "page": 11
  }
},
{
  "model": "wagtailcore.pagelogentry",
  "pk": 55,
  "fields": {
    "content_type": [
      "cms_site",
      "customprojectspage"
    ],
    "label": "Projectes a mida",
    "action": "wagtail.publish",
    "data": {},
    "timestamp": "2022-09-15T10:19:24.170Z",
    "uuid": "f5993df8-cc9a-4b7e-bc3a-d2f6aac13cdd",
    "user": [
      "hola@codi.coop"
    ],
    "revision": 16,
    "content_changed": true,
    "deleted": false,
    "page": 11
  }
},
{
  "model": "wagtailcore.pagelogentry",
  "pk": 56,
  "fields": {
    "content_type": [
      "cms_site",
      "customproject"
    ],
    "label": "Projecte CR",
    "action": "wagtail.create",
    "data": {},
    "timestamp": "2022-09-21T11:18:11.534Z",
    "uuid": "d2dfdaf9-a43c-41aa-8a9a-5e12819a5d2b",
    "user": [
      "hola@codi.coop"
    ],
    "revision": null,
    "content_changed": true,
    "deleted": false,
    "page": 12
  }
},
{
  "model": "wagtailcore.pagelogentry",
  "pk": 57,
  "fields": {
    "content_type": [
      "cms_site",
      "customproject"
    ],
    "label": "Projecte CR",
    "action": "wagtail.publish",
    "data": {},
    "timestamp": "2022-09-21T11:18:11.595Z",
    "uuid": "d2dfdaf9-a43c-41aa-8a9a-5e12819a5d2b",
    "user": [
      "hola@codi.coop"
    ],
    "revision": 17,
    "content_changed": true,
    "deleted": false,
    "page": 12
  }
},
{
  "model": "wagtailcore.pagelogentry",
  "pk": 58,
  "fields": {
    "content_type": [
      "cms_site",
      "customproject"
    ],
    "label": "Projecte CR",
    "action": "wagtail.delete",
    "data": {},
    "timestamp": "2022-09-21T14:40:51.446Z",
    "uuid": "e5cacd71-3cfa-46b3-8508-5d99fe67da9f",
    "user": [
      "hola@codi.coop"
    ],
    "revision": null,
    "content_changed": false,
    "deleted": true,
    "page": 12
  }
},
{
  "model": "wagtailcore.pagelogentry",
  "pk": 59,
  "fields": {
    "content_type": [
      "cms_site",
      "customproject"
    ],
    "label": "Projecte CR",
    "action": "wagtail.create",
    "data": {},
    "timestamp": "2022-09-21T14:41:33.448Z",
    "uuid": "e8c4bd1e-be7f-482a-8f72-4bf4c7082c1d",
    "user": [
      "hola@codi.coop"
    ],
    "revision": null,
    "content_changed": true,
    "deleted": false,
    "page": 13
  }
},
{
  "model": "wagtailcore.pagelogentry",
  "pk": 60,
  "fields": {
    "content_type": [
      "cms_site",
      "customproject"
    ],
    "label": "Projecte CR",
    "action": "wagtail.edit",
    "data": {},
    "timestamp": "2022-09-21T14:42:09.596Z",
    "uuid": "586864cf-1737-4f6d-bdc2-89e9b90ee550",
    "user": [
      "hola@codi.coop"
    ],
    "revision": 19,
    "content_changed": true,
    "deleted": false,
    "page": 13
  }
},
{
  "model": "wagtailcore.pagelogentry",
  "pk": 61,
  "fields": {
    "content_type": [
      "cms_site",
      "customproject"
    ],
    "label": "Projecte CR",
    "action": "wagtail.edit",
    "data": {},
    "timestamp": "2022-09-21T14:43:12.984Z",
    "uuid": "26d85ffa-5930-45b3-9338-02f7a5863fb6",
    "user": [
      "hola@codi.coop"
    ],
    "revision": 20,
    "content_changed": true,
    "deleted": false,
    "page": 13
  }
},
{
  "model": "wagtailcore.pagelogentry",
  "pk": 62,
  "fields": {
    "content_type": [
      "cms_site",
      "customproject"
    ],
    "label": "Projecte CR",
    "action": "wagtail.publish",
    "data": {},
    "timestamp": "2022-09-21T14:43:13.028Z",
    "uuid": "26d85ffa-5930-45b3-9338-02f7a5863fb6",
    "user": [
      "hola@codi.coop"
    ],
    "revision": 20,
    "content_changed": false,
    "deleted": false,
    "page": 13
  }
},
{
  "model": "wagtailcore.pagelogentry",
  "pk": 63,
  "fields": {
    "content_type": [
      "cms_site",
      "collection"
    ],
    "label": "Nova col·lecció Àrea",
    "action": "wagtail.edit",
    "data": {},
    "timestamp": "2022-09-23T12:40:56.922Z",
    "uuid": "6739d30c-210d-497b-ac88-276682c01167",
    "user": [
      "hola@codi.coop"
    ],
    "revision": 21,
    "content_changed": true,
    "deleted": false,
    "page": 4
  }
},
{
  "model": "wagtailcore.pagelogentry",
  "pk": 64,
  "fields": {
    "content_type": [
      "cms_site",
      "collection"
    ],
    "label": "Nova col·lecció Àrea",
    "action": "wagtail.edit",
    "data": {},
    "timestamp": "2022-09-23T12:42:54.927Z",
    "uuid": "39dda6e1-1f20-45b0-bb4c-334e4fa678cf",
    "user": [
      "hola@codi.coop"
    ],
    "revision": 22,
    "content_changed": true,
    "deleted": false,
    "page": 4
  }
},
{
  "model": "wagtailcore.pagelogentry",
  "pk": 65,
  "fields": {
    "content_type": [
      "cms_site",
      "collection"
    ],
    "label": "Col·lecció Nordic",
    "action": "wagtail.edit",
    "data": {},
    "timestamp": "2022-09-23T12:47:41.857Z",
    "uuid": "a8ad5fb8-8987-4380-af93-b9763dc0a618",
    "user": [
      "hola@codi.coop"
    ],
    "revision": 23,
    "content_changed": true,
    "deleted": false,
    "page": 6
  }
},
{
  "model": "wagtailcore.pagelogentry",
  "pk": 66,
  "fields": {
    "content_type": [
      "cms_site",
      "collection"
    ],
    "label": "Col·lecció Nordic",
    "action": "wagtail.edit",
    "data": {},
    "timestamp": "2022-09-23T12:47:59.587Z",
    "uuid": "6a9d9056-b500-4d60-9c84-c0b8a1f6200d",
    "user": [
      "hola@codi.coop"
    ],
    "revision": 24,
    "content_changed": true,
    "deleted": false,
    "page": 6
  }
},
{
  "model": "wagtailcore.pagelogentry",
  "pk": 67,
  "fields": {
    "content_type": [
      "cms_site",
      "collection"
    ],
    "label": "Col·lecció Nordic",
    "action": "wagtail.edit",
    "data": {},
    "timestamp": "2022-09-23T12:52:29.948Z",
    "uuid": "aa45dddc-5246-4cc6-9268-f622eff0629b",
    "user": [
      "hola@codi.coop"
    ],
    "revision": 25,
    "content_changed": true,
    "deleted": false,
    "page": 6
  }
},
{
  "model": "wagtailcore.pagelogentry",
  "pk": 68,
  "fields": {
    "content_type": [
      "cms_site",
      "collection"
    ],
    "label": "Col·lecció Nordic",
    "action": "wagtail.publish",
    "data": {},
    "timestamp": "2022-09-23T12:52:30.045Z",
    "uuid": "aa45dddc-5246-4cc6-9268-f622eff0629b",
    "user": [
      "hola@codi.coop"
    ],
    "revision": 25,
    "content_changed": true,
    "deleted": false,
    "page": 6
  }
},
{
  "model": "wagtailcore.pagelogentry",
  "pk": 69,
  "fields": {
    "content_type": [
      "cms_site",
      "collection"
    ],
    "label": "Nova col·lecció Àrea",
    "action": "wagtail.edit",
    "data": {},
    "timestamp": "2022-09-23T12:52:44.531Z",
    "uuid": "dedba4cf-f395-4ffa-8e6c-74cbc04f5510",
    "user": [
      "hola@codi.coop"
    ],
    "revision": 26,
    "content_changed": true,
    "deleted": false,
    "page": 4
  }
},
{
  "model": "wagtailcore.pagelogentry",
  "pk": 70,
  "fields": {
    "content_type": [
      "cms_site",
      "collection"
    ],
    "label": "Nova col·lecció Àrea",
    "action": "wagtail.publish",
    "data": {},
    "timestamp": "2022-09-23T12:52:44.620Z",
    "uuid": "dedba4cf-f395-4ffa-8e6c-74cbc04f5510",
    "user": [
      "hola@codi.coop"
    ],
    "revision": 26,
    "content_changed": true,
    "deleted": false,
    "page": 4
  }
},
{
  "model": "taggit.tag",
  "pk": 1,
  "fields": {
    "name": "header",
    "slug": "header"
  }
},
{
  "model": "taggit.tag",
  "pk": 2,
  "fields": {
    "name": "equip",
    "slug": "equip"
  }
},
{
  "model": "taggit.tag",
  "pk": 3,
  "fields": {
    "name": "dissenyador",
    "slug": "dissenyador"
  }
},
{
  "model": "taggit.taggeditem",
  "pk": 1,
  "fields": {
    "tag": 1,
    "content_type": [
      "wagtailimages",
      "image"
    ],
    "object_id": 10
  }
},
{
  "model": "taggit.taggeditem",
  "pk": 2,
  "fields": {
    "tag": 2,
    "content_type": [
      "wagtailimages",
      "image"
    ],
    "object_id": 11
  }
},
{
  "model": "taggit.taggeditem",
  "pk": 3,
  "fields": {
    "tag": 3,
    "content_type": [
      "wagtailimages",
      "image"
    ],
    "object_id": 11
  }
},
{
  "model": "base.localizedmainmenu",
  "pk": 1,
  "fields": {
    "site": [
      "localhost",
      80
    ],
    "max_levels": 2
  }
},
{
  "model": "cms_site.collectionspage",
  "pk": 10,
  "fields": {
    "header_image": 10,
    "menu_label": null
  }
},
{
  "model": "cms_site.collection",
  "pk": 4,
  "fields": {
    "header_image": 10,
    "description": "Amb més de 20 anys, Area és la nostra col·lecció més longeva, la nostra ànima i la nostra personalitat. Al llarg dels anys l’hem anat adaptant a noves necessitats, formes i estils per proporcionar sempre peces d’última generació, amb personalitat, cridaneres i pràctiques. Aquesta renovació actual d’Area ens aporta colors, formes i tendències sense perdre l’essència de la col·lecció. Gràcies a l’estreta col·laboració amb Josep Turell, dissenyador ja consagrat d’Area, i de Martí Nualart, dissenyador emergent, el resultat és una col·lecció indiscutiblement interessant, atractiva i funcional.",
    "pdf": 1
  }
},
{
  "model": "cms_site.collection",
  "pk": 6,
  "fields": {
    "header_image": 10,
    "description": "Nordic Collection és una col·lecció de mobles dissenyada per Martí Nualart i fabricada per Mobles Ciurans. La col·lecció Nordic s'ha dissenyat per adaptar-se a qualsevol espai interior. Amb un disseny minimalista i un aire fresc i natural, aquest programa de mobiliari proporciona solucions i supera les expectatives dels consumidors més exigents.",
    "pdf": 2
  }
},
{
  "model": "cms_site.collectionitem",
  "pk": 1,
  "fields": {
    "sort_order": 0,
    "page": 6,
    "title": "Moble televisió Jörn i Bufet Sovik",
    "image": 8,
    "model": 11
  }
},
{
  "model": "cms_site.collectionitem",
  "pk": 2,
  "fields": {
    "sort_order": 1,
    "page": 6,
    "title": "Moble Jörn, Dora i Brei",
    "image": 7,
    "model": 11
  }
},
{
  "model": "cms_site.collectionitem",
  "pk": 3,
  "fields": {
    "sort_order": 2,
    "page": 6,
    "title": "Buffet Sovik",
    "image": 8,
    "model": 14
  }
},
{
  "model": "cms_site.collectionitem",
  "pk": 4,
  "fields": {
    "sort_order": 3,
    "page": 6,
    "title": "Llit Brevik",
    "image": 9,
    "model": 15
  }
},
{
  "model": "cms_site.collectionitem",
  "pk": 5,
  "fields": {
    "sort_order": 0,
    "page": 4,
    "title": "Serenitat, calidesa i benestar",
    "image": 2,
    "model": 1
  }
},
{
  "model": "cms_site.collectionitem",
  "pk": 6,
  "fields": {
    "sort_order": 1,
    "page": 4,
    "title": "Serenitat, calidesa i benestar",
    "image": 3,
    "model": 1
  }
},
{
  "model": "cms_site.collectionitem",
  "pk": 7,
  "fields": {
    "sort_order": 2,
    "page": 4,
    "title": "Els clàssics renovats",
    "image": 4,
    "model": 2
  }
},
{
  "model": "cms_site.collectionitem",
  "pk": 8,
  "fields": {
    "sort_order": 3,
    "page": 4,
    "title": "Els clàssics renovats",
    "image": 5,
    "model": 2
  }
},
{
  "model": "cms_site.itemtypes",
  "pk": 1,
  "fields": {
    "sort_order": 0,
    "page": 1,
    "item_type": 1
  }
},
{
  "model": "cms_site.itemtypes",
  "pk": 2,
  "fields": {
    "sort_order": 0,
    "page": 2,
    "item_type": 1
  }
},
{
  "model": "cms_site.itemtypes",
  "pk": 3,
  "fields": {
    "sort_order": 0,
    "page": 3,
    "item_type": 1
  }
},
{
  "model": "cms_site.itemtypes",
  "pk": 4,
  "fields": {
    "sort_order": 0,
    "page": 4,
    "item_type": 3
  }
},
{
  "model": "cms_site.itemtypes",
  "pk": 5,
  "fields": {
    "sort_order": 0,
    "page": 5,
    "item_type": 1
  }
},
{
  "model": "cms_site.itemtypes",
  "pk": 6,
  "fields": {
    "sort_order": 0,
    "page": 6,
    "item_type": 1
  }
},
{
  "model": "cms_site.itemtypes",
  "pk": 7,
  "fields": {
    "sort_order": 0,
    "page": 7,
    "item_type": 1
  }
},
{
  "model": "cms_site.itemtypes",
  "pk": 8,
  "fields": {
    "sort_order": 0,
    "page": 8,
    "item_type": 1
  }
},
{
  "model": "cms_site.customprojectspage",
  "pk": 11,
  "fields": {
    "header_image": 12,
    "menu_label": null
  }
},
{
  "model": "cms_site.customproject",
  "pk": 13,
  "fields": {
    "header_image": 12,
    "description": "Reportatge fotogràfic del projecte CR realitzat per Estudi Nualart.",
    "main_section_image": 24,
    "images_collection": 4
  }
},
{
  "model": "cms_site.designerspage",
  "pk": 8,
  "fields": {
    "header_image": 10,
    "designers_list": "[{\"id\": \"1b138be3-9080-4500-b634-6326946153cb\", \"type\": \"item\", \"value\": {\"name\": \"Josep Turell\", \"role\": \"Dissenyador de la col\\u00b7lecci\\u00f3 \\u00c0rea\", \"photo\": 11, \"quote\": \"Experimentar, innovar i inventar sent coherent amb un estil \\u00e9s findamental en el meu proc\\u00e9s creatiu.\", \"description\": \"Gr\\u00e0cies a l'estreta col\\u00b7laboraci\\u00f3 amb en Josep Turell -dissenyador ja consagrat d'\\u00c0rea- i en Mart\\u00ed Nualart -dissenyador emergent- la resposta \\u00e9s col\\u00b7lecci\\u00f3 indiscutiblement interessant i a la vegada atractiva i funcional.\"}}, {\"id\": \"568c5cb2-1942-4f08-85fe-5ef12272e520\", \"type\": \"item\", \"value\": {\"name\": \"Mart\\u00ed Nualart\", \"role\": \"Dissenyador de la col\\u00b7lecci\\u00f3 \\u00c0rea\", \"photo\": 11, \"quote\": \"Cita de'n Mart\\u00ed Nualart\", \"description\": \"Gr\\u00e0cies a l'estreta col\\u00b7laboraci\\u00f3 amb en Josep Turell -dissenyador ja consagrat d'\\u00c0rea- i en Mart\\u00ed Nualart -dissenyador emergent- la resposta \\u00e9s col\\u00b7lecci\\u00f3 indiscutiblement interessant i a la vegada atractiva i funcional.\"}}]"
  }
},
{
  "model": "cms_site.homepage",
  "pk": 2,
  "fields": {
    "header_image": 2,
    "overlay_title": "Nou disseny de llit pel teu dormitori",
    "overlay_body": "Està compost per un capçal de llistons de grossors diferents i una base retroil·luminada pel matalàs. Tens l'opció de complementar-la amb les tauletes de la col·lecció New Area Collection.",
    "overlay_button_text": "Veure col·lecció",
    "overlay_button_page": 4,
    "overlay_image": 1,
    "collection_1_title": "Nova col·lecció Àrea",
    "collection_1_image": 2,
    "collection_1_page": 4,
    "collection_2_title": "Col·lecció Nørdic",
    "collection_2_image": 6,
    "collection_2_page": 6,
    "collection_3_title": "",
    "collection_3_image": null,
    "collection_3_page": null,
    "custom_projects_title": "",
    "custom_projects_image": null,
    "custom_projects_page": null,
    "display_instagram_feed": true,
    "display_header_highlight": true
  }
},
{
  "model": "cms_site.socialmediaiconssettings",
  "pk": 1,
  "fields": {
    "site": [
      "localhost",
      80
    ],
    "facebook": "https://www.facebook.com/moblesciurans",
    "youtube": "http://www.youtube.com/user/ciuransmobles",
    "instagram": "https://www.instagram.com/ciuransmobles",
    "vimeo": "https://vimeo.com/moblesciurans"
  }
},
{
  "model": "cms_site.contactdetailssettings",
  "pk": 1,
  "fields": {
    "site": [
      "localhost",
      80
    ],
    "email": "info@moblesciurans.com",
    "address": "C/ Priora Xixilona, 14<br>\n        08530 La Garriga<br>\n        Barcelona",
    "phone": "93 871 80 07"
  }
},
{
  "model": "cms_site.collectionitemtype",
  "pk": 1,
  "fields": {
    "translation_key": "9e65e943-e90e-425f-98a0-473c822cb4ff",
    "locale": 1,
    "name": "Menjador"
  }
},
{
  "model": "cms_site.collectionitemtype",
  "pk": 3,
  "fields": {
    "translation_key": "ee934808-bee8-4a3d-8eee-d7eebb3fc8ab",
    "locale": 1,
    "name": "Dormitori"
  }
},
{
  "model": "cms_site.collectionitemfinishing",
  "pk": 1,
  "fields": {
    "translation_key": "36659b27-e17a-4180-9750-10f7c9c7b932",
    "locale": 1,
    "name": "Roure 0"
  }
},
{
  "model": "cms_site.collectionitemfinishing",
  "pk": 2,
  "fields": {
    "translation_key": "e35734f9-8050-44e8-bf07-aa8bde8ff4af",
    "locale": 1,
    "name": "Roure 30"
  }
},
{
  "model": "cms_site.collectionitemfinishing",
  "pk": 3,
  "fields": {
    "translation_key": "6095c5cd-ddd7-4ef6-b73a-b2712db863cb",
    "locale": 1,
    "name": "Roure 60"
  }
},
{
  "model": "cms_site.collectionitemfinishing",
  "pk": 4,
  "fields": {
    "translation_key": "e182d5ab-cd32-4832-9760-43b6cc174cd0",
    "locale": 1,
    "name": "Roure 90"
  }
},
{
  "model": "cms_site.collectionitemfinishing",
  "pk": 5,
  "fields": {
    "translation_key": "be14f0fb-af71-447b-ba06-869bd202ced3",
    "locale": 1,
    "name": "Roure 75"
  }
},
{
  "model": "cms_site.collectionitemfinishing",
  "pk": 6,
  "fields": {
    "translation_key": "1ee9a4ab-b2f0-4139-8016-0ccd92e7f450",
    "locale": 1,
    "name": "Roure 15"
  }
},
{
  "model": "cms_site.collectionitemfinishing",
  "pk": 7,
  "fields": {
    "translation_key": "7c72987d-bf00-44cc-a5aa-3f1589b2da68",
    "locale": 1,
    "name": "Roure 20"
  }
},
{
  "model": "cms_site.collectionitemfinishing",
  "pk": 8,
  "fields": {
    "translation_key": "1aef47c1-bd58-4601-a029-213a8c51d3bb",
    "locale": 1,
    "name": "Eucaliptus"
  }
},
{
  "model": "cms_site.collectionitemfinishing",
  "pk": 9,
  "fields": {
    "translation_key": "44a87b72-1e3b-4efc-8a35-143a47328a1f",
    "locale": 1,
    "name": "Noguera 06"
  }
},
{
  "model": "cms_site.collectionitemfinishing",
  "pk": 10,
  "fields": {
    "translation_key": "9cb54c5b-48b9-455f-b4b5-63d7563fd96e",
    "locale": 1,
    "name": "Noguera 02"
  }
},
{
  "model": "cms_site.collectionitemfinishing",
  "pk": 11,
  "fields": {
    "translation_key": "b567edfa-f59b-4f82-b12f-889504f1f6b6",
    "locale": 1,
    "name": "Noguera 07"
  }
},
{
  "model": "cms_site.collectionitemfinishing",
  "pk": 12,
  "fields": {
    "translation_key": "576df22e-7e06-4901-a897-5b510bc9db68",
    "locale": 1,
    "name": "Noguera 10"
  }
},
{
  "model": "cms_site.collectionitemfinishing",
  "pk": 13,
  "fields": {
    "translation_key": "f5e7a61e-c556-445c-90b1-1fb18440058a",
    "locale": 1,
    "name": "Cirerer Noguera"
  }
},
{
  "model": "cms_site.collectionitemfinishing",
  "pk": 14,
  "fields": {
    "translation_key": "50b03c86-7e9d-4873-8df8-49cbd3f0f4d6",
    "locale": 1,
    "name": "Cirerer Natural"
  }
},
{
  "model": "cms_site.collectionitemfinishing",
  "pk": 15,
  "fields": {
    "translation_key": "ceb9dbd2-49aa-4667-be90-cc88d93cd4fe",
    "locale": 1,
    "name": "Blanc pur"
  }
},
{
  "model": "cms_site.collectionitemfinishing",
  "pk": 16,
  "fields": {
    "translation_key": "4808f2d4-e966-4b08-8646-60eeb5e13c8b",
    "locale": 1,
    "name": "Blanc Marfil"
  }
},
{
  "model": "cms_site.collectionitemfinishing",
  "pk": 17,
  "fields": {
    "translation_key": "8dfcadbd-7181-4642-9f69-340d6196cd86",
    "locale": 1,
    "name": "Beix Natural"
  }
},
{
  "model": "cms_site.collectionitemfinishing",
  "pk": 18,
  "fields": {
    "translation_key": "1d10dca5-a4af-4a15-85b8-a9996436c568",
    "locale": 1,
    "name": "Beix Pastel"
  }
},
{
  "model": "cms_site.collectionitemfinishing",
  "pk": 19,
  "fields": {
    "translation_key": "82ddb93a-2345-471d-a61e-9b6ffc771889",
    "locale": 1,
    "name": "Beix Sorra"
  }
},
{
  "model": "cms_site.collectionitemfinishing",
  "pk": 20,
  "fields": {
    "translation_key": "c2697a21-157a-4c0d-bf47-13ee0f9a82f0",
    "locale": 1,
    "name": "Beix Sílex"
  }
},
{
  "model": "cms_site.collectionitemfinishing",
  "pk": 21,
  "fields": {
    "translation_key": "b9273aa3-3982-4314-98ae-0a72d7b6ffa2",
    "locale": 1,
    "name": "Gris Nòrdic"
  }
},
{
  "model": "cms_site.collectionitemfinishing",
  "pk": 22,
  "fields": {
    "translation_key": "222fdc19-7cfb-4139-87ee-124bb49d0cf5",
    "locale": 1,
    "name": "Gris Terra"
  }
},
{
  "model": "cms_site.collectionitemfinishing",
  "pk": 23,
  "fields": {
    "translation_key": "4085381f-340c-408a-baa5-6f275de73fd2",
    "locale": 1,
    "name": "Gris Antracita"
  }
},
{
  "model": "cms_site.collectionitemfinishing",
  "pk": 24,
  "fields": {
    "translation_key": "8b8ce4f1-c669-4823-b7ad-1fc2867be6ad",
    "locale": 1,
    "name": "Negre Infinit"
  }
},
{
  "model": "cms_site.collectionitemfinishing",
  "pk": 25,
  "fields": {
    "translation_key": "47ab542c-12b8-491d-be40-acc4e35f4cae",
    "locale": 1,
    "name": "Gris Perla"
  }
},
{
  "model": "cms_site.collectionitemfinishing",
  "pk": 26,
  "fields": {
    "translation_key": "8fe7c215-eb80-4a83-ac46-0c652873db16",
    "locale": 1,
    "name": "Gris Pedra"
  }
},
{
  "model": "cms_site.collectionitemfinishing",
  "pk": 27,
  "fields": {
    "translation_key": "e1e5bdc6-23a7-4bf8-a535-958db776e532",
    "locale": 1,
    "name": "Gris Plom"
  }
},
{
  "model": "cms_site.collectionitemfinishing",
  "pk": 28,
  "fields": {
    "translation_key": "d8626d4a-bb6c-4216-819d-0e58a8b540a6",
    "locale": 1,
    "name": "Taronja Terracota"
  }
},
{
  "model": "cms_site.collectionitemfinishing",
  "pk": 29,
  "fields": {
    "translation_key": "8aff345e-ae13-48c6-b04a-80cfe1f60bc1",
    "locale": 1,
    "name": "Groc Mostassa"
  }
},
{
  "model": "cms_site.collectionitemfinishing",
  "pk": 30,
  "fields": {
    "translation_key": "7721b947-9334-4315-b8aa-efff03bb8fee",
    "locale": 1,
    "name": "Blau Fosc"
  }
},
{
  "model": "cms_site.collectionitemfinishing",
  "pk": 31,
  "fields": {
    "translation_key": "abf4e6c7-1c2c-468a-914c-c5a1246d6057",
    "locale": 1,
    "name": "Blau Acer"
  }
},
{
  "model": "cms_site.collectionitemfinishing",
  "pk": 32,
  "fields": {
    "translation_key": "a882ffd7-83c7-4bb3-a137-33ed2ce78074",
    "locale": 1,
    "name": "Blau Turquesa"
  }
},
{
  "model": "cms_site.collectionitemfinishing",
  "pk": 33,
  "fields": {
    "translation_key": "8ebaf4da-8371-4a93-b21b-a8da2762f469",
    "locale": 1,
    "name": "Blau Clar"
  }
},
{
  "model": "cms_site.collectionitemfinishing",
  "pk": 34,
  "fields": {
    "translation_key": "17d0583c-f397-4de4-938d-4bfe28c958c0",
    "locale": 1,
    "name": "Blau Cel"
  }
},
{
  "model": "cms_site.collectionitemfinishing",
  "pk": 35,
  "fields": {
    "translation_key": "dad5f225-030c-4f37-8430-bfdb635cbb00",
    "locale": 1,
    "name": "Morat Albergínia"
  }
},
{
  "model": "cms_site.collectionitemfinishing",
  "pk": 36,
  "fields": {
    "translation_key": "c1ff24e8-685b-4d1a-98fa-c4eb2afa0f2d",
    "locale": 1,
    "name": "Vermell Òxid"
  }
},
{
  "model": "cms_site.collectionitemfinishing",
  "pk": 37,
  "fields": {
    "translation_key": "4a084b27-1269-4d7d-9255-05b489c522c0",
    "locale": 1,
    "name": "Vermell Cirera"
  }
},
{
  "model": "cms_site.collectionitemfinishing",
  "pk": 38,
  "fields": {
    "translation_key": "fd244d3e-8f9b-4683-9f1b-b8666b1e58e5",
    "locale": 1,
    "name": "Rosa Fosc"
  }
},
{
  "model": "cms_site.collectionitemfinishing",
  "pk": 39,
  "fields": {
    "translation_key": "d248523f-c7c8-429b-9a4e-5c477f769010",
    "locale": 1,
    "name": "Rosa Palo"
  }
},
{
  "model": "cms_site.collectionitemfinishing",
  "pk": 40,
  "fields": {
    "translation_key": "49ffb7e2-b924-4bf1-923a-a5238caaf13a",
    "locale": 1,
    "name": "Calacatta"
  }
},
{
  "model": "cms_site.collectionitemfinishing",
  "pk": 41,
  "fields": {
    "translation_key": "a9d322e6-0497-40b8-879f-0411399b84e6",
    "locale": 1,
    "name": "Atzabeja"
  }
},
{
  "model": "cms_site.collectionitemfinishing",
  "pk": 42,
  "fields": {
    "translation_key": "f66f4846-7110-4b20-9db9-1cd76c3ef006",
    "locale": 1,
    "name": "Bronze Daurat"
  }
},
{
  "model": "cms_site.collectionitemfinishing",
  "pk": 43,
  "fields": {
    "translation_key": "6c80da38-a532-4845-86e5-1a8bdb20ed97",
    "locale": 1,
    "name": "Bronze Torrat"
  }
},
{
  "model": "cms_site.collectionitemmodel",
  "pk": 1,
  "fields": {
    "translation_key": "56f318b7-58ed-4bbf-9630-3c50c821476d",
    "locale": 1,
    "name": "Area One MN1"
  }
},
{
  "model": "cms_site.collectionitemmodel",
  "pk": 2,
  "fields": {
    "translation_key": "0ff3eb3a-392f-49ad-90ab-a470179d368a",
    "locale": 1,
    "name": "Area One MN2"
  }
},
{
  "model": "cms_site.collectionitemmodel",
  "pk": 3,
  "fields": {
    "translation_key": "5d550635-b37d-4579-b4ce-61f236bfdb45",
    "locale": 1,
    "name": "Area One MN3"
  }
},
{
  "model": "cms_site.collectionitemmodel",
  "pk": 4,
  "fields": {
    "translation_key": "05ec47cc-3fcf-485a-868d-e80bee569012",
    "locale": 1,
    "name": "Area Single Net"
  }
},
{
  "model": "cms_site.collectionitemmodel",
  "pk": 5,
  "fields": {
    "translation_key": "22d8240e-a2c5-418b-bb40-027a4eda9c6f",
    "locale": 1,
    "name": "Area One MN8"
  }
},
{
  "model": "cms_site.collectionitemmodel",
  "pk": 6,
  "fields": {
    "translation_key": "fbe3c3e6-172c-41e2-8b0a-4856a18602a0",
    "locale": 1,
    "name": "Area One MN4"
  }
},
{
  "model": "cms_site.collectionitemmodel",
  "pk": 7,
  "fields": {
    "translation_key": "aae60720-07de-402e-98ef-9852e324bbae",
    "locale": 1,
    "name": "Taga"
  }
},
{
  "model": "cms_site.collectionitemmodel",
  "pk": 8,
  "fields": {
    "translation_key": "681e94b5-d275-46b4-aab7-8e09ef03d8fe",
    "locale": 1,
    "name": "Volda"
  }
},
{
  "model": "cms_site.collectionitemmodel",
  "pk": 9,
  "fields": {
    "translation_key": "c40d1921-40f2-44f5-b5ea-2ce01613f7c7",
    "locale": 1,
    "name": "Tanit"
  }
},
{
  "model": "cms_site.collectionitemmodel",
  "pk": 10,
  "fields": {
    "translation_key": "84e73175-57e3-4f1b-9870-a34856d7c12d",
    "locale": 1,
    "name": "Døra"
  }
},
{
  "model": "cms_site.collectionitemmodel",
  "pk": 11,
  "fields": {
    "translation_key": "a8e249fc-f472-4c12-8dd2-c8b75a613e7b",
    "locale": 1,
    "name": "Jörn"
  }
},
{
  "model": "cms_site.collectionitemmodel",
  "pk": 12,
  "fields": {
    "translation_key": "b653c09d-84db-427a-87a7-fd52fec994ff",
    "locale": 1,
    "name": "Brei"
  }
},
{
  "model": "cms_site.collectionitemmodel",
  "pk": 13,
  "fields": {
    "translation_key": "5577248f-8be6-4b7e-8efb-efbb69d18995",
    "locale": 1,
    "name": "Avik"
  }
},
{
  "model": "cms_site.collectionitemmodel",
  "pk": 14,
  "fields": {
    "translation_key": "ebf5d91d-9712-4ca8-98f4-9eeb08936502",
    "locale": 1,
    "name": "Søvik"
  }
},
{
  "model": "cms_site.collectionitemmodel",
  "pk": 15,
  "fields": {
    "translation_key": "e2f34266-b5bd-4744-8162-8a95884614a6",
    "locale": 1,
    "name": "Brevik"
  }
},
{
  "model": "cms_site.collectionitemmodel",
  "pk": 16,
  "fields": {
    "translation_key": "f1f557a7-f229-4144-a82a-1d5599f27b1f",
    "locale": 1,
    "name": "Tørla"
  }
},
{
  "model": "cms_site.collectionitemmodel",
  "pk": 17,
  "fields": {
    "translation_key": "05e66773-a56e-4eb4-8663-d4fdf969f0a3",
    "locale": 1,
    "name": "Göta"
  }
},
{
  "model": "cms_site.collectionitemmodel",
  "pk": 18,
  "fields": {
    "translation_key": "2a6c66fa-a167-4638-b89b-c557a25708a1",
    "locale": 1,
    "name": "Tolga"
  }
},
{
  "model": "cms_site.collectionitemmodel",
  "pk": 19,
  "fields": {
    "translation_key": "0205ecdd-606e-4d51-90ed-89dc00abfecf",
    "locale": 1,
    "name": "Tøre"
  }
},
{
  "model": "cms_site.collectionitemmodel",
  "pk": 20,
  "fields": {
    "translation_key": "fb997cdb-a6d4-41fa-9367-4c61fcaa8a83",
    "locale": 1,
    "name": "Solna"
  }
},
{
  "model": "cms_site.collectionitemmodel",
  "pk": 21,
  "fields": {
    "translation_key": "047a8eec-0341-4556-bebb-d9e15f56866a",
    "locale": 1,
    "name": "Vika"
  }
},
{
  "model": "cms_site.collectionitemmodel",
  "pk": 22,
  "fields": {
    "translation_key": "4e23072a-0aa8-4b30-8d81-2cc8f8ce3701",
    "locale": 1,
    "name": "Rona"
  }
},
{
  "model": "cms_site.collectionitemmodel",
  "pk": 23,
  "fields": {
    "translation_key": "2d328587-6cca-49f3-9718-9ade9f24794e",
    "locale": 1,
    "name": "Bro"
  }
},
{
  "model": "cms_site.collectionitemmodel",
  "pk": 24,
  "fields": {
    "translation_key": "9b81989f-69bf-46c9-ae58-6ce8a01d5ee8",
    "locale": 1,
    "name": "Viken"
  }
},
{
  "model": "cms_site.collectionitemmodel",
  "pk": 25,
  "fields": {
    "translation_key": "918d5d08-6770-4f32-9b48-7a4ed8352939",
    "locale": 1,
    "name": "Nybro"
  }
},
{
  "model": "cms_site.collectionitemmodel",
  "pk": 26,
  "fields": {
    "translation_key": "2435b39f-7371-4060-8e8d-920720118a9f",
    "locale": 1,
    "name": "Brunna"
  }
},
{
  "model": "cms_site.collectionitemmodel",
  "pk": 27,
  "fields": {
    "translation_key": "da8d4158-2848-4b9c-9fdf-208c78efaa1b",
    "locale": 1,
    "name": "Äsa"
  }
},
{
  "model": "cms_site.collectionitemmodel",
  "pk": 28,
  "fields": {
    "translation_key": "cb012112-4401-4476-bc7a-d49dca3bbd8e",
    "locale": 1,
    "name": "Floda"
  }
},
{
  "model": "cms_site.collectionitemmodel",
  "pk": 29,
  "fields": {
    "translation_key": "bac8fb9c-ee6e-42ce-8a29-0e2a93dd72fc",
    "locale": 1,
    "name": "Göta"
  }
},
{
  "model": "wagtailcore.groupapprovaltask",
  "pk": 1,
  "fields": {
    "groups": [
      [
        "Moderators"
      ]
    ]
  }
},
{
  "model": "wagtailredirects.redirect",
  "pk": 1,
  "fields": {
    "old_path": "/ca/collecci%C3%B3-nordic",
    "site": [
      "localhost",
      80
    ],
    "is_permanent": true,
    "redirect_page": 6,
    "redirect_page_route_path": "",
    "redirect_link": "",
    "automatically_created": true,
    "created_at": "2022-08-12T15:24:49.031Z"
  }
},
{
  "model": "wagtailredirects.redirect",
  "pk": 2,
  "fields": {
    "old_path": "/ca/nova-collecci%C3%B3-%C3%A0rea",
    "site": [
      "localhost",
      80
    ],
    "is_permanent": true,
    "redirect_page": 4,
    "redirect_page_route_path": "",
    "redirect_link": "",
    "automatically_created": true,
    "created_at": "2022-08-12T15:25:01.109Z"
  }
}
]
