[
{
  "model": "wagtailimages.image",
  "pk": 1,
  "fields": {
    "collection": 1,
    "title": "Portada",
    "file": "original_images/ciurans_projecte_cr6_ydtCPx2.jpg",
    "width": 800,
    "height": 535,
    "created_at": "2023-06-22T12:13:06.702Z",
    "uploaded_by_user": [
      "ales@codi.coop"
    ],
    "focal_point_x": null,
    "focal_point_y": null,
    "focal_point_width": null,
    "focal_point_height": null,
    "file_size": 197044,
    "file_hash": "8ccb8096f6faa153f38e6f2acf189c1bbfc5ddd1"
  }
},
{
  "model": "wagtailcore.modellogentry",
  "pk": 1,
  "fields": {
    "content_type": [
      "wagtailcore",
      "site"
    ],
    "label": "localhost [per defecte]",
    "action": "wagtail.edit",
    "data": {},
    "timestamp": "2023-06-22T12:13:44.314Z",
    "uuid": "da59391d-3685-4d41-bf67-dc51054312ed",
    "user": [
      "ales@codi.coop"
    ],
    "revision": null,
    "content_changed": true,
    "deleted": false,
    "object_id": "1"
  }
},
{
  "model": "wagtailcore.collection",
  "pk": 1,
  "fields": {
    "path": "0001",
    "depth": 1,
    "numchild": 0,
    "name": "Root"
  }
},
{
  "model": "wagtailcore.referenceindex",
  "pk": 1,
  "fields": {
    "content_type": [
      "wagtailimages",
      "image"
    ],
    "base_content_type": [
      "wagtailimages",
      "image"
    ],
    "object_id": "1",
    "to_content_type": [
      "wagtailcore",
      "collection"
    ],
    "to_object_id": "1",
    "model_path": "collection",
    "content_path": "collection",
    "content_path_hash": "b40b1263-e929-57f2-a7f8-9dbce56b887b"
  }
},
{
  "model": "wagtailcore.referenceindex",
  "pk": 2,
  "fields": {
    "content_type": [
      "cms_site",
      "homepage"
    ],
    "base_content_type": [
      "wagtailcore",
      "page"
    ],
    "object_id": "3",
    "to_content_type": [
      "wagtailimages",
      "image"
    ],
    "to_object_id": "1",
    "model_path": "header_image",
    "content_path": "header_image",
    "content_path_hash": "e3882f9d-5702-50e1-bc8a-f91a79a3bf6b"
  }
},
{
  "model": "wagtailcore.referenceindex",
  "pk": 3,
  "fields": {
    "content_type": [
      "wagtailcore",
      "pagesubscription"
    ],
    "base_content_type": [
      "wagtailcore",
      "pagesubscription"
    ],
    "object_id": "1",
    "to_content_type": [
      "wagtailcore",
      "page"
    ],
    "to_object_id": "3",
    "model_path": "page",
    "content_path": "page",
    "content_path_hash": "7b295380-95fa-5117-92c0-23c46a06e9b7"
  }
},
{
  "model": "wagtailcore.referenceindex",
  "pk": 4,
  "fields": {
    "content_type": [
      "wagtailcore",
      "pagesubscription"
    ],
    "base_content_type": [
      "wagtailcore",
      "pagesubscription"
    ],
    "object_id": "1",
    "to_content_type": [
      "users",
      "user"
    ],
    "to_object_id": "1",
    "model_path": "user",
    "content_path": "user",
    "content_path_hash": "b9395e53-5243-59fd-88fa-de4156683cf8"
  }
},
{
  "model": "wagtailcore.referenceindex",
  "pk": 5,
  "fields": {
    "content_type": [
      "wagtailcore",
      "site"
    ],
    "base_content_type": [
      "wagtailcore",
      "site"
    ],
    "object_id": "1",
    "to_content_type": [
      "wagtailcore",
      "page"
    ],
    "to_object_id": "3",
    "model_path": "root_page",
    "content_path": "root_page",
    "content_path_hash": "2715dadc-b575-5364-93c0-7859ed193ef2"
  }
},
{
  "model": "wagtailcore.referenceindex",
  "pk": 6,
  "fields": {
    "content_type": [
      "cms_site",
      "legalpage"
    ],
    "base_content_type": [
      "wagtailcore",
      "page"
    ],
    "object_id": "4",
    "to_content_type": [
      "wagtailimages",
      "image"
    ],
    "to_object_id": "1",
    "model_path": "header_image",
    "content_path": "header_image",
    "content_path_hash": "e3882f9d-5702-50e1-bc8a-f91a79a3bf6b"
  }
},
{
  "model": "wagtailcore.referenceindex",
  "pk": 7,
  "fields": {
    "content_type": [
      "wagtailcore",
      "pagesubscription"
    ],
    "base_content_type": [
      "wagtailcore",
      "pagesubscription"
    ],
    "object_id": "2",
    "to_content_type": [
      "wagtailcore",
      "page"
    ],
    "to_object_id": "4",
    "model_path": "page",
    "content_path": "page",
    "content_path_hash": "7b295380-95fa-5117-92c0-23c46a06e9b7"
  }
},
{
  "model": "wagtailcore.referenceindex",
  "pk": 8,
  "fields": {
    "content_type": [
      "wagtailcore",
      "pagesubscription"
    ],
    "base_content_type": [
      "wagtailcore",
      "pagesubscription"
    ],
    "object_id": "2",
    "to_content_type": [
      "users",
      "user"
    ],
    "to_object_id": "1",
    "model_path": "user",
    "content_path": "user",
    "content_path_hash": "b9395e53-5243-59fd-88fa-de4156683cf8"
  }
},
{
  "model": "wagtailcore.referenceindex",
  "pk": 9,
  "fields": {
    "content_type": [
      "cms_site",
      "customajaxcontact"
    ],
    "base_content_type": [
      "wagtailcore",
      "page"
    ],
    "object_id": "5",
    "to_content_type": [
      "wagtailimages",
      "image"
    ],
    "to_object_id": "1",
    "model_path": "header_image",
    "content_path": "header_image",
    "content_path_hash": "e3882f9d-5702-50e1-bc8a-f91a79a3bf6b"
  }
},
{
  "model": "wagtailcore.referenceindex",
  "pk": 10,
  "fields": {
    "content_type": [
      "wagtailcore",
      "pagesubscription"
    ],
    "base_content_type": [
      "wagtailcore",
      "pagesubscription"
    ],
    "object_id": "3",
    "to_content_type": [
      "users",
      "user"
    ],
    "to_object_id": "1",
    "model_path": "user",
    "content_path": "user",
    "content_path_hash": "b9395e53-5243-59fd-88fa-de4156683cf8"
  }
},
{
  "model": "wagtailcore.referenceindex",
  "pk": 11,
  "fields": {
    "content_type": [
      "wagtailcore",
      "pagesubscription"
    ],
    "base_content_type": [
      "wagtailcore",
      "pagesubscription"
    ],
    "object_id": "3",
    "to_content_type": [
      "wagtailcore",
      "page"
    ],
    "to_object_id": "5",
    "model_path": "page",
    "content_path": "page",
    "content_path_hash": "7b295380-95fa-5117-92c0-23c46a06e9b7"
  }
},
{
  "model": "wagtailcore.page",
  "pk": 1,
  "fields": {
    "path": "0001",
    "depth": 1,
    "numchild": 1,
    "translation_key": "5325df90-b51f-4493-b51a-0fe77d887f52",
    "locale": 1,
    "latest_revision": null,
    "live": true,
    "has_unpublished_changes": false,
    "first_published_at": null,
    "last_published_at": null,
    "live_revision": null,
    "go_live_at": null,
    "expire_at": null,
    "expired": false,
    "locked": false,
    "locked_at": null,
    "locked_by": null,
    "title": "Root",
    "draft_title": "Root",
    "slug": "root",
    "content_type": [
      "wagtailcore",
      "page"
    ],
    "url_path": "/",
    "owner": null,
    "seo_title": "",
    "show_in_menus": false,
    "search_description": "",
    "latest_revision_created_at": null,
    "alias_of": null
  }
},
{
  "model": "wagtailcore.page",
  "pk": 3,
  "fields": {
    "path": "00010002",
    "depth": 2,
    "numchild": 2,
    "translation_key": "679a0115-2881-4573-a1c1-2ceea8e64e00",
    "locale": 1,
    "latest_revision": 4,
    "live": true,
    "has_unpublished_changes": false,
    "first_published_at": "2023-06-22T12:13:25.979Z",
    "last_published_at": "2023-06-22T12:16:18.851Z",
    "live_revision": 4,
    "go_live_at": null,
    "expire_at": null,
    "expired": false,
    "locked": false,
    "locked_at": null,
    "locked_by": null,
    "title": "Fabricant mobles a La Garriga des de 1925",
    "draft_title": "Fabricant mobles a La Garriga des de 1925",
    "slug": "home",
    "content_type": [
      "cms_site",
      "homepage"
    ],
    "url_path": "/home/",
    "owner": [
      "ales@codi.coop"
    ],
    "seo_title": "",
    "show_in_menus": false,
    "search_description": "",
    "latest_revision_created_at": "2023-06-22T12:16:18.829Z",
    "alias_of": null
  }
},
{
  "model": "wagtailcore.page",
  "pk": 4,
  "fields": {
    "path": "000100020001",
    "depth": 3,
    "numchild": 0,
    "translation_key": "4f9a7b6d-8b8e-4ded-b8e1-d66c5b99db37",
    "locale": 1,
    "latest_revision": 2,
    "live": true,
    "has_unpublished_changes": false,
    "first_published_at": "2023-06-22T12:16:10.002Z",
    "last_published_at": "2023-06-22T12:16:10.002Z",
    "live_revision": 2,
    "go_live_at": null,
    "expire_at": null,
    "expired": false,
    "locked": false,
    "locked_at": null,
    "locked_by": null,
    "title": "Informació legal",
    "draft_title": "Informació legal",
    "slug": "informacio-legal",
    "content_type": [
      "cms_site",
      "legalpage"
    ],
    "url_path": "/home/informacio-legal/",
    "owner": [
      "ales@codi.coop"
    ],
    "seo_title": "",
    "show_in_menus": false,
    "search_description": "",
    "latest_revision_created_at": "2023-06-22T12:16:09.978Z",
    "alias_of": null
  }
},
{
  "model": "wagtailcore.page",
  "pk": 5,
  "fields": {
    "path": "000100020002",
    "depth": 3,
    "numchild": 0,
    "translation_key": "c7177f11-e7ef-4f26-ab5d-ea6358dc6786",
    "locale": 1,
    "latest_revision": 5,
    "live": true,
    "has_unpublished_changes": false,
    "first_published_at": "2023-06-22T12:16:54.564Z",
    "last_published_at": "2023-06-22T12:16:54.564Z",
    "live_revision": 5,
    "go_live_at": null,
    "expire_at": null,
    "expired": false,
    "locked": false,
    "locked_at": null,
    "locked_by": null,
    "title": "Contacte",
    "draft_title": "Contacte",
    "slug": "contacte",
    "content_type": [
      "cms_site",
      "customajaxcontact"
    ],
    "url_path": "/home/contacte/",
    "owner": [
      "ales@codi.coop"
    ],
    "seo_title": "",
    "show_in_menus": true,
    "search_description": "",
    "latest_revision_created_at": "2023-06-22T12:16:54.539Z",
    "alias_of": null
  }
},
{
  "model": "wagtailcore.revision",
  "pk": 1,
  "fields": {
    "content_type": [
      "cms_site",
      "homepage"
    ],
    "base_content_type": [
      "wagtailcore",
      "page"
    ],
    "object_id": "3",
    "submitted_for_moderation": false,
    "created_at": "2023-06-22T12:13:25.950Z",
    "user": [
      "ales@codi.coop"
    ],
    "object_str": "Fabricant mobles a La Garriga des de 1925",
    "content": {
      "pk": 3,
      "live": true,
      "path": "00010002",
      "slug": "home2",
      "depth": 2,
      "owner": 1,
      "title": "Fabricant mobles a La Garriga des de 1925",
      "locale": 1,
      "locked": false,
      "expired": false,
      "alias_of": null,
      "numchild": 0,
      "url_path": "/home2/",
      "expire_at": null,
      "locked_at": null,
      "locked_by": null,
      "seo_title": "",
      "go_live_at": null,
      "draft_title": "Fabricant mobles a La Garriga des de 1925",
      "content_type": 70,
      "header_image": 1,
      "overlay_body": "",
      "live_revision": null,
      "overlay_image": null,
      "overlay_title": "",
      "show_in_menus": false,
      "latest_revision": null,
      "translation_key": "679a0115-2881-4573-a1c1-2ceea8e64e00",
      "collection_1_page": null,
      "collection_2_page": null,
      "collection_3_page": null,
      "last_published_at": null,
      "collection_1_image": null,
      "collection_1_title": "",
      "collection_2_image": null,
      "collection_2_title": "",
      "collection_3_image": null,
      "collection_3_title": "",
      "first_published_at": null,
      "search_description": "",
      "overlay_button_page": null,
      "overlay_button_text": "",
      "custom_projects_page": null,
      "custom_projects_image": null,
      "custom_projects_title": "",
      "display_instagram_feed": true,
      "wagtail_admin_comments": [],
      "has_unpublished_changes": false,
      "display_header_highlight": true,
      "latest_revision_created_at": null
    },
    "approved_go_live_at": null
  }
},
{
  "model": "wagtailcore.revision",
  "pk": 2,
  "fields": {
    "content_type": [
      "cms_site",
      "legalpage"
    ],
    "base_content_type": [
      "wagtailcore",
      "page"
    ],
    "object_id": "4",
    "submitted_for_moderation": false,
    "created_at": "2023-06-22T12:16:09.978Z",
    "user": [
      "ales@codi.coop"
    ],
    "object_str": "Informació legal",
    "content": {
      "pk": 4,
      "live": true,
      "path": "000100020001",
      "slug": "informacio-legal",
      "text": "<p data-block-key=\"akf87\">Lorem ipsum</p>",
      "depth": 3,
      "owner": 1,
      "title": "Informació legal",
      "locale": 1,
      "locked": false,
      "expired": false,
      "alias_of": null,
      "numchild": 0,
      "url_path": "/home2/informacio-legal/",
      "expire_at": null,
      "locked_at": null,
      "locked_by": null,
      "seo_title": "",
      "go_live_at": null,
      "draft_title": "Informació legal",
      "content_type": 68,
      "header_image": 1,
      "live_revision": null,
      "show_in_menus": false,
      "latest_revision": null,
      "translation_key": "4f9a7b6d-8b8e-4ded-b8e1-d66c5b99db37",
      "last_published_at": null,
      "first_published_at": null,
      "search_description": "",
      "wagtail_admin_comments": [],
      "has_unpublished_changes": false,
      "latest_revision_created_at": null
    },
    "approved_go_live_at": null
  }
},
{
  "model": "wagtailcore.revision",
  "pk": 3,
  "fields": {
    "content_type": [
      "cms_site",
      "homepage"
    ],
    "base_content_type": [
      "wagtailcore",
      "page"
    ],
    "object_id": "3",
    "submitted_for_moderation": false,
    "created_at": "2023-06-22T12:16:15.994Z",
    "user": [
      "ales@codi.coop"
    ],
    "object_str": "Fabricant mobles a La Garriga des de 1925",
    "content": {
      "pk": 3,
      "live": true,
      "path": "00010002",
      "slug": "home",
      "depth": 2,
      "owner": 1,
      "title": "Fabricant mobles a La Garriga des de 1925",
      "locale": 1,
      "locked": false,
      "expired": false,
      "alias_of": null,
      "numchild": 1,
      "url_path": "/home2/",
      "expire_at": null,
      "locked_at": null,
      "locked_by": null,
      "seo_title": "",
      "go_live_at": null,
      "draft_title": "Fabricant mobles a La Garriga des de 1925",
      "content_type": 70,
      "header_image": 1,
      "overlay_body": "",
      "live_revision": 1,
      "overlay_image": null,
      "overlay_title": "",
      "show_in_menus": false,
      "latest_revision": 1,
      "translation_key": "679a0115-2881-4573-a1c1-2ceea8e64e00",
      "collection_1_page": null,
      "collection_2_page": null,
      "collection_3_page": null,
      "last_published_at": "2023-06-22T12:13:25.979Z",
      "collection_1_image": null,
      "collection_1_title": "",
      "collection_2_image": null,
      "collection_2_title": "",
      "collection_3_image": null,
      "collection_3_title": "",
      "first_published_at": "2023-06-22T12:13:25.979Z",
      "search_description": "",
      "overlay_button_page": null,
      "overlay_button_text": "",
      "custom_projects_page": null,
      "custom_projects_image": null,
      "custom_projects_title": "",
      "display_instagram_feed": true,
      "wagtail_admin_comments": [],
      "has_unpublished_changes": false,
      "display_header_highlight": true,
      "latest_revision_created_at": "2023-06-22T12:13:25.950Z"
    },
    "approved_go_live_at": null
  }
},
{
  "model": "wagtailcore.revision",
  "pk": 4,
  "fields": {
    "content_type": [
      "cms_site",
      "homepage"
    ],
    "base_content_type": [
      "wagtailcore",
      "page"
    ],
    "object_id": "3",
    "submitted_for_moderation": false,
    "created_at": "2023-06-22T12:16:18.829Z",
    "user": [
      "ales@codi.coop"
    ],
    "object_str": "Fabricant mobles a La Garriga des de 1925",
    "content": {
      "pk": 3,
      "live": true,
      "path": "00010002",
      "slug": "home",
      "depth": 2,
      "owner": 1,
      "title": "Fabricant mobles a La Garriga des de 1925",
      "locale": 1,
      "locked": false,
      "expired": false,
      "alias_of": null,
      "numchild": 1,
      "url_path": "/home/",
      "expire_at": null,
      "locked_at": null,
      "locked_by": null,
      "seo_title": "",
      "go_live_at": null,
      "draft_title": "Fabricant mobles a La Garriga des de 1925",
      "content_type": 70,
      "header_image": 1,
      "overlay_body": "",
      "live_revision": 1,
      "overlay_image": null,
      "overlay_title": "",
      "show_in_menus": false,
      "latest_revision": 3,
      "translation_key": "679a0115-2881-4573-a1c1-2ceea8e64e00",
      "collection_1_page": null,
      "collection_2_page": null,
      "collection_3_page": null,
      "last_published_at": "2023-06-22T12:13:25.979Z",
      "collection_1_image": null,
      "collection_1_title": "",
      "collection_2_image": null,
      "collection_2_title": "",
      "collection_3_image": null,
      "collection_3_title": "",
      "first_published_at": "2023-06-22T12:13:25.979Z",
      "search_description": "",
      "overlay_button_page": null,
      "overlay_button_text": "",
      "custom_projects_page": null,
      "custom_projects_image": null,
      "custom_projects_title": "",
      "display_instagram_feed": true,
      "wagtail_admin_comments": [],
      "has_unpublished_changes": true,
      "display_header_highlight": true,
      "latest_revision_created_at": "2023-06-22T12:16:15.994Z"
    },
    "approved_go_live_at": null
  }
},
{
  "model": "wagtailcore.revision",
  "pk": 5,
  "fields": {
    "content_type": [
      "cms_site",
      "customajaxcontact"
    ],
    "base_content_type": [
      "wagtailcore",
      "page"
    ],
    "object_id": "5",
    "submitted_for_moderation": false,
    "created_at": "2023-06-22T12:16:54.539Z",
    "user": [
      "ales@codi.coop"
    ],
    "object_str": "Contacte",
    "content": {
      "pk": 5,
      "live": true,
      "path": "000100020002",
      "slug": "contacte",
      "depth": 3,
      "owner": 1,
      "title": "Contacte",
      "locale": 1,
      "locked": false,
      "expired": false,
      "alias_of": null,
      "numchild": 0,
      "url_path": "/home/contacte/",
      "expire_at": null,
      "locked_at": null,
      "locked_by": null,
      "seo_title": "",
      "go_live_at": null,
      "menu_label": null,
      "name_label": "El teu nom",
      "to_address": null,
      "draft_title": "Contacte",
      "email_label": "El teu correu electrònic",
      "phone_label": "Telèfon",
      "success_msg": "<p data-block-key=\"9h00s\">Missatge enviat, gràcies per contactar amb nosaltres!</p>",
      "content_type": 64,
      "header_image": 1,
      "live_revision": null,
      "message_label": "Missatge",
      "profile_label": "Perfil",
      "show_in_menus": true,
      "subject_label": "Assumpte",
      "latest_revision": null,
      "translation_key": "c7177f11-e7ef-4f26-ab5d-ea6358dc6786",
      "last_published_at": null,
      "first_published_at": null,
      "search_description": "",
      "notification_subject": null,
      "wagtail_admin_comments": [],
      "has_unpublished_changes": false,
      "personal_data_auth_label": "Autorització pel tractament de dades personals",
      "latest_revision_created_at": null,
      "personal_data_comercial_auth_label": "Autorització pel tractament de dades personals per ús comercial"
    },
    "approved_go_live_at": null
  }
},
{
  "model": "wagtailcore.pagelogentry",
  "pk": 1,
  "fields": {
    "content_type": [
      "cms_site",
      "homepage"
    ],
    "label": "Fabricant mobles a La Garriga des de 1925",
    "action": "wagtail.create",
    "data": {},
    "timestamp": "2023-06-22T12:13:25.937Z",
    "uuid": "9dbc0fab-ffe8-4dca-8a6e-e9f87b800792",
    "user": [
      "ales@codi.coop"
    ],
    "revision": null,
    "content_changed": true,
    "deleted": false,
    "page": 3
  }
},
{
  "model": "wagtailcore.pagelogentry",
  "pk": 2,
  "fields": {
    "content_type": [
      "cms_site",
      "homepage"
    ],
    "label": "Fabricant mobles a La Garriga des de 1925",
    "action": "wagtail.edit",
    "data": {},
    "timestamp": "2023-06-22T12:13:25.964Z",
    "uuid": "9dbc0fab-ffe8-4dca-8a6e-e9f87b800792",
    "user": [
      "ales@codi.coop"
    ],
    "revision": 1,
    "content_changed": true,
    "deleted": false,
    "page": 3
  }
},
{
  "model": "wagtailcore.pagelogentry",
  "pk": 3,
  "fields": {
    "content_type": [
      "cms_site",
      "homepage"
    ],
    "label": "Fabricant mobles a La Garriga des de 1925",
    "action": "wagtail.publish",
    "data": {},
    "timestamp": "2023-06-22T12:13:26.002Z",
    "uuid": "9dbc0fab-ffe8-4dca-8a6e-e9f87b800792",
    "user": [
      "ales@codi.coop"
    ],
    "revision": 1,
    "content_changed": true,
    "deleted": false,
    "page": 3
  }
},
{
  "model": "wagtailcore.pagelogentry",
  "pk": 4,
  "fields": {
    "content_type": [
      "wagtailcore",
      "page"
    ],
    "label": "Welcome to your new Wagtail site!",
    "action": "wagtail.delete",
    "data": {},
    "timestamp": "2023-06-22T12:13:53.497Z",
    "uuid": "9d63b1d2-47a4-4748-aa54-27812266019c",
    "user": [
      "ales@codi.coop"
    ],
    "revision": null,
    "content_changed": false,
    "deleted": true,
    "page": 2
  }
},
{
  "model": "wagtailcore.pagelogentry",
  "pk": 5,
  "fields": {
    "content_type": [
      "cms_site",
      "legalpage"
    ],
    "label": "Informació legal",
    "action": "wagtail.create",
    "data": {},
    "timestamp": "2023-06-22T12:16:09.966Z",
    "uuid": "a06ebccc-bc86-4b12-aa74-d1632b356af4",
    "user": [
      "ales@codi.coop"
    ],
    "revision": null,
    "content_changed": true,
    "deleted": false,
    "page": 4
  }
},
{
  "model": "wagtailcore.pagelogentry",
  "pk": 6,
  "fields": {
    "content_type": [
      "cms_site",
      "legalpage"
    ],
    "label": "Informació legal",
    "action": "wagtail.edit",
    "data": {},
    "timestamp": "2023-06-22T12:16:09.990Z",
    "uuid": "a06ebccc-bc86-4b12-aa74-d1632b356af4",
    "user": [
      "ales@codi.coop"
    ],
    "revision": 2,
    "content_changed": true,
    "deleted": false,
    "page": 4
  }
},
{
  "model": "wagtailcore.pagelogentry",
  "pk": 7,
  "fields": {
    "content_type": [
      "cms_site",
      "legalpage"
    ],
    "label": "Informació legal",
    "action": "wagtail.publish",
    "data": {},
    "timestamp": "2023-06-22T12:16:10.024Z",
    "uuid": "a06ebccc-bc86-4b12-aa74-d1632b356af4",
    "user": [
      "ales@codi.coop"
    ],
    "revision": 2,
    "content_changed": true,
    "deleted": false,
    "page": 4
  }
},
{
  "model": "wagtailcore.pagelogentry",
  "pk": 8,
  "fields": {
    "content_type": [
      "cms_site",
      "homepage"
    ],
    "label": "Fabricant mobles a La Garriga des de 1925",
    "action": "wagtail.edit",
    "data": {},
    "timestamp": "2023-06-22T12:16:16.007Z",
    "uuid": "a5ea96de-3b58-4548-ad32-9fa3aceab2a9",
    "user": [
      "ales@codi.coop"
    ],
    "revision": 3,
    "content_changed": true,
    "deleted": false,
    "page": 3
  }
},
{
  "model": "wagtailcore.pagelogentry",
  "pk": 9,
  "fields": {
    "content_type": [
      "cms_site",
      "homepage"
    ],
    "label": "Fabricant mobles a La Garriga des de 1925",
    "action": "wagtail.edit",
    "data": {},
    "timestamp": "2023-06-22T12:16:18.842Z",
    "uuid": "90f67b6a-ca81-4a3c-815c-1d8e65d36207",
    "user": [
      "ales@codi.coop"
    ],
    "revision": 4,
    "content_changed": true,
    "deleted": false,
    "page": 3
  }
},
{
  "model": "wagtailcore.pagelogentry",
  "pk": 10,
  "fields": {
    "content_type": [
      "cms_site",
      "homepage"
    ],
    "label": "Fabricant mobles a La Garriga des de 1925",
    "action": "wagtail.publish",
    "data": {},
    "timestamp": "2023-06-22T12:16:18.883Z",
    "uuid": "90f67b6a-ca81-4a3c-815c-1d8e65d36207",
    "user": [
      "ales@codi.coop"
    ],
    "revision": 4,
    "content_changed": false,
    "deleted": false,
    "page": 3
  }
},
{
  "model": "wagtailcore.pagelogentry",
  "pk": 11,
  "fields": {
    "content_type": [
      "cms_site",
      "customajaxcontact"
    ],
    "label": "Contacte",
    "action": "wagtail.create",
    "data": {},
    "timestamp": "2023-06-22T12:16:54.528Z",
    "uuid": "5ee0f481-c276-4283-a7b7-a25b735a1f7e",
    "user": [
      "ales@codi.coop"
    ],
    "revision": null,
    "content_changed": true,
    "deleted": false,
    "page": 5
  }
},
{
  "model": "wagtailcore.pagelogentry",
  "pk": 12,
  "fields": {
    "content_type": [
      "cms_site",
      "customajaxcontact"
    ],
    "label": "Contacte",
    "action": "wagtail.edit",
    "data": {},
    "timestamp": "2023-06-22T12:16:54.550Z",
    "uuid": "5ee0f481-c276-4283-a7b7-a25b735a1f7e",
    "user": [
      "ales@codi.coop"
    ],
    "revision": 5,
    "content_changed": true,
    "deleted": false,
    "page": 5
  }
},
{
  "model": "wagtailcore.pagelogentry",
  "pk": 13,
  "fields": {
    "content_type": [
      "cms_site",
      "customajaxcontact"
    ],
    "label": "Contacte",
    "action": "wagtail.publish",
    "data": {},
    "timestamp": "2023-06-22T12:16:54.592Z",
    "uuid": "5ee0f481-c276-4283-a7b7-a25b735a1f7e",
    "user": [
      "ales@codi.coop"
    ],
    "revision": 5,
    "content_changed": true,
    "deleted": false,
    "page": 5
  }
},
{
  "model": "base.localizedmainmenu",
  "pk": 1,
  "fields": {
    "site": [
      "localhost",
      80
    ],
    "max_levels": 2
  }
},
{
  "model": "cms_site.customajaxcontact",
  "pk": 5,
  "fields": {
    "menu_label": null,
    "subject_label": "Assumpte",
    "phone_label": "Telèfon",
    "profile_label": "Perfil",
    "personal_data_auth_label": "Autorització pel tractament de dades personals",
    "personal_data_comercial_auth_label": "Autorització pel tractament de dades personals per ús comercial"
  }
},
{
  "model": "cms_site.homepage",
  "pk": 3,
  "fields": {
    "header_image": 1,
    "overlay_title": "",
    "overlay_body": "",
    "overlay_button_text": "",
    "overlay_button_page": null,
    "overlay_image": null,
    "collection_1_title": "",
    "collection_1_image": null,
    "collection_1_page": null,
    "collection_2_title": "",
    "collection_2_image": null,
    "collection_2_page": null,
    "collection_3_title": "",
    "collection_3_image": null,
    "collection_3_page": null,
    "custom_projects_title": "",
    "custom_projects_image": null,
    "custom_projects_page": null,
    "display_instagram_feed": true,
    "display_header_highlight": true
  }
},
{
  "model": "cms_site.legalpage",
  "pk": 4,
  "fields": {
    "header_image": 1,
    "text": "<p data-block-key=\"akf87\">Lorem ipsum</p>"
  }
},
{
  "model": "cms_site.socialmediaiconssettings",
  "pk": 1,
  "fields": {
    "site": [
      "localhost",
      80
    ],
    "facebook": "https://www.facebook.com/moblesciurans",
    "youtube": "http://www.youtube.com/user/ciuransmobles",
    "instagram": "https://www.instagram.com/ciuransmobles",
    "vimeo": "https://vimeo.com/moblesciurans"
  }
},
{
  "model": "cms_site.contactdetailssettings",
  "pk": 1,
  "fields": {
    "site": [
      "localhost",
      80
    ],
    "email": "info@moblesciurans.com",
    "address": "C/ Priora Xixilona, 14<br>\n        08530 La Garriga<br>\n        Barcelona",
    "phone": "93 871 80 07"
  }
},
{
  "model": "cms_site.analyticssettings",
  "pk": 1,
  "fields": {
    "site": [
      "localhost",
      80
    ],
    "embed": ""
  }
},
{
  "model": "wagtail_ajax_contact_form.ajaxcontactpage",
  "pk": 5,
  "fields": {
    "header_image": 1,
    "name_label": "El teu nom",
    "email_label": "El teu correu electrònic",
    "message_label": "Missatge",
    "success_msg": "<p data-block-key=\"9h00s\">Missatge enviat, gràcies per contactar amb nosaltres!</p>",
    "to_address": null,
    "notification_subject": null
  }
},
{
  "model": "wagtailcore.groupapprovaltask",
  "pk": 1,
  "fields": {
    "groups": [
      [
        "Moderators"
      ]
    ]
  }
}
]
