[
{
  "model": "wagtailimages.image",
  "pk": 1,
  "fields": {
    "collection": 1,
    "title": "Imatge",
    "file": "original_images/ciurans_projecte_cr1.jpg",
    "width": 401,
    "height": 600,
    "created_at": "2023-06-22T13:59:51.593Z",
    "uploaded_by_user": [
      "hola@codi.coop"
    ],
    "focal_point_x": null,
    "focal_point_y": null,
    "focal_point_width": null,
    "focal_point_height": null,
    "file_size": 137363,
    "file_hash": "a82baf09d26712399310084c8cc86bbac1e35a9f"
  }
},
{
  "model": "wagtailcore.modellogentry",
  "pk": 1,
  "fields": {
    "content_type": [
      "wagtailcore",
      "site"
    ],
    "label": "localhost [per defecte]",
    "action": "wagtail.edit",
    "data": {},
    "timestamp": "2023-06-22T14:00:07.352Z",
    "uuid": "2e936bbf-b137-407b-8d33-ba95cadd7c92",
    "user": [
      "hola@codi.coop"
    ],
    "revision": null,
    "content_changed": true,
    "deleted": false,
    "object_id": "1"
  }
},
{
  "model": "wagtailcore.modellogentry",
  "pk": 2,
  "fields": {
    "content_type": [
      "cms_site",
      "collectionitemmodel"
    ],
    "label": "Model 1 (català)",
    "action": "wagtail.create",
    "data": {},
    "timestamp": "2023-06-22T14:03:35.865Z",
    "uuid": "ada40505-7931-4723-aaa6-489f7f940ed5",
    "user": [
      "hola@codi.coop"
    ],
    "revision": null,
    "content_changed": true,
    "deleted": false,
    "object_id": "1"
  }
},
{
  "model": "wagtailcore.modellogentry",
  "pk": 3,
  "fields": {
    "content_type": [
      "cms_site",
      "collectionitemtype"
    ],
    "label": "Tipologia 1 (català)",
    "action": "wagtail.create",
    "data": {},
    "timestamp": "2023-06-22T14:03:47.125Z",
    "uuid": "eb1641cc-bd5e-456c-b10d-d7f9ab812ffb",
    "user": [
      "hola@codi.coop"
    ],
    "revision": null,
    "content_changed": true,
    "deleted": false,
    "object_id": "1"
  }
},
{
  "model": "wagtailcore.modellogentry",
  "pk": 4,
  "fields": {
    "content_type": [
      "cms_site",
      "collectionitemfinishing"
    ],
    "label": "Roure 01",
    "action": "wagtail.create",
    "data": {},
    "timestamp": "2023-06-22T14:03:55.016Z",
    "uuid": "5d07ad6b-3212-42e8-a719-9c9fd73b42f7",
    "user": [
      "hola@codi.coop"
    ],
    "revision": null,
    "content_changed": true,
    "deleted": false,
    "object_id": "1"
  }
},
{
  "model": "wagtailcore.collection",
  "pk": 1,
  "fields": {
    "path": "0001",
    "depth": 1,
    "numchild": 0,
    "name": "Root"
  }
},
{
  "model": "wagtailcore.referenceindex",
  "pk": 1,
  "fields": {
    "content_type": [
      "wagtailimages",
      "image"
    ],
    "base_content_type": [
      "wagtailimages",
      "image"
    ],
    "object_id": "1",
    "to_content_type": [
      "wagtailcore",
      "collection"
    ],
    "to_object_id": "1",
    "model_path": "collection",
    "content_path": "collection",
    "content_path_hash": "b40b1263-e929-57f2-a7f8-9dbce56b887b"
  }
},
{
  "model": "wagtailcore.referenceindex",
  "pk": 2,
  "fields": {
    "content_type": [
      "cms_site",
      "homepage"
    ],
    "base_content_type": [
      "wagtailcore",
      "page"
    ],
    "object_id": "3",
    "to_content_type": [
      "wagtailimages",
      "image"
    ],
    "to_object_id": "1",
    "model_path": "header_image",
    "content_path": "header_image",
    "content_path_hash": "e3882f9d-5702-50e1-bc8a-f91a79a3bf6b"
  }
},
{
  "model": "wagtailcore.referenceindex",
  "pk": 3,
  "fields": {
    "content_type": [
      "wagtailcore",
      "pagesubscription"
    ],
    "base_content_type": [
      "wagtailcore",
      "pagesubscription"
    ],
    "object_id": "1",
    "to_content_type": [
      "wagtailcore",
      "page"
    ],
    "to_object_id": "3",
    "model_path": "page",
    "content_path": "page",
    "content_path_hash": "7b295380-95fa-5117-92c0-23c46a06e9b7"
  }
},
{
  "model": "wagtailcore.referenceindex",
  "pk": 4,
  "fields": {
    "content_type": [
      "wagtailcore",
      "pagesubscription"
    ],
    "base_content_type": [
      "wagtailcore",
      "pagesubscription"
    ],
    "object_id": "1",
    "to_content_type": [
      "users",
      "user"
    ],
    "to_object_id": "1",
    "model_path": "user",
    "content_path": "user",
    "content_path_hash": "b9395e53-5243-59fd-88fa-de4156683cf8"
  }
},
{
  "model": "wagtailcore.referenceindex",
  "pk": 5,
  "fields": {
    "content_type": [
      "wagtailcore",
      "site"
    ],
    "base_content_type": [
      "wagtailcore",
      "site"
    ],
    "object_id": "1",
    "to_content_type": [
      "wagtailcore",
      "page"
    ],
    "to_object_id": "3",
    "model_path": "root_page",
    "content_path": "root_page",
    "content_path_hash": "2715dadc-b575-5364-93c0-7859ed193ef2"
  }
},
{
  "model": "wagtailcore.referenceindex",
  "pk": 6,
  "fields": {
    "content_type": [
      "cms_site",
      "aboutuspage"
    ],
    "base_content_type": [
      "wagtailcore",
      "page"
    ],
    "object_id": "4",
    "to_content_type": [
      "wagtailimages",
      "image"
    ],
    "to_object_id": "1",
    "model_path": "header_image",
    "content_path": "header_image",
    "content_path_hash": "e3882f9d-5702-50e1-bc8a-f91a79a3bf6b"
  }
},
{
  "model": "wagtailcore.referenceindex",
  "pk": 8,
  "fields": {
    "content_type": [
      "cms_site",
      "aboutuspage"
    ],
    "base_content_type": [
      "wagtailcore",
      "page"
    ],
    "object_id": "4",
    "to_content_type": [
      "wagtailimages",
      "image"
    ],
    "to_object_id": "1",
    "model_path": "history_items.item.image",
    "content_path": "history_items.1.image",
    "content_path_hash": "8e9f8cb9-ff7a-52dd-a17b-c561942ea7b5"
  }
},
{
  "model": "wagtailcore.referenceindex",
  "pk": 9,
  "fields": {
    "content_type": [
      "cms_site",
      "aboutuspage"
    ],
    "base_content_type": [
      "wagtailcore",
      "page"
    ],
    "object_id": "4",
    "to_content_type": [
      "wagtailimages",
      "image"
    ],
    "to_object_id": "1",
    "model_path": "history_items.item.image",
    "content_path": "history_items.2.image",
    "content_path_hash": "222d6807-1583-516e-8d3d-969d780e7c55"
  }
},
{
  "model": "wagtailcore.referenceindex",
  "pk": 10,
  "fields": {
    "content_type": [
      "wagtailcore",
      "pagesubscription"
    ],
    "base_content_type": [
      "wagtailcore",
      "pagesubscription"
    ],
    "object_id": "2",
    "to_content_type": [
      "wagtailcore",
      "page"
    ],
    "to_object_id": "4",
    "model_path": "page",
    "content_path": "page",
    "content_path_hash": "7b295380-95fa-5117-92c0-23c46a06e9b7"
  }
},
{
  "model": "wagtailcore.referenceindex",
  "pk": 11,
  "fields": {
    "content_type": [
      "wagtailcore",
      "pagesubscription"
    ],
    "base_content_type": [
      "wagtailcore",
      "pagesubscription"
    ],
    "object_id": "2",
    "to_content_type": [
      "users",
      "user"
    ],
    "to_object_id": "1",
    "model_path": "user",
    "content_path": "user",
    "content_path_hash": "b9395e53-5243-59fd-88fa-de4156683cf8"
  }
},
{
  "model": "wagtailcore.referenceindex",
  "pk": 12,
  "fields": {
    "content_type": [
      "wagtailcore",
      "pagesubscription"
    ],
    "base_content_type": [
      "wagtailcore",
      "pagesubscription"
    ],
    "object_id": "3",
    "to_content_type": [
      "users",
      "user"
    ],
    "to_object_id": "1",
    "model_path": "user",
    "content_path": "user",
    "content_path_hash": "b9395e53-5243-59fd-88fa-de4156683cf8"
  }
},
{
  "model": "wagtailcore.referenceindex",
  "pk": 13,
  "fields": {
    "content_type": [
      "wagtailcore",
      "pagesubscription"
    ],
    "base_content_type": [
      "wagtailcore",
      "pagesubscription"
    ],
    "object_id": "3",
    "to_content_type": [
      "wagtailcore",
      "page"
    ],
    "to_object_id": "5",
    "model_path": "page",
    "content_path": "page",
    "content_path_hash": "7b295380-95fa-5117-92c0-23c46a06e9b7"
  }
},
{
  "model": "wagtailcore.referenceindex",
  "pk": 14,
  "fields": {
    "content_type": [
      "cms_site",
      "collection"
    ],
    "base_content_type": [
      "wagtailcore",
      "page"
    ],
    "object_id": "6",
    "to_content_type": [
      "wagtailimages",
      "image"
    ],
    "to_object_id": "1",
    "model_path": "header_image",
    "content_path": "header_image",
    "content_path_hash": "e3882f9d-5702-50e1-bc8a-f91a79a3bf6b"
  }
},
{
  "model": "wagtailcore.referenceindex",
  "pk": 17,
  "fields": {
    "content_type": [
      "cms_site",
      "collection"
    ],
    "base_content_type": [
      "wagtailcore",
      "page"
    ],
    "object_id": "6",
    "to_content_type": [
      "wagtailimages",
      "image"
    ],
    "to_object_id": "1",
    "model_path": "collection_items.item.image",
    "content_path": "collection_items.1.image",
    "content_path_hash": "857721da-cd85-55ab-b677-4ac850acb02a"
  }
},
{
  "model": "wagtailcore.referenceindex",
  "pk": 18,
  "fields": {
    "content_type": [
      "cms_site",
      "collection"
    ],
    "base_content_type": [
      "wagtailcore",
      "page"
    ],
    "object_id": "6",
    "to_content_type": [
      "cms_site",
      "collectionitemmodel"
    ],
    "to_object_id": "1",
    "model_path": "collection_items.item.model",
    "content_path": "collection_items.1.model",
    "content_path_hash": "83ad8a39-9277-5151-b2a4-bf0a9dad9b5f"
  }
},
{
  "model": "wagtailcore.referenceindex",
  "pk": 19,
  "fields": {
    "content_type": [
      "cms_site",
      "collection"
    ],
    "base_content_type": [
      "wagtailcore",
      "page"
    ],
    "object_id": "6",
    "to_content_type": [
      "wagtailimages",
      "image"
    ],
    "to_object_id": "1",
    "model_path": "collection_items.item.image",
    "content_path": "collection_items.2.image",
    "content_path_hash": "848b047b-c07e-5ed6-b4dd-f2b598a3fa90"
  }
},
{
  "model": "wagtailcore.referenceindex",
  "pk": 20,
  "fields": {
    "content_type": [
      "cms_site",
      "collection"
    ],
    "base_content_type": [
      "wagtailcore",
      "page"
    ],
    "object_id": "6",
    "to_content_type": [
      "cms_site",
      "collectionitemmodel"
    ],
    "to_object_id": "1",
    "model_path": "collection_items.item.model",
    "content_path": "collection_items.2.model",
    "content_path_hash": "4bdcc436-616b-58da-a433-29ae3f1d52d2"
  }
},
{
  "model": "wagtailcore.referenceindex",
  "pk": 21,
  "fields": {
    "content_type": [
      "wagtailcore",
      "pagesubscription"
    ],
    "base_content_type": [
      "wagtailcore",
      "pagesubscription"
    ],
    "object_id": "4",
    "to_content_type": [
      "wagtailcore",
      "page"
    ],
    "to_object_id": "6",
    "model_path": "page",
    "content_path": "page",
    "content_path_hash": "7b295380-95fa-5117-92c0-23c46a06e9b7"
  }
},
{
  "model": "wagtailcore.referenceindex",
  "pk": 22,
  "fields": {
    "content_type": [
      "wagtailcore",
      "pagesubscription"
    ],
    "base_content_type": [
      "wagtailcore",
      "pagesubscription"
    ],
    "object_id": "4",
    "to_content_type": [
      "users",
      "user"
    ],
    "to_object_id": "1",
    "model_path": "user",
    "content_path": "user",
    "content_path_hash": "b9395e53-5243-59fd-88fa-de4156683cf8"
  }
},
{
  "model": "wagtailcore.page",
  "pk": 1,
  "fields": {
    "path": "0001",
    "depth": 1,
    "numchild": 1,
    "translation_key": "0925d578-c790-494d-ac2f-aa4bbd1087ce",
    "locale": 1,
    "latest_revision": null,
    "live": true,
    "has_unpublished_changes": false,
    "first_published_at": null,
    "last_published_at": null,
    "live_revision": null,
    "go_live_at": null,
    "expire_at": null,
    "expired": false,
    "locked": false,
    "locked_at": null,
    "locked_by": null,
    "title": "Root",
    "draft_title": "Root",
    "slug": "root",
    "content_type": [
      "wagtailcore",
      "page"
    ],
    "url_path": "/",
    "owner": null,
    "seo_title": "",
    "show_in_menus": false,
    "search_description": "",
    "latest_revision_created_at": null,
    "alias_of": null
  }
},
{
  "model": "wagtailcore.page",
  "pk": 3,
  "fields": {
    "path": "00010002",
    "depth": 2,
    "numchild": 2,
    "translation_key": "3ee5469d-be37-404c-9f58-021c7d381e4a",
    "locale": 1,
    "latest_revision": 1,
    "live": true,
    "has_unpublished_changes": false,
    "first_published_at": "2023-06-22T13:59:56.898Z",
    "last_published_at": "2023-06-22T13:59:56.898Z",
    "live_revision": 1,
    "go_live_at": null,
    "expire_at": null,
    "expired": false,
    "locked": false,
    "locked_at": null,
    "locked_by": null,
    "title": "Fabricant mobles a La Garriga des de 1925",
    "draft_title": "Fabricant mobles a La Garriga des de 1925",
    "slug": "fabricant-mobles-a-la-garriga-des-de-1925",
    "content_type": [
      "cms_site",
      "homepage"
    ],
    "url_path": "/fabricant-mobles-a-la-garriga-des-de-1925/",
    "owner": [
      "hola@codi.coop"
    ],
    "seo_title": "",
    "show_in_menus": false,
    "search_description": "",
    "latest_revision_created_at": "2023-06-22T13:59:56.874Z",
    "alias_of": null
  }
},
{
  "model": "wagtailcore.page",
  "pk": 4,
  "fields": {
    "path": "000100020001",
    "depth": 3,
    "numchild": 0,
    "translation_key": "5641d7cf-4831-4c88-9652-302a6b4861bc",
    "locale": 1,
    "latest_revision": 2,
    "live": true,
    "has_unpublished_changes": false,
    "first_published_at": "2023-06-22T14:01:56.448Z",
    "last_published_at": "2023-06-22T14:01:56.448Z",
    "live_revision": 2,
    "go_live_at": null,
    "expire_at": null,
    "expired": false,
    "locked": false,
    "locked_at": null,
    "locked_by": null,
    "title": "Qui som",
    "draft_title": "Qui som",
    "slug": "qui-som",
    "content_type": [
      "cms_site",
      "aboutuspage"
    ],
    "url_path": "/fabricant-mobles-a-la-garriga-des-de-1925/qui-som/",
    "owner": [
      "hola@codi.coop"
    ],
    "seo_title": "",
    "show_in_menus": false,
    "search_description": "",
    "latest_revision_created_at": "2023-06-22T14:01:56.410Z",
    "alias_of": null
  }
},
{
  "model": "wagtailcore.page",
  "pk": 5,
  "fields": {
    "path": "000100020002",
    "depth": 3,
    "numchild": 1,
    "translation_key": "655f52e2-a87d-4be8-b186-9484bdb284e6",
    "locale": 1,
    "latest_revision": 3,
    "live": false,
    "has_unpublished_changes": true,
    "first_published_at": null,
    "last_published_at": null,
    "live_revision": null,
    "go_live_at": null,
    "expire_at": null,
    "expired": false,
    "locked": false,
    "locked_at": null,
    "locked_by": null,
    "title": "Catàleg",
    "draft_title": "Catàleg",
    "slug": "cataleg",
    "content_type": [
      "cms_site",
      "collectionspage"
    ],
    "url_path": "/fabricant-mobles-a-la-garriga-des-de-1925/cataleg/",
    "owner": [
      "hola@codi.coop"
    ],
    "seo_title": "",
    "show_in_menus": true,
    "search_description": "",
    "latest_revision_created_at": "2023-06-22T14:02:23.602Z",
    "alias_of": null
  }
},
{
  "model": "wagtailcore.page",
  "pk": 6,
  "fields": {
    "path": "0001000200020001",
    "depth": 4,
    "numchild": 0,
    "translation_key": "7e48f82c-c71d-42ca-9224-4e223637bb2f",
    "locale": 1,
    "latest_revision": 4,
    "live": true,
    "has_unpublished_changes": false,
    "first_published_at": "2023-06-22T14:04:26.715Z",
    "last_published_at": "2023-06-22T14:04:26.715Z",
    "live_revision": 4,
    "go_live_at": null,
    "expire_at": null,
    "expired": false,
    "locked": false,
    "locked_at": null,
    "locked_by": null,
    "title": "New Area",
    "draft_title": "New Area",
    "slug": "new-area",
    "content_type": [
      "cms_site",
      "collection"
    ],
    "url_path": "/fabricant-mobles-a-la-garriga-des-de-1925/cataleg/new-area/",
    "owner": [
      "hola@codi.coop"
    ],
    "seo_title": "",
    "show_in_menus": false,
    "search_description": "",
    "latest_revision_created_at": "2023-06-22T14:04:26.681Z",
    "alias_of": null
  }
},
{
  "model": "wagtailcore.revision",
  "pk": 1,
  "fields": {
    "content_type": [
      "cms_site",
      "homepage"
    ],
    "base_content_type": [
      "wagtailcore",
      "page"
    ],
    "object_id": "3",
    "submitted_for_moderation": false,
    "created_at": "2023-06-22T13:59:56.874Z",
    "user": [
      "hola@codi.coop"
    ],
    "object_str": "Fabricant mobles a La Garriga des de 1925",
    "content": {
      "pk": 3,
      "live": true,
      "path": "00010002",
      "slug": "fabricant-mobles-a-la-garriga-des-de-1925",
      "depth": 2,
      "owner": 1,
      "title": "Fabricant mobles a La Garriga des de 1925",
      "locale": 1,
      "locked": false,
      "expired": false,
      "alias_of": null,
      "numchild": 0,
      "url_path": "/fabricant-mobles-a-la-garriga-des-de-1925/",
      "expire_at": null,
      "locked_at": null,
      "locked_by": null,
      "seo_title": "",
      "go_live_at": null,
      "draft_title": "Fabricant mobles a La Garriga des de 1925",
      "content_type": 69,
      "header_image": 1,
      "overlay_body": "",
      "live_revision": null,
      "overlay_image": null,
      "overlay_title": "",
      "show_in_menus": false,
      "latest_revision": null,
      "translation_key": "3ee5469d-be37-404c-9f58-021c7d381e4a",
      "collection_1_page": null,
      "collection_2_page": null,
      "collection_3_page": null,
      "last_published_at": null,
      "collection_1_image": null,
      "collection_1_title": "",
      "collection_2_image": null,
      "collection_2_title": "",
      "collection_3_image": null,
      "collection_3_title": "",
      "first_published_at": null,
      "search_description": "",
      "overlay_button_page": null,
      "overlay_button_text": "",
      "custom_projects_page": null,
      "custom_projects_image": null,
      "custom_projects_title": "",
      "display_instagram_feed": true,
      "wagtail_admin_comments": [],
      "has_unpublished_changes": false,
      "display_header_highlight": true,
      "latest_revision_created_at": null
    },
    "approved_go_live_at": null
  }
},
{
  "model": "wagtailcore.revision",
  "pk": 2,
  "fields": {
    "content_type": [
      "cms_site",
      "aboutuspage"
    ],
    "base_content_type": [
      "wagtailcore",
      "page"
    ],
    "object_id": "4",
    "submitted_for_moderation": false,
    "created_at": "2023-06-22T14:01:56.410Z",
    "user": [
      "hola@codi.coop"
    ],
    "object_str": "Qui som",
    "content": {
      "pk": 4,
      "live": true,
      "path": "000100020001",
      "slug": "qui-som",
      "depth": 3,
      "owner": 1,
      "title": "Qui som",
      "locale": 1,
      "locked": false,
      "expired": false,
      "alias_of": null,
      "numchild": 0,
      "url_path": "/fabricant-mobles-a-la-garriga-des-de-1925/qui-som/",
      "expire_at": null,
      "locked_at": null,
      "locked_by": null,
      "seo_title": "",
      "go_live_at": null,
      "description": "",
      "draft_title": "Qui som",
      "video_items": [
        {
          "pk": 1,
          "page": 4,
          "embed": "aa",
          "title": "v1 cat",
          "locale": 1,
          "sort_order": 0,
          "description": "aa",
          "translation_key": "f3ce0133-cf70-4512-a96d-78c1a6d74383"
        },
        {
          "pk": 2,
          "page": 4,
          "embed": "aa",
          "title": "v2 cat",
          "locale": 1,
          "sort_order": 1,
          "description": "aa",
          "translation_key": "1ac5c15e-7c6a-436f-b3b7-341a4fc61d72"
        },
        {
          "pk": 3,
          "page": 4,
          "embed": "aa",
          "title": "v3 cat",
          "locale": 1,
          "sort_order": 2,
          "description": "aa",
          "translation_key": "11e00c7c-0faf-4809-b7aa-4d5b3a10b15f"
        },
        {
          "pk": 4,
          "page": 4,
          "embed": "aa",
          "title": "v4 cat",
          "locale": 1,
          "sort_order": 3,
          "description": "aa",
          "translation_key": "68c095f5-ae86-43b1-8fef-5ab12788afb2"
        },
        {
          "pk": 5,
          "page": 4,
          "embed": "aa",
          "title": "v5 cat",
          "locale": 1,
          "sort_order": 4,
          "description": "aa",
          "translation_key": "a0f2bb7e-2242-4e9a-8583-1ec6d1c093db"
        },
        {
          "pk": 6,
          "page": 4,
          "embed": "aa",
          "title": "v6 cat",
          "locale": 1,
          "sort_order": 5,
          "description": "aa",
          "translation_key": "1f66c547-35a4-4d59-8bdc-4fb5dd9e97d1"
        }
      ],
      "content_type": 60,
      "header_image": 1,
      "history_items": [
        {
          "pk": 1,
          "page": 4,
          "year": 2020,
          "image": 1,
          "title": "Història 1 cat",
          "locale": 1,
          "sort_order": 0,
          "description": "aa",
          "translation_key": "2108968b-1359-4ff1-9f24-e533363a84fe"
        },
        {
          "pk": 2,
          "page": 4,
          "year": 2021,
          "image": 1,
          "title": "Història 23 cat",
          "locale": 1,
          "sort_order": 1,
          "description": "aa",
          "translation_key": "c8dc2e4b-7943-4a75-850e-678bd3e756d5"
        }
      ],
      "live_revision": null,
      "show_in_menus": false,
      "latest_revision": null,
      "translation_key": "5641d7cf-4831-4c88-9652-302a6b4861bc",
      "last_published_at": null,
      "first_published_at": null,
      "search_description": "",
      "wagtail_admin_comments": [],
      "has_unpublished_changes": false,
      "latest_revision_created_at": null
    },
    "approved_go_live_at": null
  }
},
{
  "model": "wagtailcore.revision",
  "pk": 3,
  "fields": {
    "content_type": [
      "cms_site",
      "collectionspage"
    ],
    "base_content_type": [
      "wagtailcore",
      "page"
    ],
    "object_id": "5",
    "submitted_for_moderation": false,
    "created_at": "2023-06-22T14:02:23.602Z",
    "user": [
      "hola@codi.coop"
    ],
    "object_str": "Catàleg",
    "content": {
      "pk": 5,
      "live": false,
      "path": "000100020002",
      "slug": "cataleg",
      "depth": 3,
      "owner": 1,
      "title": "Catàleg",
      "locale": 1,
      "locked": false,
      "expired": false,
      "alias_of": null,
      "numchild": 0,
      "url_path": "/fabricant-mobles-a-la-garriga-des-de-1925/cataleg/",
      "expire_at": null,
      "locked_at": null,
      "locked_by": null,
      "seo_title": "",
      "go_live_at": null,
      "menu_label": null,
      "draft_title": "Catàleg",
      "content_type": 63,
      "live_revision": null,
      "show_in_menus": true,
      "latest_revision": null,
      "translation_key": "655f52e2-a87d-4be8-b186-9484bdb284e6",
      "last_published_at": null,
      "first_published_at": null,
      "search_description": "",
      "wagtail_admin_comments": [],
      "has_unpublished_changes": false,
      "latest_revision_created_at": null
    },
    "approved_go_live_at": null
  }
},
{
  "model": "wagtailcore.revision",
  "pk": 4,
  "fields": {
    "content_type": [
      "cms_site",
      "collection"
    ],
    "base_content_type": [
      "wagtailcore",
      "page"
    ],
    "object_id": "6",
    "submitted_for_moderation": false,
    "created_at": "2023-06-22T14:04:26.681Z",
    "user": [
      "hola@codi.coop"
    ],
    "object_str": "New Area",
    "content": {
      "pk": 6,
      "pdf": null,
      "live": true,
      "path": "0001000200020001",
      "slug": "new-area",
      "depth": 4,
      "owner": 1,
      "title": "New Area",
      "locale": 1,
      "locked": false,
      "expired": false,
      "alias_of": null,
      "numchild": 0,
      "url_path": "/fabricant-mobles-a-la-garriga-des-de-1925/cataleg/new-area/",
      "expire_at": null,
      "locked_at": null,
      "locked_by": null,
      "seo_title": "",
      "go_live_at": null,
      "description": "",
      "draft_title": "New Area",
      "content_type": 62,
      "header_image": 1,
      "live_revision": null,
      "show_in_menus": false,
      "latest_revision": null,
      "translation_key": "7e48f82c-c71d-42ca-9224-4e223637bb2f",
      "collection_items": [
        {
          "pk": 1,
          "page": 6,
          "image": 1,
          "model": 1,
          "title": "Article 1 cat",
          "locale": 1,
          "finishings": [
            1
          ],
          "sort_order": 0,
          "typologies": [
            1
          ],
          "translation_key": "3ecbd1a3-1810-4779-aa47-b9837c74c425"
        },
        {
          "pk": 2,
          "page": 6,
          "image": 1,
          "model": 1,
          "title": "Article 2 cat",
          "locale": 1,
          "finishings": [
            1
          ],
          "sort_order": 1,
          "typologies": [
            1
          ],
          "translation_key": "36d1fcb4-e1b6-46ed-80d7-0aa75360bc2c"
        }
      ],
      "last_published_at": null,
      "first_published_at": null,
      "search_description": "",
      "wagtail_admin_comments": [],
      "has_unpublished_changes": false,
      "latest_revision_created_at": null
    },
    "approved_go_live_at": null
  }
},
{
  "model": "wagtailcore.pagelogentry",
  "pk": 1,
  "fields": {
    "content_type": [
      "cms_site",
      "homepage"
    ],
    "label": "Fabricant mobles a La Garriga des de 1925",
    "action": "wagtail.create",
    "data": {},
    "timestamp": "2023-06-22T13:59:56.863Z",
    "uuid": "0d150a5b-dbc2-4c74-8d8b-a21ee0677547",
    "user": [
      "hola@codi.coop"
    ],
    "revision": null,
    "content_changed": true,
    "deleted": false,
    "page": 3
  }
},
{
  "model": "wagtailcore.pagelogentry",
  "pk": 2,
  "fields": {
    "content_type": [
      "cms_site",
      "homepage"
    ],
    "label": "Fabricant mobles a La Garriga des de 1925",
    "action": "wagtail.edit",
    "data": {},
    "timestamp": "2023-06-22T13:59:56.885Z",
    "uuid": "0d150a5b-dbc2-4c74-8d8b-a21ee0677547",
    "user": [
      "hola@codi.coop"
    ],
    "revision": 1,
    "content_changed": true,
    "deleted": false,
    "page": 3
  }
},
{
  "model": "wagtailcore.pagelogentry",
  "pk": 3,
  "fields": {
    "content_type": [
      "cms_site",
      "homepage"
    ],
    "label": "Fabricant mobles a La Garriga des de 1925",
    "action": "wagtail.publish",
    "data": {},
    "timestamp": "2023-06-22T13:59:56.922Z",
    "uuid": "0d150a5b-dbc2-4c74-8d8b-a21ee0677547",
    "user": [
      "hola@codi.coop"
    ],
    "revision": 1,
    "content_changed": true,
    "deleted": false,
    "page": 3
  }
},
{
  "model": "wagtailcore.pagelogentry",
  "pk": 4,
  "fields": {
    "content_type": [
      "wagtailcore",
      "page"
    ],
    "label": "Welcome to your new Wagtail site!",
    "action": "wagtail.delete",
    "data": {},
    "timestamp": "2023-06-22T14:00:14.202Z",
    "uuid": "8c55fdbe-ea55-4e40-b14c-845a35a64aa1",
    "user": [
      "hola@codi.coop"
    ],
    "revision": null,
    "content_changed": false,
    "deleted": true,
    "page": 2
  }
},
{
  "model": "wagtailcore.pagelogentry",
  "pk": 5,
  "fields": {
    "content_type": [
      "cms_site",
      "aboutuspage"
    ],
    "label": "Qui som",
    "action": "wagtail.create",
    "data": {},
    "timestamp": "2023-06-22T14:01:56.395Z",
    "uuid": "919e5f59-bccf-4b8f-a312-116dd4283309",
    "user": [
      "hola@codi.coop"
    ],
    "revision": null,
    "content_changed": true,
    "deleted": false,
    "page": 4
  }
},
{
  "model": "wagtailcore.pagelogentry",
  "pk": 6,
  "fields": {
    "content_type": [
      "cms_site",
      "aboutuspage"
    ],
    "label": "Qui som",
    "action": "wagtail.edit",
    "data": {},
    "timestamp": "2023-06-22T14:01:56.422Z",
    "uuid": "919e5f59-bccf-4b8f-a312-116dd4283309",
    "user": [
      "hola@codi.coop"
    ],
    "revision": 2,
    "content_changed": true,
    "deleted": false,
    "page": 4
  }
},
{
  "model": "wagtailcore.pagelogentry",
  "pk": 7,
  "fields": {
    "content_type": [
      "cms_site",
      "aboutuspage"
    ],
    "label": "Qui som",
    "action": "wagtail.publish",
    "data": {},
    "timestamp": "2023-06-22T14:01:56.499Z",
    "uuid": "919e5f59-bccf-4b8f-a312-116dd4283309",
    "user": [
      "hola@codi.coop"
    ],
    "revision": 2,
    "content_changed": true,
    "deleted": false,
    "page": 4
  }
},
{
  "model": "wagtailcore.pagelogentry",
  "pk": 8,
  "fields": {
    "content_type": [
      "cms_site",
      "collectionspage"
    ],
    "label": "Catàleg",
    "action": "wagtail.create",
    "data": {},
    "timestamp": "2023-06-22T14:02:23.594Z",
    "uuid": "d4561501-8bdd-488a-9da4-e33e7501eaa0",
    "user": [
      "hola@codi.coop"
    ],
    "revision": null,
    "content_changed": true,
    "deleted": false,
    "page": 5
  }
},
{
  "model": "wagtailcore.pagelogentry",
  "pk": 9,
  "fields": {
    "content_type": [
      "cms_site",
      "collectionspage"
    ],
    "label": "Catàleg",
    "action": "wagtail.edit",
    "data": {},
    "timestamp": "2023-06-22T14:02:23.613Z",
    "uuid": "d4561501-8bdd-488a-9da4-e33e7501eaa0",
    "user": [
      "hola@codi.coop"
    ],
    "revision": 3,
    "content_changed": true,
    "deleted": false,
    "page": 5
  }
},
{
  "model": "wagtailcore.pagelogentry",
  "pk": 10,
  "fields": {
    "content_type": [
      "cms_site",
      "collection"
    ],
    "label": "New Area",
    "action": "wagtail.create",
    "data": {},
    "timestamp": "2023-06-22T14:04:26.665Z",
    "uuid": "402f555a-8a6a-4c60-bee8-c81ecacdd86c",
    "user": [
      "hola@codi.coop"
    ],
    "revision": null,
    "content_changed": true,
    "deleted": false,
    "page": 6
  }
},
{
  "model": "wagtailcore.pagelogentry",
  "pk": 11,
  "fields": {
    "content_type": [
      "cms_site",
      "collection"
    ],
    "label": "New Area",
    "action": "wagtail.edit",
    "data": {},
    "timestamp": "2023-06-22T14:04:26.694Z",
    "uuid": "402f555a-8a6a-4c60-bee8-c81ecacdd86c",
    "user": [
      "hola@codi.coop"
    ],
    "revision": 4,
    "content_changed": true,
    "deleted": false,
    "page": 6
  }
},
{
  "model": "wagtailcore.pagelogentry",
  "pk": 12,
  "fields": {
    "content_type": [
      "cms_site",
      "collection"
    ],
    "label": "New Area",
    "action": "wagtail.publish",
    "data": {},
    "timestamp": "2023-06-22T14:04:26.747Z",
    "uuid": "402f555a-8a6a-4c60-bee8-c81ecacdd86c",
    "user": [
      "hola@codi.coop"
    ],
    "revision": 4,
    "content_changed": true,
    "deleted": false,
    "page": 6
  }
},
{
  "model": "base.localizedmainmenu",
  "pk": 1,
  "fields": {
    "site": [
      "localhost",
      80
    ],
    "max_levels": 2
  }
},
{
  "model": "cms_site.aboutuspage",
  "pk": 4,
  "fields": {
    "header_image": 1,
    "description": ""
  }
},
{
  "model": "cms_site.videoitem",
  "pk": 1,
  "fields": {
    "translation_key": "f3ce0133-cf70-4512-a96d-78c1a6d74383",
    "locale": 1,
    "sort_order": 0,
    "page": 4,
    "title": "v1 cat",
    "embed": "aa",
    "description": "aa"
  }
},
{
  "model": "cms_site.videoitem",
  "pk": 2,
  "fields": {
    "translation_key": "1ac5c15e-7c6a-436f-b3b7-341a4fc61d72",
    "locale": 1,
    "sort_order": 1,
    "page": 4,
    "title": "v2 cat",
    "embed": "aa",
    "description": "aa"
  }
},
{
  "model": "cms_site.videoitem",
  "pk": 3,
  "fields": {
    "translation_key": "11e00c7c-0faf-4809-b7aa-4d5b3a10b15f",
    "locale": 1,
    "sort_order": 2,
    "page": 4,
    "title": "v3 cat",
    "embed": "aa",
    "description": "aa"
  }
},
{
  "model": "cms_site.videoitem",
  "pk": 4,
  "fields": {
    "translation_key": "68c095f5-ae86-43b1-8fef-5ab12788afb2",
    "locale": 1,
    "sort_order": 3,
    "page": 4,
    "title": "v4 cat",
    "embed": "aa",
    "description": "aa"
  }
},
{
  "model": "cms_site.videoitem",
  "pk": 5,
  "fields": {
    "translation_key": "a0f2bb7e-2242-4e9a-8583-1ec6d1c093db",
    "locale": 1,
    "sort_order": 4,
    "page": 4,
    "title": "v5 cat",
    "embed": "aa",
    "description": "aa"
  }
},
{
  "model": "cms_site.videoitem",
  "pk": 6,
  "fields": {
    "translation_key": "1f66c547-35a4-4d59-8bdc-4fb5dd9e97d1",
    "locale": 1,
    "sort_order": 5,
    "page": 4,
    "title": "v6 cat",
    "embed": "aa",
    "description": "aa"
  }
},
{
  "model": "cms_site.historyitem",
  "pk": 1,
  "fields": {
    "translation_key": "2108968b-1359-4ff1-9f24-e533363a84fe",
    "locale": 1,
    "sort_order": 0,
    "page": 4,
    "year": 2020,
    "title": "Història 1 cat",
    "description": "aa",
    "image": 1
  }
},
{
  "model": "cms_site.historyitem",
  "pk": 2,
  "fields": {
    "translation_key": "c8dc2e4b-7943-4a75-850e-678bd3e756d5",
    "locale": 1,
    "sort_order": 1,
    "page": 4,
    "year": 2021,
    "title": "Història 23 cat",
    "description": "aa",
    "image": 1
  }
},
{
  "model": "cms_site.collectionspage",
  "pk": 5,
  "fields": {
    "menu_label": null
  }
},
{
  "model": "cms_site.collection",
  "pk": 6,
  "fields": {
    "header_image": 1,
    "description": "",
    "pdf": null
  }
},
{
  "model": "cms_site.collectionitem",
  "pk": 1,
  "fields": {
    "translation_key": "3ecbd1a3-1810-4779-aa47-b9837c74c425",
    "locale": 1,
    "sort_order": 0,
    "page": 6,
    "title": "Article 1 cat",
    "image": 1,
    "model": 1,
    "finishings": [
      1
    ],
    "typologies": [
      1
    ]
  }
},
{
  "model": "cms_site.collectionitem",
  "pk": 2,
  "fields": {
    "translation_key": "36d1fcb4-e1b6-46ed-80d7-0aa75360bc2c",
    "locale": 1,
    "sort_order": 1,
    "page": 6,
    "title": "Article 2 cat",
    "image": 1,
    "model": 1,
    "finishings": [
      1
    ],
    "typologies": [
      1
    ]
  }
},
{
  "model": "cms_site.homepage",
  "pk": 3,
  "fields": {
    "header_image": 1,
    "overlay_title": "",
    "overlay_body": "",
    "overlay_button_text": "",
    "overlay_button_page": null,
    "overlay_image": null,
    "collection_1_title": "",
    "collection_1_image": null,
    "collection_1_page": null,
    "collection_2_title": "",
    "collection_2_image": null,
    "collection_2_page": null,
    "collection_3_title": "",
    "collection_3_image": null,
    "collection_3_page": null,
    "custom_projects_title": "",
    "custom_projects_image": null,
    "custom_projects_page": null,
    "display_instagram_feed": true,
    "display_header_highlight": true
  }
},
{
  "model": "cms_site.socialmediaiconssettings",
  "pk": 1,
  "fields": {
    "site": [
      "localhost",
      80
    ],
    "facebook": "https://www.facebook.com/moblesciurans",
    "youtube": "http://www.youtube.com/user/ciuransmobles",
    "instagram": "https://www.instagram.com/ciuransmobles",
    "vimeo": "https://vimeo.com/moblesciurans"
  }
},
{
  "model": "cms_site.contactdetailssettings",
  "pk": 1,
  "fields": {
    "site": [
      "localhost",
      80
    ],
    "email": "info@moblesciurans.com",
    "address": "C/ Priora Xixilona, 14<br>\n        08530 La Garriga<br>\n        Barcelona",
    "phone": "93 871 80 07"
  }
},
{
  "model": "cms_site.analyticssettings",
  "pk": 1,
  "fields": {
    "site": [
      "localhost",
      80
    ],
    "embed": ""
  }
},
{
  "model": "cms_site.collectionitemtype",
  "pk": 1,
  "fields": {
    "translation_key": "bce4af87-a644-4ef3-83fb-840817eea2e0",
    "locale": 1,
    "name": "Tipologia 1 (català)"
  }
},
{
  "model": "cms_site.collectionitemfinishing",
  "pk": 1,
  "fields": {
    "translation_key": "2ea61f28-41f5-4ccd-9c84-4681373f465d",
    "locale": 1,
    "name": "Roure 01"
  }
},
{
  "model": "cms_site.collectionitemmodel",
  "pk": 1,
  "fields": {
    "translation_key": "6c349e17-bf28-4962-8aea-a6b5bf3c56c3",
    "locale": 1,
    "name": "Model 1 (català)"
  }
},
{
  "model": "wagtailcore.groupapprovaltask",
  "pk": 1,
  "fields": {
    "groups": [
      [
        "Moderators"
      ]
    ]
  }
}
]
