[
{
  "model": "wagtail_localize.translatableobject",
  "pk": "1dd0044c-456a-4bcf-a9b1-8f5478a7a1ba",
  "fields": {
    "content_type": [
      "wagtailcore",
      "page"
    ]
  }
},
{
  "model": "wagtail_localize.translatableobject",
  "pk": "256ed60f-cefa-44e3-ae15-0b054bf44567",
  "fields": {
    "content_type": [
      "cms_site",
      "collectionitemmodel"
    ]
  }
},
{
  "model": "wagtail_localize.translatableobject",
  "pk": "42580a1a-ae80-4fa3-a71f-b922063ce423",
  "fields": {
    "content_type": [
      "cms_site",
      "collectionitemfinishing"
    ]
  }
},
{
  "model": "wagtail_localize.translatableobject",
  "pk": "44954eb0-1653-4888-84ad-6811b5d81da2",
  "fields": {
    "content_type": [
      "cms_site",
      "collectionitemmodel"
    ]
  }
},
{
  "model": "wagtail_localize.translatableobject",
  "pk": "51cb781f-c7fe-45f9-bb72-8a847c2f6b37",
  "fields": {
    "content_type": [
      "cms_site",
      "collectionitemfinishing"
    ]
  }
},
{
  "model": "wagtail_localize.translatableobject",
  "pk": "54c9124c-6987-4e00-9db4-3c43cb71144e",
  "fields": {
    "content_type": [
      "cms_site",
      "collectionitemfinishing"
    ]
  }
},
{
  "model": "wagtail_localize.translatableobject",
  "pk": "5b3a345a-cd7e-4d62-82a0-35a4675bc210",
  "fields": {
    "content_type": [
      "cms_site",
      "collectionitemfinishing"
    ]
  }
},
{
  "model": "wagtail_localize.translatableobject",
  "pk": "60b9e117-9ecc-4517-8690-91fe44135ebf",
  "fields": {
    "content_type": [
      "cms_site",
      "collectionitemmodel"
    ]
  }
},
{
  "model": "wagtail_localize.translatableobject",
  "pk": "6598cc02-2ca9-448e-a2ec-bbcee1e124f6",
  "fields": {
    "content_type": [
      "cms_site",
      "collectionitemmodel"
    ]
  }
},
{
  "model": "wagtail_localize.translatableobject",
  "pk": "6cf7d6be-26cf-497b-bf62-8165508517bc",
  "fields": {
    "content_type": [
      "cms_site",
      "collectionitemtype"
    ]
  }
},
{
  "model": "wagtail_localize.translatableobject",
  "pk": "81ff2833-256a-4c64-8087-34f0630369d0",
  "fields": {
    "content_type": [
      "wagtailcore",
      "page"
    ]
  }
},
{
  "model": "wagtail_localize.translatableobject",
  "pk": "8556327e-9c12-4085-8283-02f4a9833eee",
  "fields": {
    "content_type": [
      "cms_site",
      "collectionitemmodel"
    ]
  }
},
{
  "model": "wagtail_localize.translatableobject",
  "pk": "91de3edc-0f02-4f84-a827-00fb783bb8f1",
  "fields": {
    "content_type": [
      "cms_site",
      "collectionitemfinishing"
    ]
  }
},
{
  "model": "wagtail_localize.translatableobject",
  "pk": "ba7bf0ee-acf6-44ac-bf24-5577defde833",
  "fields": {
    "content_type": [
      "cms_site",
      "collectionitemtype"
    ]
  }
},
{
  "model": "wagtail_localize.translatableobject",
  "pk": "c37e948a-8931-4e38-b0d2-d43988c1e222",
  "fields": {
    "content_type": [
      "cms_site",
      "collectionitemfinishing"
    ]
  }
},
{
  "model": "wagtail_localize.translatableobject",
  "pk": "ca7dd4bb-4ad8-4e3d-a7ef-2f883c83cd12",
  "fields": {
    "content_type": [
      "cms_site",
      "collectionitemmodel"
    ]
  }
},
{
  "model": "wagtail_localize.translatableobject",
  "pk": "e635819d-4403-47d1-9d86-fbe60b1b8030",
  "fields": {
    "content_type": [
      "wagtailcore",
      "page"
    ]
  }
},
{
  "model": "wagtail_localize.translationsource",
  "pk": 1,
  "fields": {
    "object": "81ff2833-256a-4c64-8087-34f0630369d0",
    "specific_content_type": [
      "cms_site",
      "collection"
    ],
    "locale": 1,
    "object_repr": "Nova col·lecció Àrea",
    "content_json": "{\"pk\": 3, \"path\": \"000100010001\", \"depth\": 3, \"numchild\": 0, \"translation_key\": \"81ff2833-256a-4c64-8087-34f0630369d0\", \"locale\": 1, \"title\": \"Nova col\\u00b7lecci\\u00f3 \\u00c0rea\", \"draft_title\": \"Nova col\\u00b7lecci\\u00f3 \\u00c0rea\", \"slug\": \"nova-colleccio-area\", \"content_type\": 54, \"live\": true, \"has_unpublished_changes\": false, \"url_path\": \"/home/nova-colleccio-area/\", \"owner\": 1, \"seo_title\": \"Nova Col\\u00b7lecci\\u00f3 de moble de menjador \\u00c0rea\", \"show_in_menus\": false, \"search_description\": \"\", \"go_live_at\": null, \"expire_at\": null, \"expired\": false, \"locked\": false, \"locked_at\": null, \"locked_by\": null, \"first_published_at\": \"2022-08-10T11:00:38.120Z\", \"last_published_at\": \"2022-08-10T11:00:59.868Z\", \"latest_revision_created_at\": \"2022-08-10T11:00:59.838Z\", \"live_revision\": 2, \"alias_of\": null, \"description\": \"Amb m\\u00e9s de 20 anys, Area \\u00e9s la nostra col\\u00b7lecci\\u00f3 m\\u00e9s longeva, la nostra \\u00e0nima i la nostra personalitat. Al llarg dels anys l\\u2019hem anat adaptant a noves necessitats, formes i estils per proporcionar sempre peces d\\u2019\\u00faltima generaci\\u00f3, amb personalitat, cridaneres i pr\\u00e0ctiques. Aquesta renovaci\\u00f3 actual d\\u2019Area ens aporta colors, formes i tend\\u00e8ncies sense perdre l\\u2019ess\\u00e8ncia de la col\\u00b7lecci\\u00f3. Gr\\u00e0cies a l\\u2019estreta col\\u00b7laboraci\\u00f3 amb Josep Turell, dissenyador ja consagrat d\\u2019Area, i de Mart\\u00ed Nualart, dissenyador emergent, el resultat \\u00e9s una col\\u00b7lecci\\u00f3 indiscutiblement interessant, atractiva i funcional.\", \"pdf\": null, \"items_list\": \"[{\\\"id\\\": \\\"2cdd3913-731f-4463-bf97-72e7af8a5de0\\\", \\\"type\\\": \\\"item\\\", \\\"value\\\": {\\\"image\\\": 1, \\\"model\\\": 1, \\\"title\\\": \\\"Area one mn1\\\", \\\"finishings\\\": [{\\\"id\\\": \\\"3d7b5596-bb31-42c0-8edb-3b93a4b5ab7b\\\", \\\"type\\\": \\\"item\\\", \\\"value\\\": 1}, {\\\"id\\\": \\\"1d79b82f-7d45-4851-9a14-621a669591d6\\\", \\\"type\\\": \\\"item\\\", \\\"value\\\": 2}], \\\"item_types\\\": [{\\\"id\\\": \\\"1c39806c-effb-4388-bfce-1cbf1caef28f\\\", \\\"type\\\": \\\"item\\\", \\\"value\\\": 1}]}}, {\\\"id\\\": \\\"7844da9e-4b23-4627-874c-7a1f665f80de\\\", \\\"type\\\": \\\"item\\\", \\\"value\\\": {\\\"image\\\": 2, \\\"model\\\": 1, \\\"title\\\": \\\"Area one mn1 #2\\\", \\\"finishings\\\": [{\\\"id\\\": \\\"3d7b5596-bb31-42c0-8edb-3b93a4b5ab7b\\\", \\\"type\\\": \\\"item\\\", \\\"value\\\": 1}, {\\\"id\\\": \\\"56c395ab-3034-4e82-9fcc-69e24a0f03fe\\\", \\\"type\\\": \\\"item\\\", \\\"value\\\": 2}, {\\\"id\\\": \\\"3a94d157-6e87-4e97-a464-bba4e7ca0357\\\", \\\"type\\\": \\\"item\\\", \\\"value\\\": 3}], \\\"item_types\\\": [{\\\"id\\\": \\\"1c39806c-effb-4388-bfce-1cbf1caef28f\\\", \\\"type\\\": \\\"item\\\", \\\"value\\\": 1}]}}, {\\\"id\\\": \\\"44644a43-c73b-49ee-97db-82efaf44f12d\\\", \\\"type\\\": \\\"item\\\", \\\"value\\\": {\\\"image\\\": 3, \\\"model\\\": 2, \\\"title\\\": \\\"Area one mn2\\\", \\\"finishings\\\": [{\\\"id\\\": \\\"3d7b5596-bb31-42c0-8edb-3b93a4b5ab7b\\\", \\\"type\\\": \\\"item\\\", \\\"value\\\": 1}, {\\\"id\\\": \\\"5127ca3d-667e-42e5-abda-20a8c3f6d116\\\", \\\"type\\\": \\\"item\\\", \\\"value\\\": 4}, {\\\"id\\\": \\\"f072ee25-e19a-4846-9c35-6740ade0117b\\\", \\\"type\\\": \\\"item\\\", \\\"value\\\": 5}, {\\\"id\\\": \\\"446f53e4-cb12-4a91-90b0-f755be141c43\\\", \\\"type\\\": \\\"item\\\", \\\"value\\\": 6}], \\\"item_types\\\": [{\\\"id\\\": \\\"1c39806c-effb-4388-bfce-1cbf1caef28f\\\", \\\"type\\\": \\\"item\\\", \\\"value\\\": 1}]}}, {\\\"id\\\": \\\"26030c30-fbb3-4f8c-a6bc-b5fcfb86b96e\\\", \\\"type\\\": \\\"item\\\", \\\"value\\\": {\\\"image\\\": 4, \\\"model\\\": 2, \\\"title\\\": \\\"Area one mn2 #2\\\", \\\"finishings\\\": [{\\\"id\\\": \\\"3d7b5596-bb31-42c0-8edb-3b93a4b5ab7b\\\", \\\"type\\\": \\\"item\\\", \\\"value\\\": 1}, {\\\"id\\\": \\\"ff064393-6544-41c8-9a4c-07471482ac05\\\", \\\"type\\\": \\\"item\\\", \\\"value\\\": 5}, {\\\"id\\\": \\\"42b8d73f-0f05-451b-a990-b13f74e0c1d1\\\", \\\"type\\\": \\\"item\\\", \\\"value\\\": 6}], \\\"item_types\\\": [{\\\"id\\\": \\\"1c39806c-effb-4388-bfce-1cbf1caef28f\\\", \\\"type\\\": \\\"item\\\", \\\"value\\\": 1}]}}]\", \"wagtail_admin_comments\": []}",
    "schema_version": "0009_remove_collection_name_and_more",
    "created_at": "2022-08-10T12:19:30.230Z",
    "last_updated_at": "2022-08-10T12:19:30.227Z"
  }
},
{
  "model": "wagtail_localize.translationsource",
  "pk": 2,
  "fields": {
    "object": "ba7bf0ee-acf6-44ac-bf24-5577defde833",
    "specific_content_type": [
      "cms_site",
      "collectionitemtype"
    ],
    "locale": 1,
    "object_repr": "Menjador",
    "content_json": "{\"pk\": 1, \"translation_key\": \"ba7bf0ee-acf6-44ac-bf24-5577defde833\", \"locale\": 1, \"name\": \"Menjador\"}",
    "schema_version": "0009_remove_collection_name_and_more",
    "created_at": "2022-08-10T12:19:30.411Z",
    "last_updated_at": "2022-08-10T12:19:30.409Z"
  }
},
{
  "model": "wagtail_localize.translationsource",
  "pk": 3,
  "fields": {
    "object": "54c9124c-6987-4e00-9db4-3c43cb71144e",
    "specific_content_type": [
      "cms_site",
      "collectionitemfinishing"
    ],
    "locale": 1,
    "object_repr": "Roure 0",
    "content_json": "{\"pk\": 1, \"translation_key\": \"54c9124c-6987-4e00-9db4-3c43cb71144e\", \"locale\": 1, \"name\": \"Roure 0\"}",
    "schema_version": "0009_remove_collection_name_and_more",
    "created_at": "2022-08-10T12:19:30.447Z",
    "last_updated_at": "2022-08-10T12:19:30.445Z"
  }
},
{
  "model": "wagtail_localize.translationsource",
  "pk": 4,
  "fields": {
    "object": "c37e948a-8931-4e38-b0d2-d43988c1e222",
    "specific_content_type": [
      "cms_site",
      "collectionitemfinishing"
    ],
    "locale": 1,
    "object_repr": "Roure 30",
    "content_json": "{\"pk\": 2, \"translation_key\": \"c37e948a-8931-4e38-b0d2-d43988c1e222\", \"locale\": 1, \"name\": \"Roure 30\"}",
    "schema_version": "0009_remove_collection_name_and_more",
    "created_at": "2022-08-10T12:19:30.482Z",
    "last_updated_at": "2022-08-10T12:19:30.480Z"
  }
},
{
  "model": "wagtail_localize.translationsource",
  "pk": 5,
  "fields": {
    "object": "60b9e117-9ecc-4517-8690-91fe44135ebf",
    "specific_content_type": [
      "cms_site",
      "collectionitemmodel"
    ],
    "locale": 1,
    "object_repr": "MN1",
    "content_json": "{\"pk\": 1, \"translation_key\": \"60b9e117-9ecc-4517-8690-91fe44135ebf\", \"locale\": 1, \"name\": \"MN1\"}",
    "schema_version": "0009_remove_collection_name_and_more",
    "created_at": "2022-08-10T12:19:30.517Z",
    "last_updated_at": "2022-08-10T12:19:30.516Z"
  }
},
{
  "model": "wagtail_localize.translationsource",
  "pk": 6,
  "fields": {
    "object": "91de3edc-0f02-4f84-a827-00fb783bb8f1",
    "specific_content_type": [
      "cms_site",
      "collectionitemfinishing"
    ],
    "locale": 1,
    "object_repr": "Roure 60",
    "content_json": "{\"pk\": 3, \"translation_key\": \"91de3edc-0f02-4f84-a827-00fb783bb8f1\", \"locale\": 1, \"name\": \"Roure 60\"}",
    "schema_version": "0009_remove_collection_name_and_more",
    "created_at": "2022-08-10T12:19:30.551Z",
    "last_updated_at": "2022-08-10T12:19:30.549Z"
  }
},
{
  "model": "wagtail_localize.translationsource",
  "pk": 7,
  "fields": {
    "object": "5b3a345a-cd7e-4d62-82a0-35a4675bc210",
    "specific_content_type": [
      "cms_site",
      "collectionitemfinishing"
    ],
    "locale": 1,
    "object_repr": "Blanc pur",
    "content_json": "{\"pk\": 4, \"translation_key\": \"5b3a345a-cd7e-4d62-82a0-35a4675bc210\", \"locale\": 1, \"name\": \"Blanc pur\"}",
    "schema_version": "0009_remove_collection_name_and_more",
    "created_at": "2022-08-10T12:19:30.586Z",
    "last_updated_at": "2022-08-10T12:19:30.585Z"
  }
},
{
  "model": "wagtail_localize.translationsource",
  "pk": 8,
  "fields": {
    "object": "42580a1a-ae80-4fa3-a71f-b922063ce423",
    "specific_content_type": [
      "cms_site",
      "collectionitemfinishing"
    ],
    "locale": 1,
    "object_repr": "Blau fosc",
    "content_json": "{\"pk\": 5, \"translation_key\": \"42580a1a-ae80-4fa3-a71f-b922063ce423\", \"locale\": 1, \"name\": \"Blau fosc\"}",
    "schema_version": "0009_remove_collection_name_and_more",
    "created_at": "2022-08-10T12:19:30.616Z",
    "last_updated_at": "2022-08-10T12:19:30.614Z"
  }
},
{
  "model": "wagtail_localize.translationsource",
  "pk": 9,
  "fields": {
    "object": "51cb781f-c7fe-45f9-bb72-8a847c2f6b37",
    "specific_content_type": [
      "cms_site",
      "collectionitemfinishing"
    ],
    "locale": 1,
    "object_repr": "Vermell cirera",
    "content_json": "{\"pk\": 6, \"translation_key\": \"51cb781f-c7fe-45f9-bb72-8a847c2f6b37\", \"locale\": 1, \"name\": \"Vermell cirera\"}",
    "schema_version": "0009_remove_collection_name_and_more",
    "created_at": "2022-08-10T12:19:30.644Z",
    "last_updated_at": "2022-08-10T12:19:30.642Z"
  }
},
{
  "model": "wagtail_localize.translationsource",
  "pk": 10,
  "fields": {
    "object": "6598cc02-2ca9-448e-a2ec-bbcee1e124f6",
    "specific_content_type": [
      "cms_site",
      "collectionitemmodel"
    ],
    "locale": 1,
    "object_repr": "MN2",
    "content_json": "{\"pk\": 2, \"translation_key\": \"6598cc02-2ca9-448e-a2ec-bbcee1e124f6\", \"locale\": 1, \"name\": \"MN2\"}",
    "schema_version": "0009_remove_collection_name_and_more",
    "created_at": "2022-08-10T12:19:30.678Z",
    "last_updated_at": "2022-08-10T12:19:30.676Z"
  }
},
{
  "model": "wagtail_localize.translationsource",
  "pk": 11,
  "fields": {
    "object": "6cf7d6be-26cf-497b-bf62-8165508517bc",
    "specific_content_type": [
      "cms_site",
      "collectionitemtype"
    ],
    "locale": 1,
    "object_repr": "Dormitori",
    "content_json": "{\"pk\": 2, \"translation_key\": \"6cf7d6be-26cf-497b-bf62-8165508517bc\", \"locale\": 1, \"name\": \"Dormitori\"}",
    "schema_version": "0009_remove_collection_name_and_more",
    "created_at": "2022-08-10T12:22:44.102Z",
    "last_updated_at": "2022-08-10T12:22:44.099Z"
  }
},
{
  "model": "wagtail_localize.translationsource",
  "pk": 12,
  "fields": {
    "object": "1dd0044c-456a-4bcf-a9b1-8f5478a7a1ba",
    "specific_content_type": [
      "cms_site",
      "collection"
    ],
    "locale": 1,
    "object_repr": "Col·lecció Nordic",
    "content_json": "{\"pk\": 6, \"path\": \"000100010002\", \"depth\": 3, \"numchild\": 0, \"translation_key\": \"1dd0044c-456a-4bcf-a9b1-8f5478a7a1ba\", \"locale\": 1, \"title\": \"Col\\u00b7lecci\\u00f3 Nordic\", \"draft_title\": \"Col\\u00b7lecci\\u00f3 Nordic\", \"slug\": \"collecci\\u00f3-nordic\", \"content_type\": 54, \"live\": true, \"has_unpublished_changes\": false, \"url_path\": \"/home/collecci\\u00f3-nordic/\", \"owner\": 1, \"seo_title\": \"\", \"show_in_menus\": false, \"search_description\": \"\", \"go_live_at\": null, \"expire_at\": null, \"expired\": false, \"locked\": false, \"locked_at\": null, \"locked_by\": null, \"first_published_at\": \"2022-08-10T13:10:09.167Z\", \"last_published_at\": \"2022-08-10T13:10:09.167Z\", \"latest_revision_created_at\": \"2022-08-10T13:10:09.152Z\", \"live_revision\": 8, \"alias_of\": null, \"description\": \"Nordic Collection \\u00e9s una col\\u00b7lecci\\u00f3 de mobles dissenyada per Mart\\u00ed Nualart i fabricada per Mobles Ciurans. La col\\u00b7lecci\\u00f3 Nordic s'ha dissenyat per adaptar-se a qualsevol espai interior. Amb un disseny minimalista i un aire fresc i natural, aquest programa de mobiliari proporciona solucions i supera les expectatives dels consumidors m\\u00e9s exigents.\", \"pdf\": null, \"items_list\": \"[{\\\"id\\\": \\\"7075bcec-47df-44ec-8b43-13f352ba8187\\\", \\\"type\\\": \\\"item\\\", \\\"value\\\": {\\\"image\\\": 7, \\\"model\\\": 6, \\\"title\\\": \\\"Moble televisi\\\\u00f3 J\\\\u00f6rn i Bufet Sovik\\\", \\\"finishings\\\": [{\\\"id\\\": \\\"c4ca6e17-4382-4009-82a8-d68f33a27ead\\\", \\\"type\\\": \\\"item\\\", \\\"value\\\": 1}], \\\"item_types\\\": [{\\\"id\\\": \\\"ae0a9e4c-489a-404f-bf9b-e94a263eda83\\\", \\\"type\\\": \\\"item\\\", \\\"value\\\": 1}]}}, {\\\"id\\\": \\\"be23c3cf-9bb7-46f9-a5e4-b81ca3b9408a\\\", \\\"type\\\": \\\"item\\\", \\\"value\\\": {\\\"image\\\": 8, \\\"model\\\": 7, \\\"title\\\": \\\"Moble J\\\\u00f6rn, Dora i Brei\\\", \\\"finishings\\\": [{\\\"id\\\": \\\"c4ca6e17-4382-4009-82a8-d68f33a27ead\\\", \\\"type\\\": \\\"item\\\", \\\"value\\\": 2}], \\\"item_types\\\": [{\\\"id\\\": \\\"ae0a9e4c-489a-404f-bf9b-e94a263eda83\\\", \\\"type\\\": \\\"item\\\", \\\"value\\\": 1}]}}, {\\\"id\\\": \\\"f686b954-fd01-46be-8e2b-e92ab61f6b65\\\", \\\"type\\\": \\\"item\\\", \\\"value\\\": {\\\"image\\\": 9, \\\"model\\\": 9, \\\"title\\\": \\\"Buffet Sovik\\\", \\\"finishings\\\": [{\\\"id\\\": \\\"c4ca6e17-4382-4009-82a8-d68f33a27ead\\\", \\\"type\\\": \\\"item\\\", \\\"value\\\": 3}], \\\"item_types\\\": [{\\\"id\\\": \\\"ae0a9e4c-489a-404f-bf9b-e94a263eda83\\\", \\\"type\\\": \\\"item\\\", \\\"value\\\": 1}]}}, {\\\"id\\\": \\\"0ab2ec33-46f2-4927-85e3-5481188a7960\\\", \\\"type\\\": \\\"item\\\", \\\"value\\\": {\\\"image\\\": 10, \\\"model\\\": 10, \\\"title\\\": \\\"Llit Brevik\\\", \\\"finishings\\\": [{\\\"id\\\": \\\"c4ca6e17-4382-4009-82a8-d68f33a27ead\\\", \\\"type\\\": \\\"item\\\", \\\"value\\\": 4}], \\\"item_types\\\": [{\\\"id\\\": \\\"ae0a9e4c-489a-404f-bf9b-e94a263eda83\\\", \\\"type\\\": \\\"item\\\", \\\"value\\\": 2}]}}]\", \"wagtail_admin_comments\": []}",
    "schema_version": "0009_remove_collection_name_and_more",
    "created_at": "2022-08-10T13:10:22.012Z",
    "last_updated_at": "2022-08-10T13:10:22.009Z"
  }
},
{
  "model": "wagtail_localize.translationsource",
  "pk": 13,
  "fields": {
    "object": "8556327e-9c12-4085-8283-02f4a9833eee",
    "specific_content_type": [
      "cms_site",
      "collectionitemmodel"
    ],
    "locale": 1,
    "object_repr": "Jörn",
    "content_json": "{\"pk\": 6, \"translation_key\": \"8556327e-9c12-4085-8283-02f4a9833eee\", \"locale\": 1, \"name\": \"J\\u00f6rn\"}",
    "schema_version": "0009_remove_collection_name_and_more",
    "created_at": "2022-08-10T13:10:22.204Z",
    "last_updated_at": "2022-08-10T13:10:22.203Z"
  }
},
{
  "model": "wagtail_localize.translationsource",
  "pk": 14,
  "fields": {
    "object": "44954eb0-1653-4888-84ad-6811b5d81da2",
    "specific_content_type": [
      "cms_site",
      "collectionitemmodel"
    ],
    "locale": 1,
    "object_repr": "Dora",
    "content_json": "{\"pk\": 7, \"translation_key\": \"44954eb0-1653-4888-84ad-6811b5d81da2\", \"locale\": 1, \"name\": \"Dora\"}",
    "schema_version": "0009_remove_collection_name_and_more",
    "created_at": "2022-08-10T13:10:22.265Z",
    "last_updated_at": "2022-08-10T13:10:22.263Z"
  }
},
{
  "model": "wagtail_localize.translationsource",
  "pk": 15,
  "fields": {
    "object": "256ed60f-cefa-44e3-ae15-0b054bf44567",
    "specific_content_type": [
      "cms_site",
      "collectionitemmodel"
    ],
    "locale": 1,
    "object_repr": "Sovik",
    "content_json": "{\"pk\": 9, \"translation_key\": \"256ed60f-cefa-44e3-ae15-0b054bf44567\", \"locale\": 1, \"name\": \"Sovik\"}",
    "schema_version": "0009_remove_collection_name_and_more",
    "created_at": "2022-08-10T13:10:22.318Z",
    "last_updated_at": "2022-08-10T13:10:22.317Z"
  }
},
{
  "model": "wagtail_localize.translationsource",
  "pk": 16,
  "fields": {
    "object": "ca7dd4bb-4ad8-4e3d-a7ef-2f883c83cd12",
    "specific_content_type": [
      "cms_site",
      "collectionitemmodel"
    ],
    "locale": 1,
    "object_repr": "Brevik",
    "content_json": "{\"pk\": 10, \"translation_key\": \"ca7dd4bb-4ad8-4e3d-a7ef-2f883c83cd12\", \"locale\": 1, \"name\": \"Brevik\"}",
    "schema_version": "0009_remove_collection_name_and_more",
    "created_at": "2022-08-10T13:10:22.382Z",
    "last_updated_at": "2022-08-10T13:10:22.381Z"
  }
},
{
  "model": "wagtail_localize.translationsource",
  "pk": 17,
  "fields": {
    "object": "e635819d-4403-47d1-9d86-fbe60b1b8030",
    "specific_content_type": [
      "cms_site",
      "homepage"
    ],
    "locale": 1,
    "object_repr": "Home Page",
    "content_json": "{\"pk\": 2, \"path\": \"00010001\", \"depth\": 2, \"numchild\": 2, \"translation_key\": \"e635819d-4403-47d1-9d86-fbe60b1b8030\", \"locale\": 1, \"title\": \"Home Page\", \"draft_title\": \"Esl\\u00f2gan de portada\", \"slug\": \"home\", \"content_type\": 5, \"live\": true, \"has_unpublished_changes\": true, \"url_path\": \"/home/\", \"owner\": null, \"seo_title\": \"\", \"show_in_menus\": false, \"search_description\": \"\", \"go_live_at\": null, \"expire_at\": null, \"expired\": false, \"locked\": false, \"locked_at\": null, \"locked_by\": null, \"first_published_at\": null, \"last_published_at\": null, \"latest_revision_created_at\": \"2022-08-10T12:57:56.905Z\", \"live_revision\": null, \"alias_of\": null, \"overlay_title\": \"\", \"overlay_body\": \"\", \"overlay_button_text\": \"\", \"overlay_button_page\": null, \"overlay_image\": null, \"collection_1_title\": \"\", \"collection_1_image\": null, \"collection_1_page\": null, \"collection_2_title\": \"\", \"collection_2_image\": null, \"collection_2_page\": null, \"collection_3_title\": \"\", \"collection_3_image\": null, \"collection_3_page\": null, \"custom_projects_title\": \"\", \"custom_projects_image\": null, \"custom_projects_page\": null, \"display_instagram_feed\": true, \"display_header_highlight\": true, \"wagtail_admin_comments\": []}",
    "schema_version": "0009_remove_collection_name_and_more",
    "created_at": "2022-08-10T13:13:54.594Z",
    "last_updated_at": "2022-08-10T13:13:54.591Z"
  }
},
{
  "model": "wagtail_localize.translation",
  "pk": 1,
  "fields": {
    "uuid": "46c7c5a6-e035-4ef6-812b-f893a530ed48",
    "source": 2,
    "target_locale": 2,
    "created_at": "2022-08-10T12:19:30.425Z",
    "translations_last_updated_at": null,
    "destination_last_updated_at": null,
    "enabled": true
  }
},
{
  "model": "wagtail_localize.translation",
  "pk": 2,
  "fields": {
    "uuid": "5a601972-5a2d-47cc-bf62-c32804eebb7e",
    "source": 3,
    "target_locale": 2,
    "created_at": "2022-08-10T12:19:30.463Z",
    "translations_last_updated_at": null,
    "destination_last_updated_at": null,
    "enabled": true
  }
},
{
  "model": "wagtail_localize.translation",
  "pk": 3,
  "fields": {
    "uuid": "743ba4d9-1c8e-449e-bcec-97968e02fc42",
    "source": 4,
    "target_locale": 2,
    "created_at": "2022-08-10T12:19:30.493Z",
    "translations_last_updated_at": null,
    "destination_last_updated_at": null,
    "enabled": true
  }
},
{
  "model": "wagtail_localize.translation",
  "pk": 4,
  "fields": {
    "uuid": "28fd94f9-cc63-4f3f-9c74-1f88b0239d61",
    "source": 5,
    "target_locale": 2,
    "created_at": "2022-08-10T12:19:30.529Z",
    "translations_last_updated_at": null,
    "destination_last_updated_at": null,
    "enabled": true
  }
},
{
  "model": "wagtail_localize.translation",
  "pk": 5,
  "fields": {
    "uuid": "c0a65241-403b-4846-9ba2-ecd7c6390e2a",
    "source": 6,
    "target_locale": 2,
    "created_at": "2022-08-10T12:19:30.563Z",
    "translations_last_updated_at": null,
    "destination_last_updated_at": null,
    "enabled": true
  }
},
{
  "model": "wagtail_localize.translation",
  "pk": 6,
  "fields": {
    "uuid": "008d7b31-cfd5-4571-915e-012b055216a6",
    "source": 7,
    "target_locale": 2,
    "created_at": "2022-08-10T12:19:30.597Z",
    "translations_last_updated_at": null,
    "destination_last_updated_at": null,
    "enabled": true
  }
},
{
  "model": "wagtail_localize.translation",
  "pk": 7,
  "fields": {
    "uuid": "6b96d789-62f4-46be-b3fa-49ad5d50f976",
    "source": 8,
    "target_locale": 2,
    "created_at": "2022-08-10T12:19:30.626Z",
    "translations_last_updated_at": null,
    "destination_last_updated_at": null,
    "enabled": true
  }
},
{
  "model": "wagtail_localize.translation",
  "pk": 8,
  "fields": {
    "uuid": "b67cc400-b96c-4e3b-b2a6-a213976cfe13",
    "source": 9,
    "target_locale": 2,
    "created_at": "2022-08-10T12:19:30.660Z",
    "translations_last_updated_at": null,
    "destination_last_updated_at": null,
    "enabled": true
  }
},
{
  "model": "wagtail_localize.translation",
  "pk": 9,
  "fields": {
    "uuid": "dd4c7783-ad60-4471-a217-ee5a210cdffc",
    "source": 10,
    "target_locale": 2,
    "created_at": "2022-08-10T12:19:30.694Z",
    "translations_last_updated_at": null,
    "destination_last_updated_at": null,
    "enabled": true
  }
},
{
  "model": "wagtail_localize.translation",
  "pk": 10,
  "fields": {
    "uuid": "f5d1df0f-2e86-4fae-8564-ba19d264b746",
    "source": 1,
    "target_locale": 2,
    "created_at": "2022-08-10T12:19:30.718Z",
    "translations_last_updated_at": null,
    "destination_last_updated_at": null,
    "enabled": true
  }
},
{
  "model": "wagtail_localize.translation",
  "pk": 11,
  "fields": {
    "uuid": "af1b5f51-aff6-4fce-ad41-028984e22037",
    "source": 11,
    "target_locale": 2,
    "created_at": "2022-08-10T12:22:44.124Z",
    "translations_last_updated_at": null,
    "destination_last_updated_at": null,
    "enabled": true
  }
},
{
  "model": "wagtail_localize.translation",
  "pk": 12,
  "fields": {
    "uuid": "ce63e9ff-4465-49b4-b6ce-ee1d1fa10ca7",
    "source": 13,
    "target_locale": 2,
    "created_at": "2022-08-10T13:10:22.220Z",
    "translations_last_updated_at": null,
    "destination_last_updated_at": null,
    "enabled": true
  }
},
{
  "model": "wagtail_localize.translation",
  "pk": 13,
  "fields": {
    "uuid": "17c92a03-a6fe-4acb-9159-878484232a51",
    "source": 14,
    "target_locale": 2,
    "created_at": "2022-08-10T13:10:22.277Z",
    "translations_last_updated_at": null,
    "destination_last_updated_at": null,
    "enabled": true
  }
},
{
  "model": "wagtail_localize.translation",
  "pk": 14,
  "fields": {
    "uuid": "032cdfbf-714a-4e29-b29d-bea553473ac8",
    "source": 15,
    "target_locale": 2,
    "created_at": "2022-08-10T13:10:22.331Z",
    "translations_last_updated_at": null,
    "destination_last_updated_at": null,
    "enabled": true
  }
},
{
  "model": "wagtail_localize.translation",
  "pk": 15,
  "fields": {
    "uuid": "5aad5e16-859a-4b83-af41-ec7b7aa7c6a0",
    "source": 16,
    "target_locale": 2,
    "created_at": "2022-08-10T13:10:22.395Z",
    "translations_last_updated_at": null,
    "destination_last_updated_at": null,
    "enabled": true
  }
},
{
  "model": "wagtail_localize.translation",
  "pk": 16,
  "fields": {
    "uuid": "2bcddb00-60d6-452e-93c4-1012f0b0e909",
    "source": 12,
    "target_locale": 2,
    "created_at": "2022-08-10T13:10:22.412Z",
    "translations_last_updated_at": null,
    "destination_last_updated_at": null,
    "enabled": true
  }
},
{
  "model": "wagtail_localize.translation",
  "pk": 17,
  "fields": {
    "uuid": "2fe6d765-049a-46e8-a53c-5b5cec02bf61",
    "source": 17,
    "target_locale": 2,
    "created_at": "2022-08-10T13:13:54.619Z",
    "translations_last_updated_at": null,
    "destination_last_updated_at": null,
    "enabled": true
  }
},
{
  "model": "wagtail_localize.translationlog",
  "pk": 1,
  "fields": {
    "source": 2,
    "locale": 2,
    "created_at": "2022-08-10T12:19:30.439Z",
    "page_revision": null
  }
},
{
  "model": "wagtail_localize.translationlog",
  "pk": 2,
  "fields": {
    "source": 3,
    "locale": 2,
    "created_at": "2022-08-10T12:19:30.476Z",
    "page_revision": null
  }
},
{
  "model": "wagtail_localize.translationlog",
  "pk": 3,
  "fields": {
    "source": 4,
    "locale": 2,
    "created_at": "2022-08-10T12:19:30.511Z",
    "page_revision": null
  }
},
{
  "model": "wagtail_localize.translationlog",
  "pk": 4,
  "fields": {
    "source": 5,
    "locale": 2,
    "created_at": "2022-08-10T12:19:30.540Z",
    "page_revision": null
  }
},
{
  "model": "wagtail_localize.translationlog",
  "pk": 5,
  "fields": {
    "source": 6,
    "locale": 2,
    "created_at": "2022-08-10T12:19:30.576Z",
    "page_revision": null
  }
},
{
  "model": "wagtail_localize.translationlog",
  "pk": 6,
  "fields": {
    "source": 7,
    "locale": 2,
    "created_at": "2022-08-10T12:19:30.610Z",
    "page_revision": null
  }
},
{
  "model": "wagtail_localize.translationlog",
  "pk": 7,
  "fields": {
    "source": 8,
    "locale": 2,
    "created_at": "2022-08-10T12:19:30.637Z",
    "page_revision": null
  }
},
{
  "model": "wagtail_localize.translationlog",
  "pk": 8,
  "fields": {
    "source": 9,
    "locale": 2,
    "created_at": "2022-08-10T12:19:30.671Z",
    "page_revision": null
  }
},
{
  "model": "wagtail_localize.translationlog",
  "pk": 9,
  "fields": {
    "source": 10,
    "locale": 2,
    "created_at": "2022-08-10T12:19:30.705Z",
    "page_revision": null
  }
},
{
  "model": "wagtail_localize.translationlog",
  "pk": 10,
  "fields": {
    "source": 1,
    "locale": 2,
    "created_at": "2022-08-10T12:19:30.852Z",
    "page_revision": 4
  }
},
{
  "model": "wagtail_localize.translationlog",
  "pk": 11,
  "fields": {
    "source": 2,
    "locale": 2,
    "created_at": "2022-08-10T12:20:23.701Z",
    "page_revision": null
  }
},
{
  "model": "wagtail_localize.translationlog",
  "pk": 12,
  "fields": {
    "source": 3,
    "locale": 2,
    "created_at": "2022-08-10T12:20:35.806Z",
    "page_revision": null
  }
},
{
  "model": "wagtail_localize.translationlog",
  "pk": 13,
  "fields": {
    "source": 4,
    "locale": 2,
    "created_at": "2022-08-10T12:20:47.663Z",
    "page_revision": null
  }
},
{
  "model": "wagtail_localize.translationlog",
  "pk": 14,
  "fields": {
    "source": 6,
    "locale": 2,
    "created_at": "2022-08-10T12:21:11.592Z",
    "page_revision": null
  }
},
{
  "model": "wagtail_localize.translationlog",
  "pk": 15,
  "fields": {
    "source": 7,
    "locale": 2,
    "created_at": "2022-08-10T12:21:24.110Z",
    "page_revision": null
  }
},
{
  "model": "wagtail_localize.translationlog",
  "pk": 16,
  "fields": {
    "source": 8,
    "locale": 2,
    "created_at": "2022-08-10T12:21:37.486Z",
    "page_revision": null
  }
},
{
  "model": "wagtail_localize.translationlog",
  "pk": 17,
  "fields": {
    "source": 9,
    "locale": 2,
    "created_at": "2022-08-10T12:22:02.104Z",
    "page_revision": null
  }
},
{
  "model": "wagtail_localize.translationlog",
  "pk": 18,
  "fields": {
    "source": 11,
    "locale": 2,
    "created_at": "2022-08-10T12:22:44.137Z",
    "page_revision": null
  }
},
{
  "model": "wagtail_localize.translationlog",
  "pk": 19,
  "fields": {
    "source": 11,
    "locale": 2,
    "created_at": "2022-08-10T12:22:50.864Z",
    "page_revision": null
  }
},
{
  "model": "wagtail_localize.translationlog",
  "pk": 20,
  "fields": {
    "source": 1,
    "locale": 2,
    "created_at": "2022-08-10T12:23:30.961Z",
    "page_revision": 5
  }
},
{
  "model": "wagtail_localize.translationlog",
  "pk": 21,
  "fields": {
    "source": 1,
    "locale": 2,
    "created_at": "2022-08-10T12:23:59.398Z",
    "page_revision": 6
  }
},
{
  "model": "wagtail_localize.translationlog",
  "pk": 22,
  "fields": {
    "source": 2,
    "locale": 2,
    "created_at": "2022-08-10T13:10:22.175Z",
    "page_revision": null
  }
},
{
  "model": "wagtail_localize.translationlog",
  "pk": 23,
  "fields": {
    "source": 3,
    "locale": 2,
    "created_at": "2022-08-10T13:10:22.196Z",
    "page_revision": null
  }
},
{
  "model": "wagtail_localize.translationlog",
  "pk": 24,
  "fields": {
    "source": 13,
    "locale": 2,
    "created_at": "2022-08-10T13:10:22.233Z",
    "page_revision": null
  }
},
{
  "model": "wagtail_localize.translationlog",
  "pk": 25,
  "fields": {
    "source": 4,
    "locale": 2,
    "created_at": "2022-08-10T13:10:22.258Z",
    "page_revision": null
  }
},
{
  "model": "wagtail_localize.translationlog",
  "pk": 26,
  "fields": {
    "source": 14,
    "locale": 2,
    "created_at": "2022-08-10T13:10:22.290Z",
    "page_revision": null
  }
},
{
  "model": "wagtail_localize.translationlog",
  "pk": 27,
  "fields": {
    "source": 6,
    "locale": 2,
    "created_at": "2022-08-10T13:10:22.312Z",
    "page_revision": null
  }
},
{
  "model": "wagtail_localize.translationlog",
  "pk": 28,
  "fields": {
    "source": 15,
    "locale": 2,
    "created_at": "2022-08-10T13:10:22.343Z",
    "page_revision": null
  }
},
{
  "model": "wagtail_localize.translationlog",
  "pk": 29,
  "fields": {
    "source": 11,
    "locale": 2,
    "created_at": "2022-08-10T13:10:22.360Z",
    "page_revision": null
  }
},
{
  "model": "wagtail_localize.translationlog",
  "pk": 30,
  "fields": {
    "source": 7,
    "locale": 2,
    "created_at": "2022-08-10T13:10:22.376Z",
    "page_revision": null
  }
},
{
  "model": "wagtail_localize.translationlog",
  "pk": 31,
  "fields": {
    "source": 16,
    "locale": 2,
    "created_at": "2022-08-10T13:10:22.410Z",
    "page_revision": null
  }
},
{
  "model": "wagtail_localize.translationlog",
  "pk": 32,
  "fields": {
    "source": 12,
    "locale": 2,
    "created_at": "2022-08-10T13:10:22.543Z",
    "page_revision": 10
  }
},
{
  "model": "wagtail_localize.translationlog",
  "pk": 33,
  "fields": {
    "source": 12,
    "locale": 2,
    "created_at": "2022-08-10T13:11:59.239Z",
    "page_revision": 11
  }
},
{
  "model": "wagtail_localize.translationlog",
  "pk": 34,
  "fields": {
    "source": 17,
    "locale": 2,
    "created_at": "2022-08-10T13:13:54.711Z",
    "page_revision": 13
  }
},
{
  "model": "wagtail_localize.translationlog",
  "pk": 35,
  "fields": {
    "source": 2,
    "locale": 2,
    "created_at": "2022-08-10T13:13:54.737Z",
    "page_revision": null
  }
},
{
  "model": "wagtail_localize.translationlog",
  "pk": 36,
  "fields": {
    "source": 3,
    "locale": 2,
    "created_at": "2022-08-10T13:13:54.757Z",
    "page_revision": null
  }
},
{
  "model": "wagtail_localize.translationlog",
  "pk": 37,
  "fields": {
    "source": 4,
    "locale": 2,
    "created_at": "2022-08-10T13:13:54.777Z",
    "page_revision": null
  }
},
{
  "model": "wagtail_localize.translationlog",
  "pk": 38,
  "fields": {
    "source": 5,
    "locale": 2,
    "created_at": "2022-08-10T13:13:54.795Z",
    "page_revision": null
  }
},
{
  "model": "wagtail_localize.translationlog",
  "pk": 39,
  "fields": {
    "source": 6,
    "locale": 2,
    "created_at": "2022-08-10T13:13:54.820Z",
    "page_revision": null
  }
},
{
  "model": "wagtail_localize.translationlog",
  "pk": 40,
  "fields": {
    "source": 7,
    "locale": 2,
    "created_at": "2022-08-10T13:13:54.847Z",
    "page_revision": null
  }
},
{
  "model": "wagtail_localize.translationlog",
  "pk": 41,
  "fields": {
    "source": 8,
    "locale": 2,
    "created_at": "2022-08-10T13:13:54.866Z",
    "page_revision": null
  }
},
{
  "model": "wagtail_localize.translationlog",
  "pk": 42,
  "fields": {
    "source": 9,
    "locale": 2,
    "created_at": "2022-08-10T13:13:54.884Z",
    "page_revision": null
  }
},
{
  "model": "wagtail_localize.translationlog",
  "pk": 43,
  "fields": {
    "source": 10,
    "locale": 2,
    "created_at": "2022-08-10T13:13:54.903Z",
    "page_revision": null
  }
},
{
  "model": "wagtail_localize.translationlog",
  "pk": 44,
  "fields": {
    "source": 1,
    "locale": 2,
    "created_at": "2022-08-10T13:13:55.036Z",
    "page_revision": 14
  }
},
{
  "model": "wagtail_localize.translationlog",
  "pk": 45,
  "fields": {
    "source": 13,
    "locale": 2,
    "created_at": "2022-08-10T13:13:55.065Z",
    "page_revision": null
  }
},
{
  "model": "wagtail_localize.translationlog",
  "pk": 46,
  "fields": {
    "source": 14,
    "locale": 2,
    "created_at": "2022-08-10T13:13:55.089Z",
    "page_revision": null
  }
},
{
  "model": "wagtail_localize.translationlog",
  "pk": 47,
  "fields": {
    "source": 15,
    "locale": 2,
    "created_at": "2022-08-10T13:13:55.111Z",
    "page_revision": null
  }
},
{
  "model": "wagtail_localize.translationlog",
  "pk": 48,
  "fields": {
    "source": 11,
    "locale": 2,
    "created_at": "2022-08-10T13:13:55.134Z",
    "page_revision": null
  }
},
{
  "model": "wagtail_localize.translationlog",
  "pk": 49,
  "fields": {
    "source": 16,
    "locale": 2,
    "created_at": "2022-08-10T13:13:55.155Z",
    "page_revision": null
  }
},
{
  "model": "wagtail_localize.translationlog",
  "pk": 50,
  "fields": {
    "source": 12,
    "locale": 2,
    "created_at": "2022-08-10T13:13:55.260Z",
    "page_revision": 15
  }
},
{
  "model": "wagtail_localize.string",
  "pk": 1,
  "fields": {
    "locale": 1,
    "data_hash": "a3098802-8e55-5101-8bfd-b88b76821edf",
    "data": "Nova col·lecció Àrea"
  }
},
{
  "model": "wagtail_localize.string",
  "pk": 2,
  "fields": {
    "locale": 1,
    "data_hash": "039ad668-4725-5517-9856-f0649f991fa5",
    "data": "nova-colleccio-area"
  }
},
{
  "model": "wagtail_localize.string",
  "pk": 3,
  "fields": {
    "locale": 1,
    "data_hash": "50c0f6f4-9609-5ccf-83af-a2a4a6667c06",
    "data": "Nova Col·lecció de moble de menjador Àrea"
  }
},
{
  "model": "wagtail_localize.string",
  "pk": 4,
  "fields": {
    "locale": 1,
    "data_hash": "d8b970c5-b6b8-5d77-b506-a9aa51fb636f",
    "data": "Amb més de 20 anys, Area és la nostra col·lecció més longeva, la nostra ànima i la nostra personalitat. Al llarg dels anys l’hem anat adaptant a noves necessitats, formes i estils per proporcionar sempre peces d’última generació, amb personalitat, cridaneres i pràctiques. Aquesta renovació actual d’Area ens aporta colors, formes i tendències sense perdre l’essència de la col·lecció. Gràcies a l’estreta col·laboració amb Josep Turell, dissenyador ja consagrat d’Area, i de Martí Nualart, dissenyador emergent, el resultat és una col·lecció indiscutiblement interessant, atractiva i funcional."
  }
},
{
  "model": "wagtail_localize.string",
  "pk": 5,
  "fields": {
    "locale": 1,
    "data_hash": "7ff282b4-f846-517d-a852-6ed86354c7fa",
    "data": "Area one mn1"
  }
},
{
  "model": "wagtail_localize.string",
  "pk": 6,
  "fields": {
    "locale": 1,
    "data_hash": "88c47405-6085-5922-a545-5f0b082dc9e1",
    "data": "Area one mn1 #2"
  }
},
{
  "model": "wagtail_localize.string",
  "pk": 7,
  "fields": {
    "locale": 1,
    "data_hash": "32ae7d2f-9267-528a-bbc9-b947984b434d",
    "data": "Area one mn2"
  }
},
{
  "model": "wagtail_localize.string",
  "pk": 8,
  "fields": {
    "locale": 1,
    "data_hash": "09e728f6-4cb6-5d38-9700-8e56b3f086dc",
    "data": "Area one mn2 #2"
  }
},
{
  "model": "wagtail_localize.string",
  "pk": 9,
  "fields": {
    "locale": 1,
    "data_hash": "f9a2afc1-773e-5336-a636-62368f64558c",
    "data": "Menjador"
  }
},
{
  "model": "wagtail_localize.string",
  "pk": 10,
  "fields": {
    "locale": 1,
    "data_hash": "5b18b9da-fca3-5e9d-955c-53a6e17e7485",
    "data": "Roure 0"
  }
},
{
  "model": "wagtail_localize.string",
  "pk": 11,
  "fields": {
    "locale": 1,
    "data_hash": "7a9a6108-8d15-5047-ba07-000a9f021e74",
    "data": "Roure 30"
  }
},
{
  "model": "wagtail_localize.string",
  "pk": 12,
  "fields": {
    "locale": 1,
    "data_hash": "30eb5a66-0c3b-51ae-a482-c815fdbe1ccb",
    "data": "MN1"
  }
},
{
  "model": "wagtail_localize.string",
  "pk": 13,
  "fields": {
    "locale": 1,
    "data_hash": "12cc73b6-8d3c-5652-a7cc-95d1468842e4",
    "data": "Roure 60"
  }
},
{
  "model": "wagtail_localize.string",
  "pk": 14,
  "fields": {
    "locale": 1,
    "data_hash": "45c7238f-84f9-5ddf-9f1a-f88c253359f2",
    "data": "Blanc pur"
  }
},
{
  "model": "wagtail_localize.string",
  "pk": 15,
  "fields": {
    "locale": 1,
    "data_hash": "06117541-7ba3-556f-8373-14f623846915",
    "data": "Blau fosc"
  }
},
{
  "model": "wagtail_localize.string",
  "pk": 16,
  "fields": {
    "locale": 1,
    "data_hash": "8136ad89-6de2-55f7-a752-fa46d85ab4f2",
    "data": "Vermell cirera"
  }
},
{
  "model": "wagtail_localize.string",
  "pk": 17,
  "fields": {
    "locale": 1,
    "data_hash": "5e623978-0889-50b1-a7c7-999760deceb4",
    "data": "MN2"
  }
},
{
  "model": "wagtail_localize.string",
  "pk": 18,
  "fields": {
    "locale": 1,
    "data_hash": "061613b4-d159-566f-bcab-2705db33e32a",
    "data": "Dormitori"
  }
},
{
  "model": "wagtail_localize.string",
  "pk": 19,
  "fields": {
    "locale": 1,
    "data_hash": "aaf38a61-a42f-5991-b714-dc47cfc3f196",
    "data": "Col·lecció Nordic"
  }
},
{
  "model": "wagtail_localize.string",
  "pk": 20,
  "fields": {
    "locale": 1,
    "data_hash": "1a0c3425-9e58-58d7-b55a-6210d202ce63",
    "data": "collecció-nordic"
  }
},
{
  "model": "wagtail_localize.string",
  "pk": 21,
  "fields": {
    "locale": 1,
    "data_hash": "a2b8bc87-ef1a-58bf-a78e-c6e83be10d02",
    "data": "Nordic Collection és una col·lecció de mobles dissenyada per Martí Nualart i fabricada per Mobles Ciurans. La col·lecció Nordic s'ha dissenyat per adaptar-se a qualsevol espai interior. Amb un disseny minimalista i un aire fresc i natural, aquest programa de mobiliari proporciona solucions i supera les expectatives dels consumidors més exigents."
  }
},
{
  "model": "wagtail_localize.string",
  "pk": 22,
  "fields": {
    "locale": 1,
    "data_hash": "a4e46fdf-c188-5bb6-9238-a562d7e93fcd",
    "data": "Moble televisió Jörn i Bufet Sovik"
  }
},
{
  "model": "wagtail_localize.string",
  "pk": 23,
  "fields": {
    "locale": 1,
    "data_hash": "b5e26914-be20-5c13-87af-44084f9a033f",
    "data": "Moble Jörn, Dora i Brei"
  }
},
{
  "model": "wagtail_localize.string",
  "pk": 24,
  "fields": {
    "locale": 1,
    "data_hash": "156a985f-2016-58a4-8e75-ef4c365130b0",
    "data": "Buffet Sovik"
  }
},
{
  "model": "wagtail_localize.string",
  "pk": 25,
  "fields": {
    "locale": 1,
    "data_hash": "f79cfec4-d505-5562-acb2-eb6b19fb0cf2",
    "data": "Llit Brevik"
  }
},
{
  "model": "wagtail_localize.string",
  "pk": 26,
  "fields": {
    "locale": 1,
    "data_hash": "0bd38098-db6b-5e3e-981d-a588d6919bc5",
    "data": "Jörn"
  }
},
{
  "model": "wagtail_localize.string",
  "pk": 27,
  "fields": {
    "locale": 1,
    "data_hash": "05e9e618-23aa-5f63-ba78-6b235ec5e10c",
    "data": "Dora"
  }
},
{
  "model": "wagtail_localize.string",
  "pk": 28,
  "fields": {
    "locale": 1,
    "data_hash": "6ba49a5f-7ca9-5f26-831f-70be5f7f644e",
    "data": "Sovik"
  }
},
{
  "model": "wagtail_localize.string",
  "pk": 29,
  "fields": {
    "locale": 1,
    "data_hash": "a0d48a7f-afba-55e6-9a88-f85bfb4f828f",
    "data": "Brevik"
  }
},
{
  "model": "wagtail_localize.string",
  "pk": 30,
  "fields": {
    "locale": 1,
    "data_hash": "32c39dda-d2a8-5a60-9c98-0dc68901d6b6",
    "data": "Home Page"
  }
},
{
  "model": "wagtail_localize.string",
  "pk": 31,
  "fields": {
    "locale": 1,
    "data_hash": "d6b6148d-7628-5c7b-b603-7ed96dfcb5a4",
    "data": "home"
  }
},
{
  "model": "wagtail_localize.translationcontext",
  "pk": 1,
  "fields": {
    "object": "81ff2833-256a-4c64-8087-34f0630369d0",
    "path_id": "f749566c-8a06-5c72-89b8-682e4e49f74f",
    "path": "title",
    "field_path": "title"
  }
},
{
  "model": "wagtail_localize.translationcontext",
  "pk": 2,
  "fields": {
    "object": "81ff2833-256a-4c64-8087-34f0630369d0",
    "path_id": "d71ad27b-d7c2-5061-865d-752015b09e05",
    "path": "slug",
    "field_path": "slug"
  }
},
{
  "model": "wagtail_localize.translationcontext",
  "pk": 3,
  "fields": {
    "object": "81ff2833-256a-4c64-8087-34f0630369d0",
    "path_id": "d322f774-fc61-530d-95e0-ba55416fef16",
    "path": "seo_title",
    "field_path": "seo_title"
  }
},
{
  "model": "wagtail_localize.translationcontext",
  "pk": 4,
  "fields": {
    "object": "81ff2833-256a-4c64-8087-34f0630369d0",
    "path_id": "b8f6e20c-fbce-5753-9603-ea9612ddc5cd",
    "path": "description",
    "field_path": "description"
  }
},
{
  "model": "wagtail_localize.translationcontext",
  "pk": 5,
  "fields": {
    "object": "81ff2833-256a-4c64-8087-34f0630369d0",
    "path_id": "34fd00bc-21f1-5f4c-83ec-a7a0cf51104d",
    "path": "items_list.2cdd3913-731f-4463-bf97-72e7af8a5de0.title",
    "field_path": "items_list.item.title"
  }
},
{
  "model": "wagtail_localize.translationcontext",
  "pk": 6,
  "fields": {
    "object": "81ff2833-256a-4c64-8087-34f0630369d0",
    "path_id": "8b48c870-d7d8-5cfa-88b1-8b75e38061d7",
    "path": "items_list.2cdd3913-731f-4463-bf97-72e7af8a5de0.image",
    "field_path": "items_list.item.image"
  }
},
{
  "model": "wagtail_localize.translationcontext",
  "pk": 7,
  "fields": {
    "object": "81ff2833-256a-4c64-8087-34f0630369d0",
    "path_id": "db4b5340-a58e-51de-9381-1820e6dac459",
    "path": "items_list.2cdd3913-731f-4463-bf97-72e7af8a5de0.item_types.1c39806c-effb-4388-bfce-1cbf1caef28f",
    "field_path": "items_list.item.item_types.item"
  }
},
{
  "model": "wagtail_localize.translationcontext",
  "pk": 8,
  "fields": {
    "object": "81ff2833-256a-4c64-8087-34f0630369d0",
    "path_id": "490c4cbd-5f95-5e1e-a42c-4d2c257ea4df",
    "path": "items_list.2cdd3913-731f-4463-bf97-72e7af8a5de0.finishings.3d7b5596-bb31-42c0-8edb-3b93a4b5ab7b",
    "field_path": "items_list.item.finishings.item"
  }
},
{
  "model": "wagtail_localize.translationcontext",
  "pk": 9,
  "fields": {
    "object": "81ff2833-256a-4c64-8087-34f0630369d0",
    "path_id": "f933475e-803f-5839-a3ac-b3cb437d7e55",
    "path": "items_list.2cdd3913-731f-4463-bf97-72e7af8a5de0.finishings.1d79b82f-7d45-4851-9a14-621a669591d6",
    "field_path": "items_list.item.finishings.item"
  }
},
{
  "model": "wagtail_localize.translationcontext",
  "pk": 10,
  "fields": {
    "object": "81ff2833-256a-4c64-8087-34f0630369d0",
    "path_id": "2b6f0a83-a361-532c-8708-11a8f5a3628b",
    "path": "items_list.2cdd3913-731f-4463-bf97-72e7af8a5de0.model",
    "field_path": "items_list.item.model"
  }
},
{
  "model": "wagtail_localize.translationcontext",
  "pk": 11,
  "fields": {
    "object": "81ff2833-256a-4c64-8087-34f0630369d0",
    "path_id": "a5e2ade0-79be-5f2f-adfc-38efb855a869",
    "path": "items_list.7844da9e-4b23-4627-874c-7a1f665f80de.title",
    "field_path": "items_list.item.title"
  }
},
{
  "model": "wagtail_localize.translationcontext",
  "pk": 12,
  "fields": {
    "object": "81ff2833-256a-4c64-8087-34f0630369d0",
    "path_id": "f7fc1c88-ae09-53c4-a9a5-3fc95fea2edb",
    "path": "items_list.7844da9e-4b23-4627-874c-7a1f665f80de.image",
    "field_path": "items_list.item.image"
  }
},
{
  "model": "wagtail_localize.translationcontext",
  "pk": 13,
  "fields": {
    "object": "81ff2833-256a-4c64-8087-34f0630369d0",
    "path_id": "0ec2ecc9-6e0a-57c7-a618-a10211fe383b",
    "path": "items_list.7844da9e-4b23-4627-874c-7a1f665f80de.item_types.1c39806c-effb-4388-bfce-1cbf1caef28f",
    "field_path": "items_list.item.item_types.item"
  }
},
{
  "model": "wagtail_localize.translationcontext",
  "pk": 14,
  "fields": {
    "object": "81ff2833-256a-4c64-8087-34f0630369d0",
    "path_id": "24c3efbc-3889-5eb4-884b-5010a892752a",
    "path": "items_list.7844da9e-4b23-4627-874c-7a1f665f80de.finishings.3d7b5596-bb31-42c0-8edb-3b93a4b5ab7b",
    "field_path": "items_list.item.finishings.item"
  }
},
{
  "model": "wagtail_localize.translationcontext",
  "pk": 15,
  "fields": {
    "object": "81ff2833-256a-4c64-8087-34f0630369d0",
    "path_id": "2a8e69de-b25b-5f6e-ab96-6b77735bb5ef",
    "path": "items_list.7844da9e-4b23-4627-874c-7a1f665f80de.finishings.56c395ab-3034-4e82-9fcc-69e24a0f03fe",
    "field_path": "items_list.item.finishings.item"
  }
},
{
  "model": "wagtail_localize.translationcontext",
  "pk": 16,
  "fields": {
    "object": "81ff2833-256a-4c64-8087-34f0630369d0",
    "path_id": "f21e9900-9a3b-5ae7-9c5d-3b6f53c07375",
    "path": "items_list.7844da9e-4b23-4627-874c-7a1f665f80de.finishings.3a94d157-6e87-4e97-a464-bba4e7ca0357",
    "field_path": "items_list.item.finishings.item"
  }
},
{
  "model": "wagtail_localize.translationcontext",
  "pk": 17,
  "fields": {
    "object": "81ff2833-256a-4c64-8087-34f0630369d0",
    "path_id": "f425e7aa-0649-545c-9644-da5e26df73cb",
    "path": "items_list.7844da9e-4b23-4627-874c-7a1f665f80de.model",
    "field_path": "items_list.item.model"
  }
},
{
  "model": "wagtail_localize.translationcontext",
  "pk": 18,
  "fields": {
    "object": "81ff2833-256a-4c64-8087-34f0630369d0",
    "path_id": "2a341cbc-f6dc-5ee1-b7a8-185096c6e99d",
    "path": "items_list.44644a43-c73b-49ee-97db-82efaf44f12d.title",
    "field_path": "items_list.item.title"
  }
},
{
  "model": "wagtail_localize.translationcontext",
  "pk": 19,
  "fields": {
    "object": "81ff2833-256a-4c64-8087-34f0630369d0",
    "path_id": "39ee703f-1d8e-5cdc-96fa-5453a532c348",
    "path": "items_list.44644a43-c73b-49ee-97db-82efaf44f12d.image",
    "field_path": "items_list.item.image"
  }
},
{
  "model": "wagtail_localize.translationcontext",
  "pk": 20,
  "fields": {
    "object": "81ff2833-256a-4c64-8087-34f0630369d0",
    "path_id": "8c72a0ef-268d-5ee8-95fc-18148bf917be",
    "path": "items_list.44644a43-c73b-49ee-97db-82efaf44f12d.item_types.1c39806c-effb-4388-bfce-1cbf1caef28f",
    "field_path": "items_list.item.item_types.item"
  }
},
{
  "model": "wagtail_localize.translationcontext",
  "pk": 21,
  "fields": {
    "object": "81ff2833-256a-4c64-8087-34f0630369d0",
    "path_id": "56b8fc0a-1065-582e-9448-d9ce4081f0e1",
    "path": "items_list.44644a43-c73b-49ee-97db-82efaf44f12d.finishings.3d7b5596-bb31-42c0-8edb-3b93a4b5ab7b",
    "field_path": "items_list.item.finishings.item"
  }
},
{
  "model": "wagtail_localize.translationcontext",
  "pk": 22,
  "fields": {
    "object": "81ff2833-256a-4c64-8087-34f0630369d0",
    "path_id": "1d3d5951-3e1c-5e27-8017-d71c81eee0f1",
    "path": "items_list.44644a43-c73b-49ee-97db-82efaf44f12d.finishings.5127ca3d-667e-42e5-abda-20a8c3f6d116",
    "field_path": "items_list.item.finishings.item"
  }
},
{
  "model": "wagtail_localize.translationcontext",
  "pk": 23,
  "fields": {
    "object": "81ff2833-256a-4c64-8087-34f0630369d0",
    "path_id": "71e525d1-9c31-5289-82f0-c5a5be71d4dd",
    "path": "items_list.44644a43-c73b-49ee-97db-82efaf44f12d.finishings.f072ee25-e19a-4846-9c35-6740ade0117b",
    "field_path": "items_list.item.finishings.item"
  }
},
{
  "model": "wagtail_localize.translationcontext",
  "pk": 24,
  "fields": {
    "object": "81ff2833-256a-4c64-8087-34f0630369d0",
    "path_id": "eb15ceef-e9e6-5808-89eb-2d9dacccfb18",
    "path": "items_list.44644a43-c73b-49ee-97db-82efaf44f12d.finishings.446f53e4-cb12-4a91-90b0-f755be141c43",
    "field_path": "items_list.item.finishings.item"
  }
},
{
  "model": "wagtail_localize.translationcontext",
  "pk": 25,
  "fields": {
    "object": "81ff2833-256a-4c64-8087-34f0630369d0",
    "path_id": "6850f247-7794-51a7-a15d-afb4be254065",
    "path": "items_list.44644a43-c73b-49ee-97db-82efaf44f12d.model",
    "field_path": "items_list.item.model"
  }
},
{
  "model": "wagtail_localize.translationcontext",
  "pk": 26,
  "fields": {
    "object": "81ff2833-256a-4c64-8087-34f0630369d0",
    "path_id": "78b0f7c0-4d15-59d3-bde0-86ecb50d88ef",
    "path": "items_list.26030c30-fbb3-4f8c-a6bc-b5fcfb86b96e.title",
    "field_path": "items_list.item.title"
  }
},
{
  "model": "wagtail_localize.translationcontext",
  "pk": 27,
  "fields": {
    "object": "81ff2833-256a-4c64-8087-34f0630369d0",
    "path_id": "189ed111-9b68-5259-a5b0-6929e1828649",
    "path": "items_list.26030c30-fbb3-4f8c-a6bc-b5fcfb86b96e.image",
    "field_path": "items_list.item.image"
  }
},
{
  "model": "wagtail_localize.translationcontext",
  "pk": 28,
  "fields": {
    "object": "81ff2833-256a-4c64-8087-34f0630369d0",
    "path_id": "b9364ebb-78f9-5ffd-9f21-0a90d88fc84a",
    "path": "items_list.26030c30-fbb3-4f8c-a6bc-b5fcfb86b96e.item_types.1c39806c-effb-4388-bfce-1cbf1caef28f",
    "field_path": "items_list.item.item_types.item"
  }
},
{
  "model": "wagtail_localize.translationcontext",
  "pk": 29,
  "fields": {
    "object": "81ff2833-256a-4c64-8087-34f0630369d0",
    "path_id": "7411d727-c40a-5318-ba6c-034cbb4681eb",
    "path": "items_list.26030c30-fbb3-4f8c-a6bc-b5fcfb86b96e.finishings.3d7b5596-bb31-42c0-8edb-3b93a4b5ab7b",
    "field_path": "items_list.item.finishings.item"
  }
},
{
  "model": "wagtail_localize.translationcontext",
  "pk": 30,
  "fields": {
    "object": "81ff2833-256a-4c64-8087-34f0630369d0",
    "path_id": "b96e3bd4-9ed8-5042-8a07-7d8f075cfcae",
    "path": "items_list.26030c30-fbb3-4f8c-a6bc-b5fcfb86b96e.finishings.ff064393-6544-41c8-9a4c-07471482ac05",
    "field_path": "items_list.item.finishings.item"
  }
},
{
  "model": "wagtail_localize.translationcontext",
  "pk": 31,
  "fields": {
    "object": "81ff2833-256a-4c64-8087-34f0630369d0",
    "path_id": "736e3975-e523-5cfa-be0e-5dcab754f8c7",
    "path": "items_list.26030c30-fbb3-4f8c-a6bc-b5fcfb86b96e.finishings.42b8d73f-0f05-451b-a990-b13f74e0c1d1",
    "field_path": "items_list.item.finishings.item"
  }
},
{
  "model": "wagtail_localize.translationcontext",
  "pk": 32,
  "fields": {
    "object": "81ff2833-256a-4c64-8087-34f0630369d0",
    "path_id": "95e1470d-3403-517c-895c-9118adeb4d85",
    "path": "items_list.26030c30-fbb3-4f8c-a6bc-b5fcfb86b96e.model",
    "field_path": "items_list.item.model"
  }
},
{
  "model": "wagtail_localize.translationcontext",
  "pk": 33,
  "fields": {
    "object": "ba7bf0ee-acf6-44ac-bf24-5577defde833",
    "path_id": "3d8fca97-d5b8-5883-9c26-360f58a67899",
    "path": "name",
    "field_path": "name"
  }
},
{
  "model": "wagtail_localize.translationcontext",
  "pk": 34,
  "fields": {
    "object": "54c9124c-6987-4e00-9db4-3c43cb71144e",
    "path_id": "3d8fca97-d5b8-5883-9c26-360f58a67899",
    "path": "name",
    "field_path": "name"
  }
},
{
  "model": "wagtail_localize.translationcontext",
  "pk": 35,
  "fields": {
    "object": "c37e948a-8931-4e38-b0d2-d43988c1e222",
    "path_id": "3d8fca97-d5b8-5883-9c26-360f58a67899",
    "path": "name",
    "field_path": "name"
  }
},
{
  "model": "wagtail_localize.translationcontext",
  "pk": 36,
  "fields": {
    "object": "60b9e117-9ecc-4517-8690-91fe44135ebf",
    "path_id": "3d8fca97-d5b8-5883-9c26-360f58a67899",
    "path": "name",
    "field_path": "name"
  }
},
{
  "model": "wagtail_localize.translationcontext",
  "pk": 37,
  "fields": {
    "object": "91de3edc-0f02-4f84-a827-00fb783bb8f1",
    "path_id": "3d8fca97-d5b8-5883-9c26-360f58a67899",
    "path": "name",
    "field_path": "name"
  }
},
{
  "model": "wagtail_localize.translationcontext",
  "pk": 38,
  "fields": {
    "object": "5b3a345a-cd7e-4d62-82a0-35a4675bc210",
    "path_id": "3d8fca97-d5b8-5883-9c26-360f58a67899",
    "path": "name",
    "field_path": "name"
  }
},
{
  "model": "wagtail_localize.translationcontext",
  "pk": 39,
  "fields": {
    "object": "42580a1a-ae80-4fa3-a71f-b922063ce423",
    "path_id": "3d8fca97-d5b8-5883-9c26-360f58a67899",
    "path": "name",
    "field_path": "name"
  }
},
{
  "model": "wagtail_localize.translationcontext",
  "pk": 40,
  "fields": {
    "object": "51cb781f-c7fe-45f9-bb72-8a847c2f6b37",
    "path_id": "3d8fca97-d5b8-5883-9c26-360f58a67899",
    "path": "name",
    "field_path": "name"
  }
},
{
  "model": "wagtail_localize.translationcontext",
  "pk": 41,
  "fields": {
    "object": "6598cc02-2ca9-448e-a2ec-bbcee1e124f6",
    "path_id": "3d8fca97-d5b8-5883-9c26-360f58a67899",
    "path": "name",
    "field_path": "name"
  }
},
{
  "model": "wagtail_localize.translationcontext",
  "pk": 42,
  "fields": {
    "object": "6cf7d6be-26cf-497b-bf62-8165508517bc",
    "path_id": "3d8fca97-d5b8-5883-9c26-360f58a67899",
    "path": "name",
    "field_path": "name"
  }
},
{
  "model": "wagtail_localize.translationcontext",
  "pk": 43,
  "fields": {
    "object": "1dd0044c-456a-4bcf-a9b1-8f5478a7a1ba",
    "path_id": "f749566c-8a06-5c72-89b8-682e4e49f74f",
    "path": "title",
    "field_path": "title"
  }
},
{
  "model": "wagtail_localize.translationcontext",
  "pk": 44,
  "fields": {
    "object": "1dd0044c-456a-4bcf-a9b1-8f5478a7a1ba",
    "path_id": "d71ad27b-d7c2-5061-865d-752015b09e05",
    "path": "slug",
    "field_path": "slug"
  }
},
{
  "model": "wagtail_localize.translationcontext",
  "pk": 45,
  "fields": {
    "object": "1dd0044c-456a-4bcf-a9b1-8f5478a7a1ba",
    "path_id": "b8f6e20c-fbce-5753-9603-ea9612ddc5cd",
    "path": "description",
    "field_path": "description"
  }
},
{
  "model": "wagtail_localize.translationcontext",
  "pk": 46,
  "fields": {
    "object": "1dd0044c-456a-4bcf-a9b1-8f5478a7a1ba",
    "path_id": "69d4abb5-4778-5479-98a6-f842f27bb211",
    "path": "items_list.7075bcec-47df-44ec-8b43-13f352ba8187.title",
    "field_path": "items_list.item.title"
  }
},
{
  "model": "wagtail_localize.translationcontext",
  "pk": 47,
  "fields": {
    "object": "1dd0044c-456a-4bcf-a9b1-8f5478a7a1ba",
    "path_id": "f1691782-55aa-51e1-8f31-a16c3167940b",
    "path": "items_list.7075bcec-47df-44ec-8b43-13f352ba8187.image",
    "field_path": "items_list.item.image"
  }
},
{
  "model": "wagtail_localize.translationcontext",
  "pk": 48,
  "fields": {
    "object": "1dd0044c-456a-4bcf-a9b1-8f5478a7a1ba",
    "path_id": "b6ebff0f-42ce-5c40-9234-5383b7c8d59d",
    "path": "items_list.7075bcec-47df-44ec-8b43-13f352ba8187.item_types.ae0a9e4c-489a-404f-bf9b-e94a263eda83",
    "field_path": "items_list.item.item_types.item"
  }
},
{
  "model": "wagtail_localize.translationcontext",
  "pk": 49,
  "fields": {
    "object": "1dd0044c-456a-4bcf-a9b1-8f5478a7a1ba",
    "path_id": "c09d8a43-f1ed-51c3-b692-2085a94b530c",
    "path": "items_list.7075bcec-47df-44ec-8b43-13f352ba8187.finishings.c4ca6e17-4382-4009-82a8-d68f33a27ead",
    "field_path": "items_list.item.finishings.item"
  }
},
{
  "model": "wagtail_localize.translationcontext",
  "pk": 50,
  "fields": {
    "object": "1dd0044c-456a-4bcf-a9b1-8f5478a7a1ba",
    "path_id": "80365c41-6be7-5806-b779-d8a03edf635e",
    "path": "items_list.7075bcec-47df-44ec-8b43-13f352ba8187.model",
    "field_path": "items_list.item.model"
  }
},
{
  "model": "wagtail_localize.translationcontext",
  "pk": 51,
  "fields": {
    "object": "1dd0044c-456a-4bcf-a9b1-8f5478a7a1ba",
    "path_id": "a8f2aa15-2d2c-5373-8e93-113a37f44176",
    "path": "items_list.be23c3cf-9bb7-46f9-a5e4-b81ca3b9408a.title",
    "field_path": "items_list.item.title"
  }
},
{
  "model": "wagtail_localize.translationcontext",
  "pk": 52,
  "fields": {
    "object": "1dd0044c-456a-4bcf-a9b1-8f5478a7a1ba",
    "path_id": "f3e95ac2-d3ab-5c2f-ae4c-0ebdcb217475",
    "path": "items_list.be23c3cf-9bb7-46f9-a5e4-b81ca3b9408a.image",
    "field_path": "items_list.item.image"
  }
},
{
  "model": "wagtail_localize.translationcontext",
  "pk": 53,
  "fields": {
    "object": "1dd0044c-456a-4bcf-a9b1-8f5478a7a1ba",
    "path_id": "9af7052e-a637-5c9d-90e9-ee947d7456d9",
    "path": "items_list.be23c3cf-9bb7-46f9-a5e4-b81ca3b9408a.item_types.ae0a9e4c-489a-404f-bf9b-e94a263eda83",
    "field_path": "items_list.item.item_types.item"
  }
},
{
  "model": "wagtail_localize.translationcontext",
  "pk": 54,
  "fields": {
    "object": "1dd0044c-456a-4bcf-a9b1-8f5478a7a1ba",
    "path_id": "65a5e2c8-f548-561b-99eb-dbd8bae0387c",
    "path": "items_list.be23c3cf-9bb7-46f9-a5e4-b81ca3b9408a.finishings.c4ca6e17-4382-4009-82a8-d68f33a27ead",
    "field_path": "items_list.item.finishings.item"
  }
},
{
  "model": "wagtail_localize.translationcontext",
  "pk": 55,
  "fields": {
    "object": "1dd0044c-456a-4bcf-a9b1-8f5478a7a1ba",
    "path_id": "1861e377-f2f1-5f6d-bc7b-2f8cda156e8c",
    "path": "items_list.be23c3cf-9bb7-46f9-a5e4-b81ca3b9408a.model",
    "field_path": "items_list.item.model"
  }
},
{
  "model": "wagtail_localize.translationcontext",
  "pk": 56,
  "fields": {
    "object": "1dd0044c-456a-4bcf-a9b1-8f5478a7a1ba",
    "path_id": "e96a2be6-4e0d-5761-b52c-934593ddb8fa",
    "path": "items_list.f686b954-fd01-46be-8e2b-e92ab61f6b65.title",
    "field_path": "items_list.item.title"
  }
},
{
  "model": "wagtail_localize.translationcontext",
  "pk": 57,
  "fields": {
    "object": "1dd0044c-456a-4bcf-a9b1-8f5478a7a1ba",
    "path_id": "4aa1f570-87cf-5f0c-85e6-d5c772717fe4",
    "path": "items_list.f686b954-fd01-46be-8e2b-e92ab61f6b65.image",
    "field_path": "items_list.item.image"
  }
},
{
  "model": "wagtail_localize.translationcontext",
  "pk": 58,
  "fields": {
    "object": "1dd0044c-456a-4bcf-a9b1-8f5478a7a1ba",
    "path_id": "89fc8c2c-33e7-508a-a5ec-ffefaabab167",
    "path": "items_list.f686b954-fd01-46be-8e2b-e92ab61f6b65.item_types.ae0a9e4c-489a-404f-bf9b-e94a263eda83",
    "field_path": "items_list.item.item_types.item"
  }
},
{
  "model": "wagtail_localize.translationcontext",
  "pk": 59,
  "fields": {
    "object": "1dd0044c-456a-4bcf-a9b1-8f5478a7a1ba",
    "path_id": "259b9594-f8de-5dcc-b6a4-e824a11593c0",
    "path": "items_list.f686b954-fd01-46be-8e2b-e92ab61f6b65.finishings.c4ca6e17-4382-4009-82a8-d68f33a27ead",
    "field_path": "items_list.item.finishings.item"
  }
},
{
  "model": "wagtail_localize.translationcontext",
  "pk": 60,
  "fields": {
    "object": "1dd0044c-456a-4bcf-a9b1-8f5478a7a1ba",
    "path_id": "db279910-38cc-5161-9c67-f91a445161c3",
    "path": "items_list.f686b954-fd01-46be-8e2b-e92ab61f6b65.model",
    "field_path": "items_list.item.model"
  }
},
{
  "model": "wagtail_localize.translationcontext",
  "pk": 61,
  "fields": {
    "object": "1dd0044c-456a-4bcf-a9b1-8f5478a7a1ba",
    "path_id": "e393022e-375d-5b03-8399-f80feacdcc08",
    "path": "items_list.0ab2ec33-46f2-4927-85e3-5481188a7960.title",
    "field_path": "items_list.item.title"
  }
},
{
  "model": "wagtail_localize.translationcontext",
  "pk": 62,
  "fields": {
    "object": "1dd0044c-456a-4bcf-a9b1-8f5478a7a1ba",
    "path_id": "2573b3a9-e7d5-5354-a055-6409b23b78d5",
    "path": "items_list.0ab2ec33-46f2-4927-85e3-5481188a7960.image",
    "field_path": "items_list.item.image"
  }
},
{
  "model": "wagtail_localize.translationcontext",
  "pk": 63,
  "fields": {
    "object": "1dd0044c-456a-4bcf-a9b1-8f5478a7a1ba",
    "path_id": "b94de6c6-c03f-59bc-b97a-5126c16ef44f",
    "path": "items_list.0ab2ec33-46f2-4927-85e3-5481188a7960.item_types.ae0a9e4c-489a-404f-bf9b-e94a263eda83",
    "field_path": "items_list.item.item_types.item"
  }
},
{
  "model": "wagtail_localize.translationcontext",
  "pk": 64,
  "fields": {
    "object": "1dd0044c-456a-4bcf-a9b1-8f5478a7a1ba",
    "path_id": "e8dadfc1-168b-5213-90d4-0451204996bb",
    "path": "items_list.0ab2ec33-46f2-4927-85e3-5481188a7960.finishings.c4ca6e17-4382-4009-82a8-d68f33a27ead",
    "field_path": "items_list.item.finishings.item"
  }
},
{
  "model": "wagtail_localize.translationcontext",
  "pk": 65,
  "fields": {
    "object": "1dd0044c-456a-4bcf-a9b1-8f5478a7a1ba",
    "path_id": "4a144b8f-7833-54a4-9134-48bcf82aa009",
    "path": "items_list.0ab2ec33-46f2-4927-85e3-5481188a7960.model",
    "field_path": "items_list.item.model"
  }
},
{
  "model": "wagtail_localize.translationcontext",
  "pk": 66,
  "fields": {
    "object": "8556327e-9c12-4085-8283-02f4a9833eee",
    "path_id": "3d8fca97-d5b8-5883-9c26-360f58a67899",
    "path": "name",
    "field_path": "name"
  }
},
{
  "model": "wagtail_localize.translationcontext",
  "pk": 67,
  "fields": {
    "object": "44954eb0-1653-4888-84ad-6811b5d81da2",
    "path_id": "3d8fca97-d5b8-5883-9c26-360f58a67899",
    "path": "name",
    "field_path": "name"
  }
},
{
  "model": "wagtail_localize.translationcontext",
  "pk": 68,
  "fields": {
    "object": "256ed60f-cefa-44e3-ae15-0b054bf44567",
    "path_id": "3d8fca97-d5b8-5883-9c26-360f58a67899",
    "path": "name",
    "field_path": "name"
  }
},
{
  "model": "wagtail_localize.translationcontext",
  "pk": 69,
  "fields": {
    "object": "ca7dd4bb-4ad8-4e3d-a7ef-2f883c83cd12",
    "path_id": "3d8fca97-d5b8-5883-9c26-360f58a67899",
    "path": "name",
    "field_path": "name"
  }
},
{
  "model": "wagtail_localize.translationcontext",
  "pk": 70,
  "fields": {
    "object": "e635819d-4403-47d1-9d86-fbe60b1b8030",
    "path_id": "f749566c-8a06-5c72-89b8-682e4e49f74f",
    "path": "title",
    "field_path": "title"
  }
},
{
  "model": "wagtail_localize.translationcontext",
  "pk": 71,
  "fields": {
    "object": "e635819d-4403-47d1-9d86-fbe60b1b8030",
    "path_id": "d71ad27b-d7c2-5061-865d-752015b09e05",
    "path": "slug",
    "field_path": "slug"
  }
},
{
  "model": "wagtail_localize.stringsegment",
  "pk": 1,
  "fields": {
    "source": 1,
    "context": 1,
    "order": 1,
    "string": 1,
    "attrs": "null"
  }
},
{
  "model": "wagtail_localize.stringsegment",
  "pk": 2,
  "fields": {
    "source": 1,
    "context": 2,
    "order": 2,
    "string": 2,
    "attrs": "null"
  }
},
{
  "model": "wagtail_localize.stringsegment",
  "pk": 3,
  "fields": {
    "source": 1,
    "context": 3,
    "order": 3,
    "string": 3,
    "attrs": "null"
  }
},
{
  "model": "wagtail_localize.stringsegment",
  "pk": 4,
  "fields": {
    "source": 1,
    "context": 4,
    "order": 4,
    "string": 4,
    "attrs": "null"
  }
},
{
  "model": "wagtail_localize.stringsegment",
  "pk": 5,
  "fields": {
    "source": 1,
    "context": 5,
    "order": 5,
    "string": 5,
    "attrs": "null"
  }
},
{
  "model": "wagtail_localize.stringsegment",
  "pk": 6,
  "fields": {
    "source": 1,
    "context": 11,
    "order": 11,
    "string": 6,
    "attrs": "null"
  }
},
{
  "model": "wagtail_localize.stringsegment",
  "pk": 7,
  "fields": {
    "source": 1,
    "context": 18,
    "order": 18,
    "string": 7,
    "attrs": "null"
  }
},
{
  "model": "wagtail_localize.stringsegment",
  "pk": 8,
  "fields": {
    "source": 1,
    "context": 26,
    "order": 26,
    "string": 8,
    "attrs": "null"
  }
},
{
  "model": "wagtail_localize.stringsegment",
  "pk": 9,
  "fields": {
    "source": 2,
    "context": 33,
    "order": 1,
    "string": 9,
    "attrs": "null"
  }
},
{
  "model": "wagtail_localize.stringsegment",
  "pk": 10,
  "fields": {
    "source": 3,
    "context": 34,
    "order": 1,
    "string": 10,
    "attrs": "null"
  }
},
{
  "model": "wagtail_localize.stringsegment",
  "pk": 11,
  "fields": {
    "source": 4,
    "context": 35,
    "order": 1,
    "string": 11,
    "attrs": "null"
  }
},
{
  "model": "wagtail_localize.stringsegment",
  "pk": 12,
  "fields": {
    "source": 5,
    "context": 36,
    "order": 1,
    "string": 12,
    "attrs": "null"
  }
},
{
  "model": "wagtail_localize.stringsegment",
  "pk": 13,
  "fields": {
    "source": 6,
    "context": 37,
    "order": 1,
    "string": 13,
    "attrs": "null"
  }
},
{
  "model": "wagtail_localize.stringsegment",
  "pk": 14,
  "fields": {
    "source": 7,
    "context": 38,
    "order": 1,
    "string": 14,
    "attrs": "null"
  }
},
{
  "model": "wagtail_localize.stringsegment",
  "pk": 15,
  "fields": {
    "source": 8,
    "context": 39,
    "order": 1,
    "string": 15,
    "attrs": "null"
  }
},
{
  "model": "wagtail_localize.stringsegment",
  "pk": 16,
  "fields": {
    "source": 9,
    "context": 40,
    "order": 1,
    "string": 16,
    "attrs": "null"
  }
},
{
  "model": "wagtail_localize.stringsegment",
  "pk": 17,
  "fields": {
    "source": 10,
    "context": 41,
    "order": 1,
    "string": 17,
    "attrs": "null"
  }
},
{
  "model": "wagtail_localize.stringsegment",
  "pk": 18,
  "fields": {
    "source": 11,
    "context": 42,
    "order": 1,
    "string": 18,
    "attrs": "null"
  }
},
{
  "model": "wagtail_localize.stringsegment",
  "pk": 19,
  "fields": {
    "source": 12,
    "context": 43,
    "order": 1,
    "string": 19,
    "attrs": "null"
  }
},
{
  "model": "wagtail_localize.stringsegment",
  "pk": 20,
  "fields": {
    "source": 12,
    "context": 44,
    "order": 2,
    "string": 20,
    "attrs": "null"
  }
},
{
  "model": "wagtail_localize.stringsegment",
  "pk": 21,
  "fields": {
    "source": 12,
    "context": 45,
    "order": 3,
    "string": 21,
    "attrs": "null"
  }
},
{
  "model": "wagtail_localize.stringsegment",
  "pk": 22,
  "fields": {
    "source": 12,
    "context": 46,
    "order": 4,
    "string": 22,
    "attrs": "null"
  }
},
{
  "model": "wagtail_localize.stringsegment",
  "pk": 23,
  "fields": {
    "source": 12,
    "context": 51,
    "order": 9,
    "string": 23,
    "attrs": "null"
  }
},
{
  "model": "wagtail_localize.stringsegment",
  "pk": 24,
  "fields": {
    "source": 12,
    "context": 56,
    "order": 14,
    "string": 24,
    "attrs": "null"
  }
},
{
  "model": "wagtail_localize.stringsegment",
  "pk": 25,
  "fields": {
    "source": 12,
    "context": 61,
    "order": 19,
    "string": 25,
    "attrs": "null"
  }
},
{
  "model": "wagtail_localize.stringsegment",
  "pk": 26,
  "fields": {
    "source": 13,
    "context": 66,
    "order": 1,
    "string": 26,
    "attrs": "null"
  }
},
{
  "model": "wagtail_localize.stringsegment",
  "pk": 27,
  "fields": {
    "source": 14,
    "context": 67,
    "order": 1,
    "string": 27,
    "attrs": "null"
  }
},
{
  "model": "wagtail_localize.stringsegment",
  "pk": 28,
  "fields": {
    "source": 15,
    "context": 68,
    "order": 1,
    "string": 28,
    "attrs": "null"
  }
},
{
  "model": "wagtail_localize.stringsegment",
  "pk": 29,
  "fields": {
    "source": 16,
    "context": 69,
    "order": 1,
    "string": 29,
    "attrs": "null"
  }
},
{
  "model": "wagtail_localize.stringsegment",
  "pk": 30,
  "fields": {
    "source": 17,
    "context": 70,
    "order": 1,
    "string": 30,
    "attrs": "null"
  }
},
{
  "model": "wagtail_localize.stringsegment",
  "pk": 31,
  "fields": {
    "source": 17,
    "context": 71,
    "order": 2,
    "string": 31,
    "attrs": "null"
  }
},
{
  "model": "wagtail_localize.relatedobjectsegment",
  "pk": 1,
  "fields": {
    "source": 1,
    "context": 7,
    "order": 7,
    "object": "ba7bf0ee-acf6-44ac-bf24-5577defde833"
  }
},
{
  "model": "wagtail_localize.relatedobjectsegment",
  "pk": 2,
  "fields": {
    "source": 1,
    "context": 8,
    "order": 8,
    "object": "54c9124c-6987-4e00-9db4-3c43cb71144e"
  }
},
{
  "model": "wagtail_localize.relatedobjectsegment",
  "pk": 3,
  "fields": {
    "source": 1,
    "context": 9,
    "order": 9,
    "object": "c37e948a-8931-4e38-b0d2-d43988c1e222"
  }
},
{
  "model": "wagtail_localize.relatedobjectsegment",
  "pk": 4,
  "fields": {
    "source": 1,
    "context": 10,
    "order": 10,
    "object": "60b9e117-9ecc-4517-8690-91fe44135ebf"
  }
},
{
  "model": "wagtail_localize.relatedobjectsegment",
  "pk": 5,
  "fields": {
    "source": 1,
    "context": 13,
    "order": 13,
    "object": "ba7bf0ee-acf6-44ac-bf24-5577defde833"
  }
},
{
  "model": "wagtail_localize.relatedobjectsegment",
  "pk": 6,
  "fields": {
    "source": 1,
    "context": 14,
    "order": 14,
    "object": "54c9124c-6987-4e00-9db4-3c43cb71144e"
  }
},
{
  "model": "wagtail_localize.relatedobjectsegment",
  "pk": 7,
  "fields": {
    "source": 1,
    "context": 15,
    "order": 15,
    "object": "c37e948a-8931-4e38-b0d2-d43988c1e222"
  }
},
{
  "model": "wagtail_localize.relatedobjectsegment",
  "pk": 8,
  "fields": {
    "source": 1,
    "context": 16,
    "order": 16,
    "object": "91de3edc-0f02-4f84-a827-00fb783bb8f1"
  }
},
{
  "model": "wagtail_localize.relatedobjectsegment",
  "pk": 9,
  "fields": {
    "source": 1,
    "context": 17,
    "order": 17,
    "object": "60b9e117-9ecc-4517-8690-91fe44135ebf"
  }
},
{
  "model": "wagtail_localize.relatedobjectsegment",
  "pk": 10,
  "fields": {
    "source": 1,
    "context": 20,
    "order": 20,
    "object": "ba7bf0ee-acf6-44ac-bf24-5577defde833"
  }
},
{
  "model": "wagtail_localize.relatedobjectsegment",
  "pk": 11,
  "fields": {
    "source": 1,
    "context": 21,
    "order": 21,
    "object": "54c9124c-6987-4e00-9db4-3c43cb71144e"
  }
},
{
  "model": "wagtail_localize.relatedobjectsegment",
  "pk": 12,
  "fields": {
    "source": 1,
    "context": 22,
    "order": 22,
    "object": "5b3a345a-cd7e-4d62-82a0-35a4675bc210"
  }
},
{
  "model": "wagtail_localize.relatedobjectsegment",
  "pk": 13,
  "fields": {
    "source": 1,
    "context": 23,
    "order": 23,
    "object": "42580a1a-ae80-4fa3-a71f-b922063ce423"
  }
},
{
  "model": "wagtail_localize.relatedobjectsegment",
  "pk": 14,
  "fields": {
    "source": 1,
    "context": 24,
    "order": 24,
    "object": "51cb781f-c7fe-45f9-bb72-8a847c2f6b37"
  }
},
{
  "model": "wagtail_localize.relatedobjectsegment",
  "pk": 15,
  "fields": {
    "source": 1,
    "context": 25,
    "order": 25,
    "object": "6598cc02-2ca9-448e-a2ec-bbcee1e124f6"
  }
},
{
  "model": "wagtail_localize.relatedobjectsegment",
  "pk": 16,
  "fields": {
    "source": 1,
    "context": 28,
    "order": 28,
    "object": "ba7bf0ee-acf6-44ac-bf24-5577defde833"
  }
},
{
  "model": "wagtail_localize.relatedobjectsegment",
  "pk": 17,
  "fields": {
    "source": 1,
    "context": 29,
    "order": 29,
    "object": "54c9124c-6987-4e00-9db4-3c43cb71144e"
  }
},
{
  "model": "wagtail_localize.relatedobjectsegment",
  "pk": 18,
  "fields": {
    "source": 1,
    "context": 30,
    "order": 30,
    "object": "42580a1a-ae80-4fa3-a71f-b922063ce423"
  }
},
{
  "model": "wagtail_localize.relatedobjectsegment",
  "pk": 19,
  "fields": {
    "source": 1,
    "context": 31,
    "order": 31,
    "object": "51cb781f-c7fe-45f9-bb72-8a847c2f6b37"
  }
},
{
  "model": "wagtail_localize.relatedobjectsegment",
  "pk": 20,
  "fields": {
    "source": 1,
    "context": 32,
    "order": 32,
    "object": "6598cc02-2ca9-448e-a2ec-bbcee1e124f6"
  }
},
{
  "model": "wagtail_localize.relatedobjectsegment",
  "pk": 21,
  "fields": {
    "source": 12,
    "context": 48,
    "order": 6,
    "object": "ba7bf0ee-acf6-44ac-bf24-5577defde833"
  }
},
{
  "model": "wagtail_localize.relatedobjectsegment",
  "pk": 22,
  "fields": {
    "source": 12,
    "context": 49,
    "order": 7,
    "object": "54c9124c-6987-4e00-9db4-3c43cb71144e"
  }
},
{
  "model": "wagtail_localize.relatedobjectsegment",
  "pk": 23,
  "fields": {
    "source": 12,
    "context": 50,
    "order": 8,
    "object": "8556327e-9c12-4085-8283-02f4a9833eee"
  }
},
{
  "model": "wagtail_localize.relatedobjectsegment",
  "pk": 24,
  "fields": {
    "source": 12,
    "context": 53,
    "order": 11,
    "object": "ba7bf0ee-acf6-44ac-bf24-5577defde833"
  }
},
{
  "model": "wagtail_localize.relatedobjectsegment",
  "pk": 25,
  "fields": {
    "source": 12,
    "context": 54,
    "order": 12,
    "object": "c37e948a-8931-4e38-b0d2-d43988c1e222"
  }
},
{
  "model": "wagtail_localize.relatedobjectsegment",
  "pk": 26,
  "fields": {
    "source": 12,
    "context": 55,
    "order": 13,
    "object": "44954eb0-1653-4888-84ad-6811b5d81da2"
  }
},
{
  "model": "wagtail_localize.relatedobjectsegment",
  "pk": 27,
  "fields": {
    "source": 12,
    "context": 58,
    "order": 16,
    "object": "ba7bf0ee-acf6-44ac-bf24-5577defde833"
  }
},
{
  "model": "wagtail_localize.relatedobjectsegment",
  "pk": 28,
  "fields": {
    "source": 12,
    "context": 59,
    "order": 17,
    "object": "91de3edc-0f02-4f84-a827-00fb783bb8f1"
  }
},
{
  "model": "wagtail_localize.relatedobjectsegment",
  "pk": 29,
  "fields": {
    "source": 12,
    "context": 60,
    "order": 18,
    "object": "256ed60f-cefa-44e3-ae15-0b054bf44567"
  }
},
{
  "model": "wagtail_localize.relatedobjectsegment",
  "pk": 30,
  "fields": {
    "source": 12,
    "context": 63,
    "order": 21,
    "object": "6cf7d6be-26cf-497b-bf62-8165508517bc"
  }
},
{
  "model": "wagtail_localize.relatedobjectsegment",
  "pk": 31,
  "fields": {
    "source": 12,
    "context": 64,
    "order": 22,
    "object": "5b3a345a-cd7e-4d62-82a0-35a4675bc210"
  }
},
{
  "model": "wagtail_localize.relatedobjectsegment",
  "pk": 32,
  "fields": {
    "source": 12,
    "context": 65,
    "order": 23,
    "object": "ca7dd4bb-4ad8-4e3d-a7ef-2f883c83cd12"
  }
},
{
  "model": "wagtail_localize.overridablesegment",
  "pk": 1,
  "fields": {
    "source": 1,
    "context": 6,
    "order": 6,
    "data_json": "1"
  }
},
{
  "model": "wagtail_localize.overridablesegment",
  "pk": 2,
  "fields": {
    "source": 1,
    "context": 12,
    "order": 12,
    "data_json": "2"
  }
},
{
  "model": "wagtail_localize.overridablesegment",
  "pk": 3,
  "fields": {
    "source": 1,
    "context": 19,
    "order": 19,
    "data_json": "3"
  }
},
{
  "model": "wagtail_localize.overridablesegment",
  "pk": 4,
  "fields": {
    "source": 1,
    "context": 27,
    "order": 27,
    "data_json": "4"
  }
},
{
  "model": "wagtail_localize.overridablesegment",
  "pk": 5,
  "fields": {
    "source": 12,
    "context": 47,
    "order": 5,
    "data_json": "7"
  }
},
{
  "model": "wagtail_localize.overridablesegment",
  "pk": 6,
  "fields": {
    "source": 12,
    "context": 52,
    "order": 10,
    "data_json": "8"
  }
},
{
  "model": "wagtail_localize.overridablesegment",
  "pk": 7,
  "fields": {
    "source": 12,
    "context": 57,
    "order": 15,
    "data_json": "9"
  }
},
{
  "model": "wagtail_localize.overridablesegment",
  "pk": 8,
  "fields": {
    "source": 12,
    "context": 62,
    "order": 20,
    "data_json": "10"
  }
},
{
  "model": "wagtail_localize.localesynchronization",
  "pk": 1,
  "fields": {
    "locale": 2,
    "sync_from": 1
  }
},
{
  "model": "wagtailsearch.indexentry",
  "pk": 1,
  "fields": {
    "content_type": [
      "wagtailcore",
      "page"
    ],
    "object_id": "1",
    "title_norm": 1.5,
    "autocomplete": "'root':1",
    "title": "'root':1B",
    "body": ""
  }
},
{
  "model": "wagtailsearch.indexentry",
  "pk": 2,
  "fields": {
    "content_type": [
      "cms_site",
      "homepage"
    ],
    "object_id": "2",
    "title_norm": 1.2272727272727273,
    "autocomplete": "'home':1 'page':2",
    "title": "'home':1B 'page':2B",
    "body": ""
  }
},
{
  "model": "wagtailsearch.indexentry",
  "pk": 3,
  "fields": {
    "content_type": [
      "wagtailimages",
      "image"
    ],
    "object_id": "1",
    "title_norm": 0.75,
    "autocomplete": "'area':1 'mn1':2",
    "title": "'area':1A 'mn1':2A",
    "body": ""
  }
},
{
  "model": "wagtailsearch.indexentry",
  "pk": 5,
  "fields": {
    "content_type": [
      "wagtailimages",
      "image"
    ],
    "object_id": "2",
    "title_norm": 0.6666666666666666,
    "autocomplete": "'2':3 'area':1 'mn1':2",
    "title": "'2':3A 'area':1A 'mn1':2A",
    "body": ""
  }
},
{
  "model": "wagtailsearch.indexentry",
  "pk": 7,
  "fields": {
    "content_type": [
      "wagtailimages",
      "image"
    ],
    "object_id": "3",
    "title_norm": 1.1,
    "autocomplete": "'area':1 'mn2':2",
    "title": "'area':1A 'mn2':2A",
    "body": ""
  }
},
{
  "model": "wagtailsearch.indexentry",
  "pk": 9,
  "fields": {
    "content_type": [
      "wagtailimages",
      "image"
    ],
    "object_id": "4",
    "title_norm": 0.7333333333333333,
    "autocomplete": "'2':3 'area':1 'mn2':2",
    "title": "'2':3A 'area':1A 'mn2':2A",
    "body": ""
  }
},
{
  "model": "wagtailsearch.indexentry",
  "pk": 11,
  "fields": {
    "content_type": [
      "cms_site",
      "collection"
    ],
    "object_id": "3",
    "title_norm": 0.625,
    "autocomplete": "'col':2 'lecció':3 'nova':1 'àrea':4",
    "title": "'col':2B 'lecció':3B 'nova':1B 'àrea':4B",
    "body": ""
  }
},
{
  "model": "wagtailsearch.indexentry",
  "pk": 16,
  "fields": {
    "content_type": [
      "cms_site",
      "homepage"
    ],
    "object_id": "4",
    "title_norm": 1.1764705882352942,
    "autocomplete": "'home':1 'page':2",
    "title": "'home':1B 'page':2B",
    "body": ""
  }
},
{
  "model": "wagtailsearch.indexentry",
  "pk": 17,
  "fields": {
    "content_type": [
      "cms_site",
      "collection"
    ],
    "object_id": "5",
    "title_norm": 0.7843137254901961,
    "autocomplete": "'colección':2 'nueva':1 'área':3",
    "title": "'colección':2B 'nueva':1B 'área':3B",
    "body": ""
  }
},
{
  "model": "wagtailsearch.indexentry",
  "pk": 29,
  "fields": {
    "content_type": [
      "wagtailimages",
      "image"
    ],
    "object_id": "5",
    "title_norm": 1.222222222222222,
    "autocomplete": "'llit':1 'portada':2",
    "title": "'llit':1A 'portada':2A",
    "body": ""
  }
},
{
  "model": "wagtailsearch.indexentry",
  "pk": 31,
  "fields": {
    "content_type": [
      "wagtailimages",
      "image"
    ],
    "object_id": "6",
    "title_norm": 0.8333333333333334,
    "autocomplete": "'1':3 'collection':2 'home':1",
    "title": "'1':3A 'collect':2A 'home':1A",
    "body": ""
  }
},
{
  "model": "wagtailsearch.indexentry",
  "pk": 34,
  "fields": {
    "content_type": [
      "wagtailimages",
      "image"
    ],
    "object_id": "7",
    "title_norm": 1.2083333333333333,
    "autocomplete": "'1':2 'nordic':1",
    "title": "'1':2A 'nordic':1A",
    "body": ""
  }
},
{
  "model": "wagtailsearch.indexentry",
  "pk": 36,
  "fields": {
    "content_type": [
      "wagtailimages",
      "image"
    ],
    "object_id": "8",
    "title_norm": 1.1923076923076923,
    "autocomplete": "'2':2 'nordic':1",
    "title": "'2':2A 'nordic':1A",
    "body": ""
  }
},
{
  "model": "wagtailsearch.indexentry",
  "pk": 38,
  "fields": {
    "content_type": [
      "wagtailimages",
      "image"
    ],
    "object_id": "9",
    "title_norm": 1.1785714285714286,
    "autocomplete": "'3':2 'nordic':1",
    "title": "'3':2A 'nordic':1A",
    "body": ""
  }
},
{
  "model": "wagtailsearch.indexentry",
  "pk": 40,
  "fields": {
    "content_type": [
      "wagtailimages",
      "image"
    ],
    "object_id": "10",
    "title_norm": 1.1666666666666667,
    "autocomplete": "'3':2 'nordic':1",
    "title": "'3':2A 'nordic':1A",
    "body": ""
  }
},
{
  "model": "wagtailsearch.indexentry",
  "pk": 42,
  "fields": {
    "content_type": [
      "cms_site",
      "collection"
    ],
    "object_id": "6",
    "title_norm": 0.7916666666666666,
    "autocomplete": "'col':1 'lecció':2 'nordic':3",
    "title": "'col':1B 'lecció':2B 'nordic':3B",
    "body": ""
  }
},
{
  "model": "wagtailsearch.indexentry",
  "pk": 45,
  "fields": {
    "content_type": [
      "cms_site",
      "collection"
    ],
    "object_id": "7",
    "title_norm": 1.1764705882352942,
    "autocomplete": "'colección':1 'nordic':2",
    "title": "'colección':1B 'nordic':2B",
    "body": ""
  }
},
{
  "model": "wagtailcore.locale",
  "pk": 1,
  "fields": {
    "language_code": "ca"
  }
},
{
  "model": "wagtailcore.locale",
  "pk": 2,
  "fields": {
    "language_code": "es"
  }
},
{
  "model": "wagtailcore.site",
  "pk": 1,
  "fields": {
    "hostname": "localhost",
    "port": 80,
    "site_name": "",
    "root_page": 2,
    "is_default_site": true
  }
},
{
  "model": "wagtailcore.collection",
  "pk": 1,
  "fields": {
    "path": "0001",
    "depth": 1,
    "numchild": 0,
    "name": "Root"
  }
},
{
  "model": "wagtailcore.workflowpage",
  "pk": 1,
  "fields": {
    "workflow": 1
  }
},
{
  "model": "wagtailcore.workflowtask",
  "pk": 1,
  "fields": {
    "sort_order": 0,
    "workflow": 1,
    "task": 1
  }
},
{
  "model": "wagtailcore.task",
  "pk": 1,
  "fields": {
    "name": "Moderators approval",
    "content_type": [
      "wagtailcore",
      "groupapprovaltask"
    ],
    "active": true
  }
},
{
  "model": "wagtailcore.workflow",
  "pk": 1,
  "fields": {
    "name": "Moderators approval",
    "active": true
  }
},
{
  "model": "cms_site.collectionitemtype",
  "pk": 1,
  "fields": {
    "translation_key": "ba7bf0ee-acf6-44ac-bf24-5577defde833",
    "locale": 1,
    "name": "Menjador"
  }
},
{
  "model": "cms_site.collectionitemtype",
  "pk": 2,
  "fields": {
    "translation_key": "6cf7d6be-26cf-497b-bf62-8165508517bc",
    "locale": 1,
    "name": "Dormitori"
  }
},
{
  "model": "cms_site.collectionitemtype",
  "pk": 3,
  "fields": {
    "translation_key": "ba7bf0ee-acf6-44ac-bf24-5577defde833",
    "locale": 2,
    "name": "Comedor"
  }
},
{
  "model": "cms_site.collectionitemtype",
  "pk": 4,
  "fields": {
    "translation_key": "6cf7d6be-26cf-497b-bf62-8165508517bc",
    "locale": 2,
    "name": "Dormitorio"
  }
},
{
  "model": "cms_site.collectionitemfinishing",
  "pk": 1,
  "fields": {
    "translation_key": "54c9124c-6987-4e00-9db4-3c43cb71144e",
    "locale": 1,
    "name": "Roure 0"
  }
},
{
  "model": "cms_site.collectionitemfinishing",
  "pk": 2,
  "fields": {
    "translation_key": "c37e948a-8931-4e38-b0d2-d43988c1e222",
    "locale": 1,
    "name": "Roure 30"
  }
},
{
  "model": "cms_site.collectionitemfinishing",
  "pk": 3,
  "fields": {
    "translation_key": "91de3edc-0f02-4f84-a827-00fb783bb8f1",
    "locale": 1,
    "name": "Roure 60"
  }
},
{
  "model": "cms_site.collectionitemfinishing",
  "pk": 4,
  "fields": {
    "translation_key": "5b3a345a-cd7e-4d62-82a0-35a4675bc210",
    "locale": 1,
    "name": "Blanc pur"
  }
},
{
  "model": "cms_site.collectionitemfinishing",
  "pk": 5,
  "fields": {
    "translation_key": "42580a1a-ae80-4fa3-a71f-b922063ce423",
    "locale": 1,
    "name": "Blau fosc"
  }
},
{
  "model": "cms_site.collectionitemfinishing",
  "pk": 6,
  "fields": {
    "translation_key": "51cb781f-c7fe-45f9-bb72-8a847c2f6b37",
    "locale": 1,
    "name": "Vermell cirera"
  }
},
{
  "model": "cms_site.collectionitemfinishing",
  "pk": 7,
  "fields": {
    "translation_key": "54c9124c-6987-4e00-9db4-3c43cb71144e",
    "locale": 2,
    "name": "Roble 0"
  }
},
{
  "model": "cms_site.collectionitemfinishing",
  "pk": 8,
  "fields": {
    "translation_key": "c37e948a-8931-4e38-b0d2-d43988c1e222",
    "locale": 2,
    "name": "Roble 30"
  }
},
{
  "model": "cms_site.collectionitemfinishing",
  "pk": 9,
  "fields": {
    "translation_key": "91de3edc-0f02-4f84-a827-00fb783bb8f1",
    "locale": 2,
    "name": "Roble 60"
  }
},
{
  "model": "cms_site.collectionitemfinishing",
  "pk": 10,
  "fields": {
    "translation_key": "5b3a345a-cd7e-4d62-82a0-35a4675bc210",
    "locale": 2,
    "name": "Blanco puro"
  }
},
{
  "model": "cms_site.collectionitemfinishing",
  "pk": 11,
  "fields": {
    "translation_key": "42580a1a-ae80-4fa3-a71f-b922063ce423",
    "locale": 2,
    "name": "Azul oscuro"
  }
},
{
  "model": "cms_site.collectionitemfinishing",
  "pk": 12,
  "fields": {
    "translation_key": "51cb781f-c7fe-45f9-bb72-8a847c2f6b37",
    "locale": 2,
    "name": "Rojo Cereza"
  }
},
{
  "model": "cms_site.collectionitemmodel",
  "pk": 1,
  "fields": {
    "translation_key": "60b9e117-9ecc-4517-8690-91fe44135ebf",
    "locale": 1,
    "name": "MN1"
  }
},
{
  "model": "cms_site.collectionitemmodel",
  "pk": 2,
  "fields": {
    "translation_key": "6598cc02-2ca9-448e-a2ec-bbcee1e124f6",
    "locale": 1,
    "name": "MN2"
  }
},
{
  "model": "cms_site.collectionitemmodel",
  "pk": 3,
  "fields": {
    "translation_key": "59296027-3ed7-4409-a11d-c0cac7efc719",
    "locale": 1,
    "name": "MN3"
  }
},
{
  "model": "cms_site.collectionitemmodel",
  "pk": 4,
  "fields": {
    "translation_key": "60b9e117-9ecc-4517-8690-91fe44135ebf",
    "locale": 2,
    "name": "MN1"
  }
},
{
  "model": "cms_site.collectionitemmodel",
  "pk": 5,
  "fields": {
    "translation_key": "6598cc02-2ca9-448e-a2ec-bbcee1e124f6",
    "locale": 2,
    "name": "MN2"
  }
},
{
  "model": "cms_site.collectionitemmodel",
  "pk": 6,
  "fields": {
    "translation_key": "8556327e-9c12-4085-8283-02f4a9833eee",
    "locale": 1,
    "name": "Jörn"
  }
},
{
  "model": "cms_site.collectionitemmodel",
  "pk": 7,
  "fields": {
    "translation_key": "44954eb0-1653-4888-84ad-6811b5d81da2",
    "locale": 1,
    "name": "Dora"
  }
},
{
  "model": "cms_site.collectionitemmodel",
  "pk": 8,
  "fields": {
    "translation_key": "7671fe58-2839-4627-90d6-5a5bcda7dac9",
    "locale": 1,
    "name": "Brei"
  }
},
{
  "model": "cms_site.collectionitemmodel",
  "pk": 9,
  "fields": {
    "translation_key": "256ed60f-cefa-44e3-ae15-0b054bf44567",
    "locale": 1,
    "name": "Sovik"
  }
},
{
  "model": "cms_site.collectionitemmodel",
  "pk": 10,
  "fields": {
    "translation_key": "ca7dd4bb-4ad8-4e3d-a7ef-2f883c83cd12",
    "locale": 1,
    "name": "Brevik"
  }
},
{
  "model": "cms_site.collectionitemmodel",
  "pk": 11,
  "fields": {
    "translation_key": "8556327e-9c12-4085-8283-02f4a9833eee",
    "locale": 2,
    "name": "Jörn"
  }
},
{
  "model": "cms_site.collectionitemmodel",
  "pk": 12,
  "fields": {
    "translation_key": "44954eb0-1653-4888-84ad-6811b5d81da2",
    "locale": 2,
    "name": "Dora"
  }
},
{
  "model": "cms_site.collectionitemmodel",
  "pk": 13,
  "fields": {
    "translation_key": "256ed60f-cefa-44e3-ae15-0b054bf44567",
    "locale": 2,
    "name": "Sovik"
  }
},
{
  "model": "cms_site.collectionitemmodel",
  "pk": 14,
  "fields": {
    "translation_key": "ca7dd4bb-4ad8-4e3d-a7ef-2f883c83cd12",
    "locale": 2,
    "name": "Brevik"
  }
},
{
  "model": "cms_site.socialmediaiconssettings",
  "pk": 1,
  "fields": {
    "site": [
      "localhost",
      80
    ],
    "facebook": "https://www.facebook.com/moblesciurans",
    "youtube": "http://www.youtube.com/user/ciuransmobles",
    "instagram": "https://www.instagram.com/moblesciurans",
    "vimeo": "https://vimeo.com/moblesciurans"
  }
},
{
  "model": "cms_site.contactdetailssettings",
  "pk": 1,
  "fields": {
    "site": [
      "localhost",
      80
    ],
    "email": "info@moblesciurans.com",
    "address": "C/ Priora Xixilona, 14<br>\n        08530 La Garriga<br>\n        Barcelona",
    "phone": "93 871 80 07"
  }
},
{
  "model": "auth.group",
  "pk": 1,
  "fields": {
    "name": "Moderators",
    "permissions": [
      [
        "access_admin",
        "wagtailadmin",
        "admin"
      ],
      [
        "add_document",
        "wagtaildocs",
        "document"
      ],
      [
        "change_document",
        "wagtaildocs",
        "document"
      ],
      [
        "delete_document",
        "wagtaildocs",
        "document"
      ],
      [
        "add_image",
        "wagtailimages",
        "image"
      ],
      [
        "change_image",
        "wagtailimages",
        "image"
      ],
      [
        "delete_image",
        "wagtailimages",
        "image"
      ],
      [
        "submit_translation",
        "wagtail_localize",
        "translation"
      ]
    ]
  }
},
{
  "model": "auth.group",
  "pk": 2,
  "fields": {
    "name": "Editors",
    "permissions": [
      [
        "access_admin",
        "wagtailadmin",
        "admin"
      ],
      [
        "add_document",
        "wagtaildocs",
        "document"
      ],
      [
        "change_document",
        "wagtaildocs",
        "document"
      ],
      [
        "delete_document",
        "wagtaildocs",
        "document"
      ],
      [
        "add_image",
        "wagtailimages",
        "image"
      ],
      [
        "change_image",
        "wagtailimages",
        "image"
      ],
      [
        "delete_image",
        "wagtailimages",
        "image"
      ],
      [
        "submit_translation",
        "wagtail_localize",
        "translation"
      ]
    ]
  }
},
{
  "model": "users.user",
  "pk": 1,
  "fields": {
    "password": "pbkdf2_sha256$320000$LjnRXVLlAkM2w1wuDXX9Ld$M8+lo3637+qx5QoQYCjaSCRHS0RmxhPFX7Ph7mMyKB8=",
    "last_login": "2022-08-10T10:54:39.200Z",
    "is_superuser": true,
    "email": "hola@codi.coop",
    "is_active": true,
    "is_staff": true,
    "groups": [],
    "user_permissions": []
  }
},
{
  "model": "wagtailcore.pagesubscription",
  "pk": 1,
  "fields": {
    "user": [
      "hola@codi.coop"
    ],
    "page": 3,
    "comment_notifications": true
  }
},
{
  "model": "wagtailcore.pagesubscription",
  "pk": 2,
  "fields": {
    "user": [
      "hola@codi.coop"
    ],
    "page": 2,
    "comment_notifications": false
  }
},
{
  "model": "wagtailcore.pagesubscription",
  "pk": 3,
  "fields": {
    "user": [
      "hola@codi.coop"
    ],
    "page": 6,
    "comment_notifications": true
  }
},
{
  "model": "wagtailcore.pagelogentry",
  "pk": 1,
  "fields": {
    "content_type": [
      "cms_site",
      "collection"
    ],
    "label": "Nova col·lecció Àrea",
    "action": "wagtail.create",
    "data": {},
    "timestamp": "2022-08-10T11:00:38.089Z",
    "uuid": "1ed2de71-42d3-4a2f-95b4-41518ea38fe1",
    "user": [
      "hola@codi.coop"
    ],
    "content_changed": true,
    "deleted": false,
    "page": 3,
    "revision": null
  }
},
{
  "model": "wagtailcore.pagelogentry",
  "pk": 2,
  "fields": {
    "content_type": [
      "cms_site",
      "collection"
    ],
    "label": "Nova col·lecció Àrea",
    "action": "wagtail.publish",
    "data": {},
    "timestamp": "2022-08-10T11:00:38.142Z",
    "uuid": "1ed2de71-42d3-4a2f-95b4-41518ea38fe1",
    "user": [
      "hola@codi.coop"
    ],
    "content_changed": true,
    "deleted": false,
    "page": 3,
    "revision": 1
  }
},
{
  "model": "wagtailcore.pagelogentry",
  "pk": 3,
  "fields": {
    "content_type": [
      "cms_site",
      "collection"
    ],
    "label": "Nova col·lecció Àrea",
    "action": "wagtail.edit",
    "data": {},
    "timestamp": "2022-08-10T11:00:59.855Z",
    "uuid": "6376f8ff-9ead-4c8c-96ab-118df87e73fe",
    "user": [
      "hola@codi.coop"
    ],
    "content_changed": true,
    "deleted": false,
    "page": 3,
    "revision": 2
  }
},
{
  "model": "wagtailcore.pagelogentry",
  "pk": 4,
  "fields": {
    "content_type": [
      "cms_site",
      "collection"
    ],
    "label": "Nova col·lecció Àrea",
    "action": "wagtail.publish",
    "data": {},
    "timestamp": "2022-08-10T11:00:59.914Z",
    "uuid": "6376f8ff-9ead-4c8c-96ab-118df87e73fe",
    "user": [
      "hola@codi.coop"
    ],
    "content_changed": true,
    "deleted": false,
    "page": 3,
    "revision": 2
  }
},
{
  "model": "wagtailcore.pagelogentry",
  "pk": 5,
  "fields": {
    "content_type": [
      "cms_site",
      "homepage"
    ],
    "label": "Home Page",
    "action": "wagtail.create",
    "data": {},
    "timestamp": "2022-08-10T12:19:14.917Z",
    "uuid": "86dcd246-6d49-4869-bf19-5a09c83ef5a7",
    "user": [
      "hola@codi.coop"
    ],
    "content_changed": true,
    "deleted": false,
    "page": 4,
    "revision": null
  }
},
{
  "model": "wagtailcore.pagelogentry",
  "pk": 6,
  "fields": {
    "content_type": [
      "cms_site",
      "homepage"
    ],
    "label": "Home Page",
    "action": "wagtail.create_alias",
    "data": {
      "page": {
        "id": 4,
        "title": "Home Page"
      },
      "source": {
        "id": 1,
        "title": "Root"
      },
      "destination": {
        "id": 1,
        "title": "Root"
      }
    },
    "timestamp": "2022-08-10T12:19:14.920Z",
    "uuid": "86dcd246-6d49-4869-bf19-5a09c83ef5a7",
    "user": [
      "hola@codi.coop"
    ],
    "content_changed": false,
    "deleted": false,
    "page": 4,
    "revision": null
  }
},
{
  "model": "wagtailcore.pagelogentry",
  "pk": 7,
  "fields": {
    "content_type": [
      "cms_site",
      "homepage"
    ],
    "label": "Home Page",
    "action": "wagtail.publish",
    "data": {},
    "timestamp": "2022-08-10T12:19:14.922Z",
    "uuid": "86dcd246-6d49-4869-bf19-5a09c83ef5a7",
    "user": [
      "hola@codi.coop"
    ],
    "content_changed": false,
    "deleted": false,
    "page": 4,
    "revision": null
  }
},
{
  "model": "wagtailcore.pagelogentry",
  "pk": 8,
  "fields": {
    "content_type": [
      "cms_site",
      "collection"
    ],
    "label": "Nova col·lecció Àrea",
    "action": "wagtail.create",
    "data": {},
    "timestamp": "2022-08-10T12:19:14.952Z",
    "uuid": "86dcd246-6d49-4869-bf19-5a09c83ef5a7",
    "user": [
      "hola@codi.coop"
    ],
    "content_changed": true,
    "deleted": false,
    "page": 5,
    "revision": null
  }
},
{
  "model": "wagtailcore.pagelogentry",
  "pk": 9,
  "fields": {
    "content_type": [
      "cms_site",
      "collection"
    ],
    "label": "Nova col·lecció Àrea",
    "action": "wagtail.create_alias",
    "data": {
      "page": {
        "id": 5,
        "title": "Nova col·lecció Àrea"
      },
      "source": {
        "id": 2,
        "title": "Home Page"
      },
      "destination": {
        "id": 4,
        "title": "Home Page"
      }
    },
    "timestamp": "2022-08-10T12:19:14.954Z",
    "uuid": "86dcd246-6d49-4869-bf19-5a09c83ef5a7",
    "user": [
      "hola@codi.coop"
    ],
    "content_changed": false,
    "deleted": false,
    "page": 5,
    "revision": null
  }
},
{
  "model": "wagtailcore.pagelogentry",
  "pk": 10,
  "fields": {
    "content_type": [
      "cms_site",
      "collection"
    ],
    "label": "Nova col·lecció Àrea",
    "action": "wagtail.publish",
    "data": {},
    "timestamp": "2022-08-10T12:19:14.956Z",
    "uuid": "86dcd246-6d49-4869-bf19-5a09c83ef5a7",
    "user": [
      "hola@codi.coop"
    ],
    "content_changed": false,
    "deleted": false,
    "page": 5,
    "revision": null
  }
},
{
  "model": "wagtailcore.pagelogentry",
  "pk": 11,
  "fields": {
    "content_type": [
      "cms_site",
      "collection"
    ],
    "label": "Nova col·lecció Àrea",
    "action": "wagtail.convert_alias",
    "data": {
      "page": {
        "id": 5,
        "title": "Nova col·lecció Àrea"
      }
    },
    "timestamp": "2022-08-10T12:19:30.791Z",
    "uuid": null,
    "user": [
      "hola@codi.coop"
    ],
    "content_changed": false,
    "deleted": false,
    "page": 5,
    "revision": 3
  }
},
{
  "model": "wagtailcore.pagelogentry",
  "pk": 12,
  "fields": {
    "content_type": [
      "cms_site",
      "collection"
    ],
    "label": "Nova col·lecció Àrea",
    "action": "wagtail.publish",
    "data": {},
    "timestamp": "2022-08-10T12:19:30.849Z",
    "uuid": "7e2db6ce-551e-4dd5-8d68-dfeb4ad721da",
    "user": [
      "hola@codi.coop"
    ],
    "content_changed": true,
    "deleted": false,
    "page": 5,
    "revision": 4
  }
},
{
  "model": "wagtailcore.pagelogentry",
  "pk": 13,
  "fields": {
    "content_type": [
      "cms_site",
      "collection"
    ],
    "label": "Nova col·lecció Àrea",
    "action": "wagtail.publish",
    "data": {},
    "timestamp": "2022-08-10T12:23:30.956Z",
    "uuid": "f8657c71-70ae-4d1f-b34a-d61f9c9a5ba1",
    "user": [
      "hola@codi.coop"
    ],
    "content_changed": true,
    "deleted": false,
    "page": 5,
    "revision": 5
  }
},
{
  "model": "wagtailcore.pagelogentry",
  "pk": 14,
  "fields": {
    "content_type": [
      "cms_site",
      "collection"
    ],
    "label": "Nueva colección Área",
    "action": "wagtail.publish",
    "data": {},
    "timestamp": "2022-08-10T12:23:59.393Z",
    "uuid": "22244c86-3cbe-474e-be20-d664ce0ba315",
    "user": [
      "hola@codi.coop"
    ],
    "content_changed": true,
    "deleted": false,
    "page": 5,
    "revision": 6
  }
},
{
  "model": "wagtailcore.pagelogentry",
  "pk": 15,
  "fields": {
    "content_type": [
      "cms_site",
      "homepage"
    ],
    "label": "Eslògan de portada",
    "action": "wagtail.edit",
    "data": {},
    "timestamp": "2022-08-10T12:57:56.919Z",
    "uuid": "a1c0a3e3-cc93-4d3f-b5dc-1a4eeb26129d",
    "user": [
      "hola@codi.coop"
    ],
    "content_changed": true,
    "deleted": false,
    "page": 2,
    "revision": 7
  }
},
{
  "model": "wagtailcore.pagelogentry",
  "pk": 16,
  "fields": {
    "content_type": [
      "cms_site",
      "collection"
    ],
    "label": "Col·lecció Nordic",
    "action": "wagtail.create",
    "data": {},
    "timestamp": "2022-08-10T13:10:09.141Z",
    "uuid": "120bf2cc-dc3c-402b-9446-ada1e493e69a",
    "user": [
      "hola@codi.coop"
    ],
    "content_changed": true,
    "deleted": false,
    "page": 6,
    "revision": null
  }
},
{
  "model": "wagtailcore.pagelogentry",
  "pk": 17,
  "fields": {
    "content_type": [
      "cms_site",
      "collection"
    ],
    "label": "Col·lecció Nordic",
    "action": "wagtail.publish",
    "data": {},
    "timestamp": "2022-08-10T13:10:09.188Z",
    "uuid": "120bf2cc-dc3c-402b-9446-ada1e493e69a",
    "user": [
      "hola@codi.coop"
    ],
    "content_changed": true,
    "deleted": false,
    "page": 6,
    "revision": 8
  }
},
{
  "model": "wagtailcore.pagelogentry",
  "pk": 18,
  "fields": {
    "content_type": [
      "cms_site",
      "collection"
    ],
    "label": "Col·lecció Nordic",
    "action": "wagtail.create",
    "data": {},
    "timestamp": "2022-08-10T13:10:09.219Z",
    "uuid": "120bf2cc-dc3c-402b-9446-ada1e493e69a",
    "user": [
      "hola@codi.coop"
    ],
    "content_changed": true,
    "deleted": false,
    "page": 7,
    "revision": null
  }
},
{
  "model": "wagtailcore.pagelogentry",
  "pk": 19,
  "fields": {
    "content_type": [
      "cms_site",
      "collection"
    ],
    "label": "Col·lecció Nordic",
    "action": "wagtail.create_alias",
    "data": {
      "page": {
        "id": 7,
        "title": "Col·lecció Nordic"
      },
      "source": {
        "id": 2,
        "title": "Eslògan de portada"
      },
      "destination": {
        "id": 4,
        "title": "Home Page"
      }
    },
    "timestamp": "2022-08-10T13:10:09.221Z",
    "uuid": "120bf2cc-dc3c-402b-9446-ada1e493e69a",
    "user": [
      "hola@codi.coop"
    ],
    "content_changed": false,
    "deleted": false,
    "page": 7,
    "revision": null
  }
},
{
  "model": "wagtailcore.pagelogentry",
  "pk": 20,
  "fields": {
    "content_type": [
      "cms_site",
      "collection"
    ],
    "label": "Col·lecció Nordic",
    "action": "wagtail.publish",
    "data": {},
    "timestamp": "2022-08-10T13:10:09.223Z",
    "uuid": "120bf2cc-dc3c-402b-9446-ada1e493e69a",
    "user": [
      "hola@codi.coop"
    ],
    "content_changed": false,
    "deleted": false,
    "page": 7,
    "revision": null
  }
},
{
  "model": "wagtailcore.pagelogentry",
  "pk": 21,
  "fields": {
    "content_type": [
      "cms_site",
      "collection"
    ],
    "label": "Col·lecció Nordic",
    "action": "wagtail.convert_alias",
    "data": {
      "page": {
        "id": 7,
        "title": "Col·lecció Nordic"
      }
    },
    "timestamp": "2022-08-10T13:10:22.476Z",
    "uuid": null,
    "user": [
      "hola@codi.coop"
    ],
    "content_changed": false,
    "deleted": false,
    "page": 7,
    "revision": 9
  }
},
{
  "model": "wagtailcore.pagelogentry",
  "pk": 22,
  "fields": {
    "content_type": [
      "cms_site",
      "collection"
    ],
    "label": "Col·lecció Nordic",
    "action": "wagtail.publish",
    "data": {},
    "timestamp": "2022-08-10T13:10:22.540Z",
    "uuid": "a90b82e7-c288-4c55-a481-1f3534a73101",
    "user": [
      "hola@codi.coop"
    ],
    "content_changed": true,
    "deleted": false,
    "page": 7,
    "revision": 10
  }
},
{
  "model": "wagtailcore.pagelogentry",
  "pk": 23,
  "fields": {
    "content_type": [
      "cms_site",
      "collection"
    ],
    "label": "Colección Nordic",
    "action": "wagtail.publish",
    "data": {},
    "timestamp": "2022-08-10T13:11:59.234Z",
    "uuid": "98692ae5-6e75-4bc0-a882-5eb85fefd1f0",
    "user": [
      "hola@codi.coop"
    ],
    "content_changed": true,
    "deleted": false,
    "page": 7,
    "revision": 11
  }
},
{
  "model": "wagtailcore.pagelogentry",
  "pk": 24,
  "fields": {
    "content_type": [
      "cms_site",
      "homepage"
    ],
    "label": "Home Page",
    "action": "wagtail.convert_alias",
    "data": {
      "page": {
        "id": 4,
        "title": "Home Page"
      }
    },
    "timestamp": "2022-08-10T13:13:54.651Z",
    "uuid": null,
    "user": [
      "hola@codi.coop"
    ],
    "content_changed": false,
    "deleted": false,
    "page": 4,
    "revision": 12
  }
},
{
  "model": "wagtailcore.pagelogentry",
  "pk": 25,
  "fields": {
    "content_type": [
      "cms_site",
      "homepage"
    ],
    "label": "Home Page",
    "action": "wagtail.publish",
    "data": {},
    "timestamp": "2022-08-10T13:13:54.708Z",
    "uuid": "6af982aa-a86d-42d8-8f8d-748f1b4a37e9",
    "user": [
      "hola@codi.coop"
    ],
    "content_changed": true,
    "deleted": false,
    "page": 4,
    "revision": 13
  }
},
{
  "model": "wagtailcore.pagelogentry",
  "pk": 26,
  "fields": {
    "content_type": [
      "cms_site",
      "collection"
    ],
    "label": "Nueva colección Área",
    "action": "wagtail.publish",
    "data": {},
    "timestamp": "2022-08-10T13:13:55.032Z",
    "uuid": "6af982aa-a86d-42d8-8f8d-748f1b4a37e9",
    "user": [
      "hola@codi.coop"
    ],
    "content_changed": true,
    "deleted": false,
    "page": 5,
    "revision": 14
  }
},
{
  "model": "wagtailcore.pagelogentry",
  "pk": 27,
  "fields": {
    "content_type": [
      "cms_site",
      "collection"
    ],
    "label": "Colección Nordic",
    "action": "wagtail.publish",
    "data": {},
    "timestamp": "2022-08-10T13:13:55.257Z",
    "uuid": "6af982aa-a86d-42d8-8f8d-748f1b4a37e9",
    "user": [
      "hola@codi.coop"
    ],
    "content_changed": true,
    "deleted": false,
    "page": 7,
    "revision": 15
  }
},
{
  "model": "wagtailcore.groupapprovaltask",
  "pk": 1,
  "fields": {
    "groups": [
      [
        "Moderators"
      ]
    ]
  }
},
{
  "model": "wagtailcore.page",
  "pk": 1,
  "fields": {
    "path": "0001",
    "depth": 1,
    "numchild": 2,
    "translation_key": "30bc0cfb-9bd1-46cc-8bde-9c4c9d4709d0",
    "locale": 1,
    "title": "Root",
    "draft_title": "Root",
    "slug": "root",
    "content_type": [
      "wagtailcore",
      "page"
    ],
    "live": true,
    "has_unpublished_changes": false,
    "url_path": "/",
    "owner": null,
    "seo_title": "",
    "show_in_menus": false,
    "search_description": "",
    "go_live_at": null,
    "expire_at": null,
    "expired": false,
    "locked": false,
    "locked_at": null,
    "locked_by": null,
    "first_published_at": null,
    "last_published_at": null,
    "latest_revision_created_at": null,
    "live_revision": null,
    "alias_of": null
  }
},
{
  "model": "wagtailcore.page",
  "pk": 2,
  "fields": {
    "path": "00010001",
    "depth": 2,
    "numchild": 2,
    "translation_key": "e635819d-4403-47d1-9d86-fbe60b1b8030",
    "locale": 1,
    "title": "Home Page",
    "draft_title": "Eslògan de portada",
    "slug": "home",
    "content_type": [
      "cms_site",
      "homepage"
    ],
    "live": true,
    "has_unpublished_changes": true,
    "url_path": "/home/",
    "owner": null,
    "seo_title": "",
    "show_in_menus": false,
    "search_description": "",
    "go_live_at": null,
    "expire_at": null,
    "expired": false,
    "locked": false,
    "locked_at": null,
    "locked_by": null,
    "first_published_at": null,
    "last_published_at": null,
    "latest_revision_created_at": "2022-08-10T12:57:56.905Z",
    "live_revision": null,
    "alias_of": null
  }
},
{
  "model": "wagtailcore.page",
  "pk": 3,
  "fields": {
    "path": "000100010001",
    "depth": 3,
    "numchild": 0,
    "translation_key": "81ff2833-256a-4c64-8087-34f0630369d0",
    "locale": 1,
    "title": "Nova col·lecció Àrea",
    "draft_title": "Nova col·lecció Àrea",
    "slug": "nova-colleccio-area",
    "content_type": [
      "cms_site",
      "collection"
    ],
    "live": true,
    "has_unpublished_changes": false,
    "url_path": "/home/nova-colleccio-area/",
    "owner": [
      "hola@codi.coop"
    ],
    "seo_title": "Nova Col·lecció de moble de menjador Àrea",
    "show_in_menus": false,
    "search_description": "",
    "go_live_at": null,
    "expire_at": null,
    "expired": false,
    "locked": false,
    "locked_at": null,
    "locked_by": null,
    "first_published_at": "2022-08-10T11:00:38.120Z",
    "last_published_at": "2022-08-10T11:00:59.868Z",
    "latest_revision_created_at": "2022-08-10T11:00:59.838Z",
    "live_revision": 2,
    "alias_of": null
  }
},
{
  "model": "wagtailcore.page",
  "pk": 4,
  "fields": {
    "path": "00010002",
    "depth": 2,
    "numchild": 2,
    "translation_key": "e635819d-4403-47d1-9d86-fbe60b1b8030",
    "locale": 2,
    "title": "Home Page",
    "draft_title": "Home Page",
    "slug": "home-1",
    "content_type": [
      "cms_site",
      "homepage"
    ],
    "live": true,
    "has_unpublished_changes": false,
    "url_path": "/home-1/",
    "owner": null,
    "seo_title": "",
    "show_in_menus": false,
    "search_description": "",
    "go_live_at": null,
    "expire_at": null,
    "expired": false,
    "locked": false,
    "locked_at": null,
    "locked_by": null,
    "first_published_at": "2022-08-10T13:13:54.687Z",
    "last_published_at": "2022-08-10T13:13:54.687Z",
    "latest_revision_created_at": "2022-08-10T13:13:54.674Z",
    "live_revision": 13,
    "alias_of": null
  }
},
{
  "model": "wagtailcore.page",
  "pk": 5,
  "fields": {
    "path": "000100020001",
    "depth": 3,
    "numchild": 0,
    "translation_key": "81ff2833-256a-4c64-8087-34f0630369d0",
    "locale": 2,
    "title": "Nueva colección Área",
    "draft_title": "Nueva colección Área",
    "slug": "nova-colleccio-area",
    "content_type": [
      "cms_site",
      "collection"
    ],
    "live": true,
    "has_unpublished_changes": false,
    "url_path": "/home-1/nova-colleccio-area/",
    "owner": [
      "hola@codi.coop"
    ],
    "seo_title": "Nova Col·lecció de moble de menjador Àrea",
    "show_in_menus": false,
    "search_description": "",
    "go_live_at": null,
    "expire_at": null,
    "expired": false,
    "locked": false,
    "locked_at": null,
    "locked_by": null,
    "first_published_at": "2022-08-10T11:00:38.120Z",
    "last_published_at": "2022-08-10T13:13:55.009Z",
    "latest_revision_created_at": "2022-08-10T13:13:54.995Z",
    "live_revision": 14,
    "alias_of": null
  }
},
{
  "model": "wagtailcore.page",
  "pk": 6,
  "fields": {
    "path": "000100010002",
    "depth": 3,
    "numchild": 0,
    "translation_key": "1dd0044c-456a-4bcf-a9b1-8f5478a7a1ba",
    "locale": 1,
    "title": "Col·lecció Nordic",
    "draft_title": "Col·lecció Nordic",
    "slug": "collecció-nordic",
    "content_type": [
      "cms_site",
      "collection"
    ],
    "live": true,
    "has_unpublished_changes": false,
    "url_path": "/home/collecció-nordic/",
    "owner": [
      "hola@codi.coop"
    ],
    "seo_title": "",
    "show_in_menus": false,
    "search_description": "",
    "go_live_at": null,
    "expire_at": null,
    "expired": false,
    "locked": false,
    "locked_at": null,
    "locked_by": null,
    "first_published_at": "2022-08-10T13:10:09.167Z",
    "last_published_at": "2022-08-10T13:10:09.167Z",
    "latest_revision_created_at": "2022-08-10T13:10:09.152Z",
    "live_revision": 8,
    "alias_of": null
  }
},
{
  "model": "wagtailcore.page",
  "pk": 7,
  "fields": {
    "path": "000100020002",
    "depth": 3,
    "numchild": 0,
    "translation_key": "1dd0044c-456a-4bcf-a9b1-8f5478a7a1ba",
    "locale": 2,
    "title": "Colección Nordic",
    "draft_title": "Colección Nordic",
    "slug": "colleccio-nordic",
    "content_type": [
      "cms_site",
      "collection"
    ],
    "live": true,
    "has_unpublished_changes": false,
    "url_path": "/home-1/colleccio-nordic/",
    "owner": [
      "hola@codi.coop"
    ],
    "seo_title": "",
    "show_in_menus": false,
    "search_description": "",
    "go_live_at": null,
    "expire_at": null,
    "expired": false,
    "locked": false,
    "locked_at": null,
    "locked_by": null,
    "first_published_at": "2022-08-10T13:10:09.167Z",
    "last_published_at": "2022-08-10T13:13:55.237Z",
    "latest_revision_created_at": "2022-08-10T13:13:55.224Z",
    "live_revision": 15,
    "alias_of": null
  }
},
{
  "model": "wagtailcore.modellogentry",
  "pk": 1,
  "fields": {
    "content_type": [
      "cms_site",
      "collectionitemfinishing"
    ],
    "label": "Roure 0",
    "action": "wagtail.create",
    "data": {},
    "timestamp": "2022-08-10T10:42:58.401Z",
    "uuid": "23959c1f-a7f4-4779-b6ba-5a94eecabf8e",
    "user": [
      "hola@codi.coop"
    ],
    "content_changed": false,
    "deleted": false,
    "object_id": "1"
  }
},
{
  "model": "wagtailcore.modellogentry",
  "pk": 2,
  "fields": {
    "content_type": [
      "cms_site",
      "collectionitemfinishing"
    ],
    "label": "Roure 30",
    "action": "wagtail.create",
    "data": {},
    "timestamp": "2022-08-10T10:43:02.364Z",
    "uuid": "46a845ae-d903-474e-a489-eda36137808b",
    "user": [
      "hola@codi.coop"
    ],
    "content_changed": false,
    "deleted": false,
    "object_id": "2"
  }
},
{
  "model": "wagtailcore.modellogentry",
  "pk": 3,
  "fields": {
    "content_type": [
      "cms_site",
      "collectionitemfinishing"
    ],
    "label": "Roure 60",
    "action": "wagtail.create",
    "data": {},
    "timestamp": "2022-08-10T10:43:06.093Z",
    "uuid": "c4e679e6-7b45-460e-9be6-53a5bf732258",
    "user": [
      "hola@codi.coop"
    ],
    "content_changed": false,
    "deleted": false,
    "object_id": "3"
  }
},
{
  "model": "wagtailcore.modellogentry",
  "pk": 4,
  "fields": {
    "content_type": [
      "cms_site",
      "collectionitemtype"
    ],
    "label": "Menjador",
    "action": "wagtail.create",
    "data": {},
    "timestamp": "2022-08-10T10:49:13.436Z",
    "uuid": "ab73233e-fea3-4743-9ea0-e46c990d0154",
    "user": [
      "hola@codi.coop"
    ],
    "content_changed": false,
    "deleted": false,
    "object_id": "1"
  }
},
{
  "model": "wagtailcore.modellogentry",
  "pk": 5,
  "fields": {
    "content_type": [
      "cms_site",
      "collectionitemtype"
    ],
    "label": "Dormitori",
    "action": "wagtail.create",
    "data": {},
    "timestamp": "2022-08-10T10:49:18.580Z",
    "uuid": "726b67e8-01ac-4a1d-b082-a75636531114",
    "user": [
      "hola@codi.coop"
    ],
    "content_changed": false,
    "deleted": false,
    "object_id": "2"
  }
},
{
  "model": "wagtailcore.modellogentry",
  "pk": 6,
  "fields": {
    "content_type": [
      "cms_site",
      "collectionitemmodel"
    ],
    "label": "MN1",
    "action": "wagtail.create",
    "data": {},
    "timestamp": "2022-08-10T10:56:45.292Z",
    "uuid": "d9f4d943-036c-40bc-877e-620882089342",
    "user": [
      "hola@codi.coop"
    ],
    "content_changed": false,
    "deleted": false,
    "object_id": "1"
  }
},
{
  "model": "wagtailcore.modellogentry",
  "pk": 7,
  "fields": {
    "content_type": [
      "cms_site",
      "collectionitemmodel"
    ],
    "label": "MN2",
    "action": "wagtail.create",
    "data": {},
    "timestamp": "2022-08-10T10:56:49.175Z",
    "uuid": "fb4ddcd0-db04-4a59-908a-8151ab150239",
    "user": [
      "hola@codi.coop"
    ],
    "content_changed": false,
    "deleted": false,
    "object_id": "2"
  }
},
{
  "model": "wagtailcore.modellogentry",
  "pk": 8,
  "fields": {
    "content_type": [
      "cms_site",
      "collectionitemmodel"
    ],
    "label": "MN3",
    "action": "wagtail.create",
    "data": {},
    "timestamp": "2022-08-10T10:56:52.446Z",
    "uuid": "48c07f57-ac57-4a23-90b9-721bb450caa5",
    "user": [
      "hola@codi.coop"
    ],
    "content_changed": false,
    "deleted": false,
    "object_id": "3"
  }
},
{
  "model": "wagtailcore.modellogentry",
  "pk": 9,
  "fields": {
    "content_type": [
      "cms_site",
      "collectionitemfinishing"
    ],
    "label": "Blanc pur",
    "action": "wagtail.create",
    "data": {},
    "timestamp": "2022-08-10T10:59:15.854Z",
    "uuid": "d5010e28-86e7-4245-9991-2ccfb272acb7",
    "user": [
      "hola@codi.coop"
    ],
    "content_changed": false,
    "deleted": false,
    "object_id": "4"
  }
},
{
  "model": "wagtailcore.modellogentry",
  "pk": 10,
  "fields": {
    "content_type": [
      "cms_site",
      "collectionitemfinishing"
    ],
    "label": "Blau fosc",
    "action": "wagtail.create",
    "data": {},
    "timestamp": "2022-08-10T10:59:22.212Z",
    "uuid": "b00d9bc2-d92e-40f3-99af-533ba960697e",
    "user": [
      "hola@codi.coop"
    ],
    "content_changed": false,
    "deleted": false,
    "object_id": "5"
  }
},
{
  "model": "wagtailcore.modellogentry",
  "pk": 11,
  "fields": {
    "content_type": [
      "cms_site",
      "collectionitemfinishing"
    ],
    "label": "Vermell cirera",
    "action": "wagtail.create",
    "data": {},
    "timestamp": "2022-08-10T10:59:29.258Z",
    "uuid": "914ccabc-ed9b-411d-907c-a8a634db8b2c",
    "user": [
      "hola@codi.coop"
    ],
    "content_changed": false,
    "deleted": false,
    "object_id": "6"
  }
},
{
  "model": "wagtailcore.modellogentry",
  "pk": 12,
  "fields": {
    "content_type": [
      "wagtailcore",
      "locale"
    ],
    "label": "Spanish",
    "action": "wagtail.create",
    "data": {},
    "timestamp": "2022-08-10T12:19:14.871Z",
    "uuid": "86dcd246-6d49-4869-bf19-5a09c83ef5a7",
    "user": [
      "hola@codi.coop"
    ],
    "content_changed": false,
    "deleted": false,
    "object_id": "2"
  }
},
{
  "model": "wagtailcore.modellogentry",
  "pk": 13,
  "fields": {
    "content_type": [
      "cms_site",
      "collectionitemmodel"
    ],
    "label": "Jörn",
    "action": "wagtail.create",
    "data": {},
    "timestamp": "2022-08-10T13:05:23.784Z",
    "uuid": "3604a54e-7dc8-443d-b483-5beb7f498653",
    "user": [
      "hola@codi.coop"
    ],
    "content_changed": false,
    "deleted": false,
    "object_id": "6"
  }
},
{
  "model": "wagtailcore.modellogentry",
  "pk": 14,
  "fields": {
    "content_type": [
      "cms_site",
      "collectionitemmodel"
    ],
    "label": "Dora",
    "action": "wagtail.create",
    "data": {},
    "timestamp": "2022-08-10T13:05:30.462Z",
    "uuid": "65324dc7-afb8-44e9-ac3d-3bd541e7dd1c",
    "user": [
      "hola@codi.coop"
    ],
    "content_changed": false,
    "deleted": false,
    "object_id": "7"
  }
},
{
  "model": "wagtailcore.modellogentry",
  "pk": 15,
  "fields": {
    "content_type": [
      "cms_site",
      "collectionitemmodel"
    ],
    "label": "Brei",
    "action": "wagtail.create",
    "data": {},
    "timestamp": "2022-08-10T13:05:35.643Z",
    "uuid": "cdfa54b5-bc81-496e-9db3-3d9fec4a001d",
    "user": [
      "hola@codi.coop"
    ],
    "content_changed": false,
    "deleted": false,
    "object_id": "8"
  }
},
{
  "model": "wagtailcore.modellogentry",
  "pk": 16,
  "fields": {
    "content_type": [
      "cms_site",
      "collectionitemmodel"
    ],
    "label": "Sovik",
    "action": "wagtail.create",
    "data": {},
    "timestamp": "2022-08-10T13:05:42.557Z",
    "uuid": "d774edce-28fe-49a3-a915-dd7285966537",
    "user": [
      "hola@codi.coop"
    ],
    "content_changed": false,
    "deleted": false,
    "object_id": "9"
  }
},
{
  "model": "wagtailcore.modellogentry",
  "pk": 17,
  "fields": {
    "content_type": [
      "cms_site",
      "collectionitemmodel"
    ],
    "label": "Brevik",
    "action": "wagtail.create",
    "data": {},
    "timestamp": "2022-08-10T13:05:51.319Z",
    "uuid": "f2399b34-2f77-45b8-a29c-f0b6e621fe13",
    "user": [
      "hola@codi.coop"
    ],
    "content_changed": false,
    "deleted": false,
    "object_id": "10"
  }
},
{
  "model": "wagtailimages.image",
  "pk": 1,
  "fields": {
    "collection": 1,
    "title": "Area MN1",
    "file": "original_images/25-1300x720.jpg",
    "width": 1300,
    "height": 720,
    "created_at": "2022-08-10T10:56:18.709Z",
    "uploaded_by_user": [
      "hola@codi.coop"
    ],
    "focal_point_x": null,
    "focal_point_y": null,
    "focal_point_width": null,
    "focal_point_height": null,
    "file_size": 198921,
    "file_hash": "cff871c70a1bb7bb4b60bf77adfb38f1e2e8e32f"
  }
},
{
  "model": "wagtailimages.image",
  "pk": 2,
  "fields": {
    "collection": 1,
    "title": "Area MN1 #2",
    "file": "original_images/141-500x500.jpg",
    "width": 500,
    "height": 500,
    "created_at": "2022-08-10T10:57:26.245Z",
    "uploaded_by_user": [
      "hola@codi.coop"
    ],
    "focal_point_x": null,
    "focal_point_y": null,
    "focal_point_width": null,
    "focal_point_height": null,
    "file_size": 16896,
    "file_hash": "d8c2e097294d5ae1a40aad8833322d1573da0e4e"
  }
},
{
  "model": "wagtailimages.image",
  "pk": 3,
  "fields": {
    "collection": 1,
    "title": "Area MN2",
    "file": "original_images/229-1300x720.jpg",
    "width": 1300,
    "height": 720,
    "created_at": "2022-08-10T10:58:12.283Z",
    "uploaded_by_user": [
      "hola@codi.coop"
    ],
    "focal_point_x": null,
    "focal_point_y": null,
    "focal_point_width": null,
    "focal_point_height": null,
    "file_size": 168093,
    "file_hash": "23f4afeeaf8ce6253769f7f6382809c5bfed03c8"
  }
},
{
  "model": "wagtailimages.image",
  "pk": 4,
  "fields": {
    "collection": 1,
    "title": "Area MN2 #2",
    "file": "original_images/365-500x500.jpg",
    "width": 500,
    "height": 500,
    "created_at": "2022-08-10T11:00:20.771Z",
    "uploaded_by_user": [
      "hola@codi.coop"
    ],
    "focal_point_x": null,
    "focal_point_y": null,
    "focal_point_width": null,
    "focal_point_height": null,
    "file_size": 23882,
    "file_hash": "c7bf386260efb502f746fe7cc7f82d6348688dd9"
  }
},
{
  "model": "wagtailimages.image",
  "pk": 5,
  "fields": {
    "collection": 1,
    "title": "Llit portada",
    "file": "original_images/llit_ciurans.jpg",
    "width": 1080,
    "height": 719,
    "created_at": "2022-08-10T12:55:23.589Z",
    "uploaded_by_user": [
      "hola@codi.coop"
    ],
    "focal_point_x": null,
    "focal_point_y": null,
    "focal_point_width": null,
    "focal_point_height": null,
    "file_size": 133875,
    "file_hash": "adc1c4f8109db4929ea116eadfcedf8bf2188bae"
  }
},
{
  "model": "wagtailimages.image",
  "pk": 6,
  "fields": {
    "collection": 1,
    "title": "Home collection 1",
    "file": "original_images/ciurans_home_collection1.png",
    "width": 408,
    "height": 411,
    "created_at": "2022-08-10T12:57:34.675Z",
    "uploaded_by_user": [
      "hola@codi.coop"
    ],
    "focal_point_x": null,
    "focal_point_y": null,
    "focal_point_width": null,
    "focal_point_height": null,
    "file_size": 172737,
    "file_hash": "cad23538ae2924e931d4dec88611571712b67f10"
  }
},
{
  "model": "wagtailimages.image",
  "pk": 7,
  "fields": {
    "collection": 1,
    "title": "Nordic 1",
    "file": "original_images/ciurans_nordic_1_Moble_televisio_Jorn_i_Bufet_Sovik.jpg",
    "width": 800,
    "height": 566,
    "created_at": "2022-08-10T13:04:50.432Z",
    "uploaded_by_user": [
      "hola@codi.coop"
    ],
    "focal_point_x": null,
    "focal_point_y": null,
    "focal_point_width": null,
    "focal_point_height": null,
    "file_size": 301839,
    "file_hash": "2f88bd94a70c7e5a7c60846c5b446661c7204937"
  }
},
{
  "model": "wagtailimages.image",
  "pk": 8,
  "fields": {
    "collection": 1,
    "title": "Nordic 2",
    "file": "original_images/ciurans_nordic_2_Moble_Jorn_Dora_i_Brei.jpg",
    "width": 800,
    "height": 566,
    "created_at": "2022-08-10T13:08:43.175Z",
    "uploaded_by_user": [
      "hola@codi.coop"
    ],
    "focal_point_x": null,
    "focal_point_y": null,
    "focal_point_width": null,
    "focal_point_height": null,
    "file_size": 291381,
    "file_hash": "9aabcbec599311f210d279af00d37bda741ecd7b"
  }
},
{
  "model": "wagtailimages.image",
  "pk": 9,
  "fields": {
    "collection": 1,
    "title": "Nordic 3",
    "file": "original_images/ciurans_nordic_3_Buffet_Sovik.jpg",
    "width": 800,
    "height": 566,
    "created_at": "2022-08-10T13:09:08.597Z",
    "uploaded_by_user": [
      "hola@codi.coop"
    ],
    "focal_point_x": null,
    "focal_point_y": null,
    "focal_point_width": null,
    "focal_point_height": null,
    "file_size": 276138,
    "file_hash": "0bc4b49f8d98e31b16e08aae6dd2d199c8731ff1"
  }
},
{
  "model": "wagtailimages.image",
  "pk": 10,
  "fields": {
    "collection": 1,
    "title": "Nordic 3",
    "file": "original_images/ciurans_nordic_4_Llit_Brevik.jpg",
    "width": 800,
    "height": 566,
    "created_at": "2022-08-10T13:09:52.559Z",
    "uploaded_by_user": [
      "hola@codi.coop"
    ],
    "focal_point_x": null,
    "focal_point_y": null,
    "focal_point_width": null,
    "focal_point_height": null,
    "file_size": 277095,
    "file_hash": "44743619ad038bacce3b422ef9b73520104ce44e"
  }
},
{
  "model": "wagtail_localize.stringtranslation",
  "pk": 1,
  "fields": {
    "translation_of": 9,
    "locale": 2,
    "context": 33,
    "data": "Comedor",
    "translation_type": "manual",
    "tool_name": "",
    "last_translated_by": [
      "hola@codi.coop"
    ],
    "created_at": "2022-08-10T12:20:17.700Z",
    "updated_at": "2022-08-10T12:20:17.700Z",
    "has_error": false,
    "field_error": ""
  }
},
{
  "model": "wagtail_localize.stringtranslation",
  "pk": 2,
  "fields": {
    "translation_of": 10,
    "locale": 2,
    "context": 34,
    "data": "Roble 0",
    "translation_type": "manual",
    "tool_name": "",
    "last_translated_by": [
      "hola@codi.coop"
    ],
    "created_at": "2022-08-10T12:20:34.557Z",
    "updated_at": "2022-08-10T12:20:34.557Z",
    "has_error": false,
    "field_error": ""
  }
},
{
  "model": "wagtail_localize.stringtranslation",
  "pk": 3,
  "fields": {
    "translation_of": 11,
    "locale": 2,
    "context": 35,
    "data": "Roble 30",
    "translation_type": "manual",
    "tool_name": "",
    "last_translated_by": [
      "hola@codi.coop"
    ],
    "created_at": "2022-08-10T12:20:45.874Z",
    "updated_at": "2022-08-10T12:20:45.874Z",
    "has_error": false,
    "field_error": ""
  }
},
{
  "model": "wagtail_localize.stringtranslation",
  "pk": 4,
  "fields": {
    "translation_of": 13,
    "locale": 2,
    "context": 37,
    "data": "Roble 60",
    "translation_type": "manual",
    "tool_name": "",
    "last_translated_by": [
      "hola@codi.coop"
    ],
    "created_at": "2022-08-10T12:21:09.574Z",
    "updated_at": "2022-08-10T12:21:09.574Z",
    "has_error": false,
    "field_error": ""
  }
},
{
  "model": "wagtail_localize.stringtranslation",
  "pk": 5,
  "fields": {
    "translation_of": 14,
    "locale": 2,
    "context": 38,
    "data": "Blanco puro",
    "translation_type": "manual",
    "tool_name": "",
    "last_translated_by": [
      "hola@codi.coop"
    ],
    "created_at": "2022-08-10T12:21:22.189Z",
    "updated_at": "2022-08-10T12:21:22.189Z",
    "has_error": false,
    "field_error": ""
  }
},
{
  "model": "wagtail_localize.stringtranslation",
  "pk": 6,
  "fields": {
    "translation_of": 15,
    "locale": 2,
    "context": 39,
    "data": "Azul oscuro",
    "translation_type": "manual",
    "tool_name": "",
    "last_translated_by": [
      "hola@codi.coop"
    ],
    "created_at": "2022-08-10T12:21:36.222Z",
    "updated_at": "2022-08-10T12:21:36.222Z",
    "has_error": false,
    "field_error": ""
  }
},
{
  "model": "wagtail_localize.stringtranslation",
  "pk": 7,
  "fields": {
    "translation_of": 16,
    "locale": 2,
    "context": 40,
    "data": "Rojo Cereza",
    "translation_type": "manual",
    "tool_name": "",
    "last_translated_by": [
      "hola@codi.coop"
    ],
    "created_at": "2022-08-10T12:21:54.283Z",
    "updated_at": "2022-08-10T12:21:54.283Z",
    "has_error": false,
    "field_error": ""
  }
},
{
  "model": "wagtail_localize.stringtranslation",
  "pk": 8,
  "fields": {
    "translation_of": 18,
    "locale": 2,
    "context": 42,
    "data": "Dormitorio",
    "translation_type": "manual",
    "tool_name": "",
    "last_translated_by": [
      "hola@codi.coop"
    ],
    "created_at": "2022-08-10T12:22:49.381Z",
    "updated_at": "2022-08-10T12:22:49.381Z",
    "has_error": false,
    "field_error": ""
  }
},
{
  "model": "wagtail_localize.stringtranslation",
  "pk": 9,
  "fields": {
    "translation_of": 1,
    "locale": 2,
    "context": 1,
    "data": "Nueva colección Área",
    "translation_type": "manual",
    "tool_name": "",
    "last_translated_by": [
      "hola@codi.coop"
    ],
    "created_at": "2022-08-10T12:23:51.371Z",
    "updated_at": "2022-08-10T12:23:51.371Z",
    "has_error": false,
    "field_error": ""
  }
},
{
  "model": "wagtail_localize.stringtranslation",
  "pk": 10,
  "fields": {
    "translation_of": 4,
    "locale": 2,
    "context": 4,
    "data": "Con más de 20 años, Area es nuestra colección más longeva, nuestra ánima y nuestra personalidad. A lo largo de los años la hemos ido adaptando a nuevas necesidades, formas y estilos para proporcionar siempre piezas de última generación, con personalidad, llamativas y prácticas. Esta renovación actual de Area nos aporta colores, formas y tendencias sin perder la esencia de la colección. Gracias a la estrecha colaboración con Josep Turell, diseñador ya consagrado de Area, y Martí Nualart, el diseñador emergente, la respuesta es una colección indiscutiblemente interesante y a la vez atractiva y funcional.",
    "translation_type": "manual",
    "tool_name": "",
    "last_translated_by": [
      "hola@codi.coop"
    ],
    "created_at": "2022-08-10T12:23:55.788Z",
    "updated_at": "2022-08-10T12:23:55.788Z",
    "has_error": false,
    "field_error": ""
  }
},
{
  "model": "wagtail_localize.stringtranslation",
  "pk": 11,
  "fields": {
    "translation_of": 19,
    "locale": 2,
    "context": 43,
    "data": "Colección Nordic",
    "translation_type": "manual",
    "tool_name": "",
    "last_translated_by": [
      "hola@codi.coop"
    ],
    "created_at": "2022-08-10T13:10:30.504Z",
    "updated_at": "2022-08-10T13:10:30.504Z",
    "has_error": false,
    "field_error": ""
  }
},
{
  "model": "wagtail_localize.stringtranslation",
  "pk": 12,
  "fields": {
    "translation_of": 21,
    "locale": 2,
    "context": 45,
    "data": "Nordic Collection es una colección de muebles diseñada por Martí Nualart y fabricada por Mobles Ciurans La colección Nordic ha sido diseñada para adaptarse a cualquier espacio interior. Con un diseño minimalista y un aire fesco y natural, éste programa de mobiliario proporciona soluciones y supera las expectativas de los consumidores más exigentes.",
    "translation_type": "manual",
    "tool_name": "",
    "last_translated_by": [
      "hola@codi.coop"
    ],
    "created_at": "2022-08-10T13:10:52.265Z",
    "updated_at": "2022-08-10T13:10:52.265Z",
    "has_error": false,
    "field_error": ""
  }
},
{
  "model": "wagtail_localize.stringtranslation",
  "pk": 13,
  "fields": {
    "translation_of": 22,
    "locale": 2,
    "context": 46,
    "data": "Mueble de televisión Jörn y buffet Sovik",
    "translation_type": "manual",
    "tool_name": "",
    "last_translated_by": [
      "hola@codi.coop"
    ],
    "created_at": "2022-08-10T13:11:12.822Z",
    "updated_at": "2022-08-10T13:11:12.822Z",
    "has_error": false,
    "field_error": ""
  }
},
{
  "model": "wagtail_localize.stringtranslation",
  "pk": 14,
  "fields": {
    "translation_of": 23,
    "locale": 2,
    "context": 51,
    "data": "Mueble Jörn, Dora y Brei",
    "translation_type": "manual",
    "tool_name": "",
    "last_translated_by": [
      "hola@codi.coop"
    ],
    "created_at": "2022-08-10T13:11:46.019Z",
    "updated_at": "2022-08-10T13:11:46.019Z",
    "has_error": false,
    "field_error": ""
  }
},
{
  "model": "wagtail_localize.stringtranslation",
  "pk": 15,
  "fields": {
    "translation_of": 25,
    "locale": 2,
    "context": 61,
    "data": "Cama Brevik",
    "translation_type": "manual",
    "tool_name": "",
    "last_translated_by": [
      "hola@codi.coop"
    ],
    "created_at": "2022-08-10T13:11:56.190Z",
    "updated_at": "2022-08-10T13:11:56.190Z",
    "has_error": false,
    "field_error": ""
  }
},
{
  "model": "cms_site.collection",
  "pk": 3,
  "fields": {
    "description": "Amb més de 20 anys, Area és la nostra col·lecció més longeva, la nostra ànima i la nostra personalitat. Al llarg dels anys l’hem anat adaptant a noves necessitats, formes i estils per proporcionar sempre peces d’última generació, amb personalitat, cridaneres i pràctiques. Aquesta renovació actual d’Area ens aporta colors, formes i tendències sense perdre l’essència de la col·lecció. Gràcies a l’estreta col·laboració amb Josep Turell, dissenyador ja consagrat d’Area, i de Martí Nualart, dissenyador emergent, el resultat és una col·lecció indiscutiblement interessant, atractiva i funcional.",
    "pdf": null,
    "items_list": "[{\"id\": \"2cdd3913-731f-4463-bf97-72e7af8a5de0\", \"type\": \"item\", \"value\": {\"image\": 1, \"model\": 1, \"title\": \"Area one mn1\", \"finishings\": [{\"id\": \"3d7b5596-bb31-42c0-8edb-3b93a4b5ab7b\", \"type\": \"item\", \"value\": 1}, {\"id\": \"1d79b82f-7d45-4851-9a14-621a669591d6\", \"type\": \"item\", \"value\": 2}], \"item_types\": [{\"id\": \"1c39806c-effb-4388-bfce-1cbf1caef28f\", \"type\": \"item\", \"value\": 1}]}}, {\"id\": \"7844da9e-4b23-4627-874c-7a1f665f80de\", \"type\": \"item\", \"value\": {\"image\": 2, \"model\": 1, \"title\": \"Area one mn1 #2\", \"finishings\": [{\"id\": \"3d7b5596-bb31-42c0-8edb-3b93a4b5ab7b\", \"type\": \"item\", \"value\": 1}, {\"id\": \"56c395ab-3034-4e82-9fcc-69e24a0f03fe\", \"type\": \"item\", \"value\": 2}, {\"id\": \"3a94d157-6e87-4e97-a464-bba4e7ca0357\", \"type\": \"item\", \"value\": 3}], \"item_types\": [{\"id\": \"1c39806c-effb-4388-bfce-1cbf1caef28f\", \"type\": \"item\", \"value\": 1}]}}, {\"id\": \"44644a43-c73b-49ee-97db-82efaf44f12d\", \"type\": \"item\", \"value\": {\"image\": 3, \"model\": 2, \"title\": \"Area one mn2\", \"finishings\": [{\"id\": \"3d7b5596-bb31-42c0-8edb-3b93a4b5ab7b\", \"type\": \"item\", \"value\": 1}, {\"id\": \"5127ca3d-667e-42e5-abda-20a8c3f6d116\", \"type\": \"item\", \"value\": 4}, {\"id\": \"f072ee25-e19a-4846-9c35-6740ade0117b\", \"type\": \"item\", \"value\": 5}, {\"id\": \"446f53e4-cb12-4a91-90b0-f755be141c43\", \"type\": \"item\", \"value\": 6}], \"item_types\": [{\"id\": \"1c39806c-effb-4388-bfce-1cbf1caef28f\", \"type\": \"item\", \"value\": 1}]}}, {\"id\": \"26030c30-fbb3-4f8c-a6bc-b5fcfb86b96e\", \"type\": \"item\", \"value\": {\"image\": 4, \"model\": 2, \"title\": \"Area one mn2 #2\", \"finishings\": [{\"id\": \"3d7b5596-bb31-42c0-8edb-3b93a4b5ab7b\", \"type\": \"item\", \"value\": 1}, {\"id\": \"ff064393-6544-41c8-9a4c-07471482ac05\", \"type\": \"item\", \"value\": 5}, {\"id\": \"42b8d73f-0f05-451b-a990-b13f74e0c1d1\", \"type\": \"item\", \"value\": 6}], \"item_types\": [{\"id\": \"1c39806c-effb-4388-bfce-1cbf1caef28f\", \"type\": \"item\", \"value\": 1}]}}]"
  }
},
{
  "model": "cms_site.collection",
  "pk": 5,
  "fields": {
    "description": "Con más de 20 años, Area es nuestra colección más longeva, nuestra ánima y nuestra personalidad. A lo largo de los años la hemos ido adaptando a nuevas necesidades, formas y estilos para proporcionar siempre piezas de última generación, con personalidad, llamativas y prácticas. Esta renovación actual de Area nos aporta colores, formas y tendencias sin perder la esencia de la colección. Gracias a la estrecha colaboración con Josep Turell, diseñador ya consagrado de Area, y Martí Nualart, el diseñador emergente, la respuesta es una colección indiscutiblemente interesante y a la vez atractiva y funcional.",
    "pdf": null,
    "items_list": "[{\"id\": \"2cdd3913-731f-4463-bf97-72e7af8a5de0\", \"type\": \"item\", \"value\": {\"image\": 1, \"model\": 4, \"title\": \"Area one mn1\", \"finishings\": [{\"id\": \"3d7b5596-bb31-42c0-8edb-3b93a4b5ab7b\", \"type\": \"item\", \"value\": 7}, {\"id\": \"1d79b82f-7d45-4851-9a14-621a669591d6\", \"type\": \"item\", \"value\": 8}], \"item_types\": [{\"id\": \"1c39806c-effb-4388-bfce-1cbf1caef28f\", \"type\": \"item\", \"value\": 3}]}}, {\"id\": \"7844da9e-4b23-4627-874c-7a1f665f80de\", \"type\": \"item\", \"value\": {\"image\": 2, \"model\": 4, \"title\": \"Area one mn1 #2\", \"finishings\": [{\"id\": \"3d7b5596-bb31-42c0-8edb-3b93a4b5ab7b\", \"type\": \"item\", \"value\": 7}, {\"id\": \"56c395ab-3034-4e82-9fcc-69e24a0f03fe\", \"type\": \"item\", \"value\": 8}, {\"id\": \"3a94d157-6e87-4e97-a464-bba4e7ca0357\", \"type\": \"item\", \"value\": 9}], \"item_types\": [{\"id\": \"1c39806c-effb-4388-bfce-1cbf1caef28f\", \"type\": \"item\", \"value\": 3}]}}, {\"id\": \"44644a43-c73b-49ee-97db-82efaf44f12d\", \"type\": \"item\", \"value\": {\"image\": 3, \"model\": 5, \"title\": \"Area one mn2\", \"finishings\": [{\"id\": \"3d7b5596-bb31-42c0-8edb-3b93a4b5ab7b\", \"type\": \"item\", \"value\": 7}, {\"id\": \"5127ca3d-667e-42e5-abda-20a8c3f6d116\", \"type\": \"item\", \"value\": 10}, {\"id\": \"f072ee25-e19a-4846-9c35-6740ade0117b\", \"type\": \"item\", \"value\": 11}, {\"id\": \"446f53e4-cb12-4a91-90b0-f755be141c43\", \"type\": \"item\", \"value\": 12}], \"item_types\": [{\"id\": \"1c39806c-effb-4388-bfce-1cbf1caef28f\", \"type\": \"item\", \"value\": 3}]}}, {\"id\": \"26030c30-fbb3-4f8c-a6bc-b5fcfb86b96e\", \"type\": \"item\", \"value\": {\"image\": 4, \"model\": 5, \"title\": \"Area one mn2 #2\", \"finishings\": [{\"id\": \"3d7b5596-bb31-42c0-8edb-3b93a4b5ab7b\", \"type\": \"item\", \"value\": 7}, {\"id\": \"ff064393-6544-41c8-9a4c-07471482ac05\", \"type\": \"item\", \"value\": 11}, {\"id\": \"42b8d73f-0f05-451b-a990-b13f74e0c1d1\", \"type\": \"item\", \"value\": 12}], \"item_types\": [{\"id\": \"1c39806c-effb-4388-bfce-1cbf1caef28f\", \"type\": \"item\", \"value\": 3}]}}]"
  }
},
{
  "model": "cms_site.collection",
  "pk": 6,
  "fields": {
    "description": "Nordic Collection és una col·lecció de mobles dissenyada per Martí Nualart i fabricada per Mobles Ciurans. La col·lecció Nordic s'ha dissenyat per adaptar-se a qualsevol espai interior. Amb un disseny minimalista i un aire fresc i natural, aquest programa de mobiliari proporciona solucions i supera les expectatives dels consumidors més exigents.",
    "pdf": null,
    "items_list": "[{\"id\": \"7075bcec-47df-44ec-8b43-13f352ba8187\", \"type\": \"item\", \"value\": {\"image\": 7, \"model\": 6, \"title\": \"Moble televisi\\u00f3 J\\u00f6rn i Bufet Sovik\", \"finishings\": [{\"id\": \"c4ca6e17-4382-4009-82a8-d68f33a27ead\", \"type\": \"item\", \"value\": 1}], \"item_types\": [{\"id\": \"ae0a9e4c-489a-404f-bf9b-e94a263eda83\", \"type\": \"item\", \"value\": 1}]}}, {\"id\": \"be23c3cf-9bb7-46f9-a5e4-b81ca3b9408a\", \"type\": \"item\", \"value\": {\"image\": 8, \"model\": 7, \"title\": \"Moble J\\u00f6rn, Dora i Brei\", \"finishings\": [{\"id\": \"c4ca6e17-4382-4009-82a8-d68f33a27ead\", \"type\": \"item\", \"value\": 2}], \"item_types\": [{\"id\": \"ae0a9e4c-489a-404f-bf9b-e94a263eda83\", \"type\": \"item\", \"value\": 1}]}}, {\"id\": \"f686b954-fd01-46be-8e2b-e92ab61f6b65\", \"type\": \"item\", \"value\": {\"image\": 9, \"model\": 9, \"title\": \"Buffet Sovik\", \"finishings\": [{\"id\": \"c4ca6e17-4382-4009-82a8-d68f33a27ead\", \"type\": \"item\", \"value\": 3}], \"item_types\": [{\"id\": \"ae0a9e4c-489a-404f-bf9b-e94a263eda83\", \"type\": \"item\", \"value\": 1}]}}, {\"id\": \"0ab2ec33-46f2-4927-85e3-5481188a7960\", \"type\": \"item\", \"value\": {\"image\": 10, \"model\": 10, \"title\": \"Llit Brevik\", \"finishings\": [{\"id\": \"c4ca6e17-4382-4009-82a8-d68f33a27ead\", \"type\": \"item\", \"value\": 4}], \"item_types\": [{\"id\": \"ae0a9e4c-489a-404f-bf9b-e94a263eda83\", \"type\": \"item\", \"value\": 2}]}}]"
  }
},
{
  "model": "cms_site.collection",
  "pk": 7,
  "fields": {
    "description": "Nordic Collection es una colección de muebles diseñada por Martí Nualart y fabricada por Mobles Ciurans La colección Nordic ha sido diseñada para adaptarse a cualquier espacio interior. Con un diseño minimalista y un aire fesco y natural, éste programa de mobiliario proporciona soluciones y supera las expectativas de los consumidores más exigentes.",
    "pdf": null,
    "items_list": "[{\"id\": \"7075bcec-47df-44ec-8b43-13f352ba8187\", \"type\": \"item\", \"value\": {\"image\": 7, \"model\": 11, \"title\": \"Mueble de televisi\\u00f3n J\\u00f6rn y buffet Sovik\", \"finishings\": [{\"id\": \"c4ca6e17-4382-4009-82a8-d68f33a27ead\", \"type\": \"item\", \"value\": 7}], \"item_types\": [{\"id\": \"ae0a9e4c-489a-404f-bf9b-e94a263eda83\", \"type\": \"item\", \"value\": 3}]}}, {\"id\": \"be23c3cf-9bb7-46f9-a5e4-b81ca3b9408a\", \"type\": \"item\", \"value\": {\"image\": 8, \"model\": 12, \"title\": \"Mueble J\\u00f6rn, Dora y Brei\", \"finishings\": [{\"id\": \"c4ca6e17-4382-4009-82a8-d68f33a27ead\", \"type\": \"item\", \"value\": 8}], \"item_types\": [{\"id\": \"ae0a9e4c-489a-404f-bf9b-e94a263eda83\", \"type\": \"item\", \"value\": 3}]}}, {\"id\": \"f686b954-fd01-46be-8e2b-e92ab61f6b65\", \"type\": \"item\", \"value\": {\"image\": 9, \"model\": 13, \"title\": \"Buffet Sovik\", \"finishings\": [{\"id\": \"c4ca6e17-4382-4009-82a8-d68f33a27ead\", \"type\": \"item\", \"value\": 9}], \"item_types\": [{\"id\": \"ae0a9e4c-489a-404f-bf9b-e94a263eda83\", \"type\": \"item\", \"value\": 3}]}}, {\"id\": \"0ab2ec33-46f2-4927-85e3-5481188a7960\", \"type\": \"item\", \"value\": {\"image\": 10, \"model\": 14, \"title\": \"Cama Brevik\", \"finishings\": [{\"id\": \"c4ca6e17-4382-4009-82a8-d68f33a27ead\", \"type\": \"item\", \"value\": 10}], \"item_types\": [{\"id\": \"ae0a9e4c-489a-404f-bf9b-e94a263eda83\", \"type\": \"item\", \"value\": 4}]}}]"
  }
},
{
  "model": "cms_site.homepage",
  "pk": 2,
  "fields": {
    "overlay_title": "",
    "overlay_body": "",
    "overlay_button_text": "",
    "overlay_button_page": null,
    "overlay_image": null,
    "collection_1_title": "",
    "collection_1_image": null,
    "collection_1_page": null,
    "collection_2_title": "",
    "collection_2_image": null,
    "collection_2_page": null,
    "collection_3_title": "",
    "collection_3_image": null,
    "collection_3_page": null,
    "custom_projects_title": "",
    "custom_projects_image": null,
    "custom_projects_page": null,
    "display_instagram_feed": true,
    "display_header_highlight": true
  }
},
{
  "model": "cms_site.homepage",
  "pk": 4,
  "fields": {
    "overlay_title": "",
    "overlay_body": "",
    "overlay_button_text": "",
    "overlay_button_page": null,
    "overlay_image": null,
    "collection_1_title": "",
    "collection_1_image": null,
    "collection_1_page": null,
    "collection_2_title": "",
    "collection_2_image": null,
    "collection_2_page": null,
    "collection_3_title": "",
    "collection_3_image": null,
    "collection_3_page": null,
    "custom_projects_title": "",
    "custom_projects_image": null,
    "custom_projects_page": null,
    "display_instagram_feed": true,
    "display_header_highlight": true
  }
}
]
